id,row_kind,canonical_path,owner_work_package,related_work_packages,final_consumer,apply_timing,required_verification,dependencies,current_gap,research_status,platform_scope,original_type,original_default,source_file,source_symbol,source_commit
FLD-CFG-001,internal,IndexId,SD-03,SD-04/06/17,application默认节点/启动决策读取canonical IndexId；backup ID remap与activation；非表格focus或applied_target_id,save（冻结台账；保存成功与实际应用阶段分开）,正式入口→真实Rust提交→JSON/SQLite一致修订→退出重开；选B启动/停机重开/原版ZIP与native ZIP导入后仍指B；真实backup_service B→A反例回归,SD-01/02; 节点四身份合同; SD-17,active_index_id and canonical IndexId diverge; upstream ZIP activation uses IndexId；active_index_id元数据与canonical IndexId已确认不一致；不得依靠UI回写修复；本行尚未完成逐字段正式入口/最终效果验收,无需新架构研究；尚需正式链路验证,all,string,null,v2rayN/ServiceLib/Models/Configs/Config.cs,Config.IndexId,7d6a967c18c697f28dc6917122ed3a4993fcf336
FLD-CFG-002,internal,SubIndexId,SD-03,SD-06/17,application当前订阅组canonical SubIndexId；profiles读取统一snapshot；backup导入remap,save（冻结台账；保存成功与实际应用阶段分开）,正式入口→真实Rust提交→JSON/SQLite一致修订→退出重开；多组选择/删除选中组/导入重编号/重开仍选正确组；空组与不存在ID冻结回退,SD-01/02; 订阅事务/ID remap; SD-17,SubIndexId is retained/import-remapped; selected group currently uses another UI state source; full group roundtrip not verified；本行尚未完成逐字段正式入口/最终效果验收,无需新架构研究；尚需正式链路验证,all,string,null,v2rayN/ServiceLib/Models/Configs/Config.cs,Config.SubIndexId,7d6a967c18c697f28dc6917122ed3a4993fcf336
FLD-CFG-003,container,CoreBasicItem,SD-01,SD-02/04,严格raw文档组校验/保留；typed view供该组叶子消费者；容器本身没有新增用户功能,save（冻结台账；保存成功与实际应用阶段分开）,该组missing/null/empty/bad type/未知键保留；组patch不覆盖其它组；子字段按各自ID验收,逐ID冻结schema/default/nullable; SD-02可恢复提交,container retained/persisted; child rows define actual effects; save-and-apply cross-cutting issues CP-SET-01/02/03 apply；容器只计台账覆盖，不计一项真实开关；整树unwrap_or_default必须移除；本行尚未完成逐字段正式入口/最终效果验收,无需新架构研究；尚需正式链路验证,all,object,null,v2rayN/ServiceLib/Models/Configs/Config.cs,Config.CoreBasicItem,7d6a967c18c697f28dc6917122ed3a4993fcf336
FLD-CFG-004,container,TunModeItem,SD-01,SD-02/04,严格raw文档组校验/保留；typed view供该组叶子消费者；容器本身没有新增用户功能,save（冻结台账；保存成功与实际应用阶段分开）,该组missing/null/empty/bad type/未知键保留；组patch不覆盖其它组；子字段按各自ID验收,逐ID冻结schema/default/nullable; SD-02可恢复提交,container retained/persisted; child rows define actual effects; save-and-apply cross-cutting issues CP-SET-01/02/03 apply；容器只计台账覆盖，不计一项真实开关；整树unwrap_or_default必须移除；本行尚未完成逐字段正式入口/最终效果验收,无需新架构研究；尚需正式链路验证,all,object,null,v2rayN/ServiceLib/Models/Configs/Config.cs,Config.TunModeItem,7d6a967c18c697f28dc6917122ed3a4993fcf336
FLD-CFG-005,container,KcpItem,SD-01,SD-02/04,严格raw文档组校验/保留；typed view供该组叶子消费者；容器本身没有新增用户功能,save（冻结台账；保存成功与实际应用阶段分开）,该组missing/null/empty/bad type/未知键保留；组patch不覆盖其它组；子字段按各自ID验收,逐ID冻结schema/default/nullable; SD-02可恢复提交,container retained/persisted; child rows define actual effects; save-and-apply cross-cutting issues CP-SET-01/02/03 apply；容器只计台账覆盖，不计一项真实开关；整树unwrap_or_default必须移除；本行尚未完成逐字段正式入口/最终效果验收,无需新架构研究；尚需正式链路验证,all,object,null,v2rayN/ServiceLib/Models/Configs/Config.cs,Config.KcpItem,7d6a967c18c697f28dc6917122ed3a4993fcf336
FLD-CFG-006,container,GrpcItem,SD-01,SD-02/04,严格raw文档组校验/保留；typed view供该组叶子消费者；容器本身没有新增用户功能,save（冻结台账；保存成功与实际应用阶段分开）,该组missing/null/empty/bad type/未知键保留；组patch不覆盖其它组；子字段按各自ID验收,逐ID冻结schema/default/nullable; SD-02可恢复提交,container retained/persisted; child rows define actual effects; save-and-apply cross-cutting issues CP-SET-01/02/03 apply；容器只计台账覆盖，不计一项真实开关；整树unwrap_or_default必须移除；本行尚未完成逐字段正式入口/最终效果验收,无需新架构研究；尚需正式链路验证,all,object,null,v2rayN/ServiceLib/Models/Configs/Config.cs,Config.GrpcItem,7d6a967c18c697f28dc6917122ed3a4993fcf336
FLD-CFG-007,container,RoutingBasicItem,SD-01,SD-02/04,严格raw文档组校验/保留；typed view供该组叶子消费者；容器本身没有新增用户功能,save（冻结台账；保存成功与实际应用阶段分开）,该组missing/null/empty/bad type/未知键保留；组patch不覆盖其它组；子字段按各自ID验收,逐ID冻结schema/default/nullable; SD-02可恢复提交,container retained/persisted; child rows define actual effects; save-and-apply cross-cutting issues CP-SET-01/02/03 apply；容器只计台账覆盖，不计一项真实开关；整树unwrap_or_default必须移除；本行尚未完成逐字段正式入口/最终效果验收,无需新架构研究；尚需正式链路验证,all,object,null,v2rayN/ServiceLib/Models/Configs/Config.cs,Config.RoutingBasicItem,7d6a967c18c697f28dc6917122ed3a4993fcf336
FLD-CFG-008,container,GuiItem,SD-01,SD-02/04,严格raw文档组校验/保留；typed view供该组叶子消费者；容器本身没有新增用户功能,save（冻结台账；保存成功与实际应用阶段分开）,该组missing/null/empty/bad type/未知键保留；组patch不覆盖其它组；子字段按各自ID验收,逐ID冻结schema/default/nullable; SD-02可恢复提交,container retained/persisted; child rows define actual effects; save-and-apply cross-cutting issues CP-SET-01/02/03 apply；容器只计台账覆盖，不计一项真实开关；整树unwrap_or_default必须移除；本行尚未完成逐字段正式入口/最终效果验收,无需新架构研究；尚需正式链路验证,all,object,null,v2rayN/ServiceLib/Models/Configs/Config.cs,Config.GuiItem,7d6a967c18c697f28dc6917122ed3a4993fcf336
FLD-CFG-009,container,MsgUIItem,SD-01,SD-02/04,严格raw文档组校验/保留；typed view供该组叶子消费者；容器本身没有新增用户功能,save（冻结台账；保存成功与实际应用阶段分开）,该组missing/null/empty/bad type/未知键保留；组patch不覆盖其它组；子字段按各自ID验收,逐ID冻结schema/default/nullable; SD-02可恢复提交,container retained/persisted; child rows define actual effects; save-and-apply cross-cutting issues CP-SET-01/02/03 apply；容器只计台账覆盖，不计一项真实开关；整树unwrap_or_default必须移除；本行尚未完成逐字段正式入口/最终效果验收,无需新架构研究；尚需正式链路验证,all,object,null,v2rayN/ServiceLib/Models/Configs/Config.cs,Config.MsgUIItem,7d6a967c18c697f28dc6917122ed3a4993fcf336
FLD-CFG-010,container,UiItem,SD-01,SD-02/04,严格raw文档组校验/保留；typed view供该组叶子消费者；容器本身没有新增用户功能,save（冻结台账；保存成功与实际应用阶段分开）,该组missing/null/empty/bad type/未知键保留；组patch不覆盖其它组；子字段按各自ID验收,逐ID冻结schema/default/nullable; SD-02可恢复提交,container retained/persisted; child rows define actual effects; save-and-apply cross-cutting issues CP-SET-01/02/03 apply；容器只计台账覆盖，不计一项真实开关；整树unwrap_or_default必须移除；本行尚未完成逐字段正式入口/最终效果验收,无需新架构研究；尚需正式链路验证,all,object,null,v2rayN/ServiceLib/Models/Configs/Config.cs,Config.UiItem,7d6a967c18c697f28dc6917122ed3a4993fcf336
FLD-CFG-011,container,ConstItem,SD-01,SD-02/04,严格raw文档组校验/保留；typed view供该组叶子消费者；容器本身没有新增用户功能,save（冻结台账；保存成功与实际应用阶段分开）,该组missing/null/empty/bad type/未知键保留；组patch不覆盖其它组；子字段按各自ID验收,逐ID冻结schema/default/nullable; SD-02可恢复提交,container retained/persisted; child rows define actual effects; save-and-apply cross-cutting issues CP-SET-01/02/03 apply；容器只计台账覆盖，不计一项真实开关；整树unwrap_or_default必须移除；本行尚未完成逐字段正式入口/最终效果验收,无需新架构研究；尚需正式链路验证,all,object,null,v2rayN/ServiceLib/Models/Configs/Config.cs,Config.ConstItem,7d6a967c18c697f28dc6917122ed3a4993fcf336
FLD-CFG-012,container,SpeedTestItem,SD-01,SD-02/04,严格raw文档组校验/保留；typed view供该组叶子消费者；容器本身没有新增用户功能,save（冻结台账；保存成功与实际应用阶段分开）,该组missing/null/empty/bad type/未知键保留；组patch不覆盖其它组；子字段按各自ID验收,逐ID冻结schema/default/nullable; SD-02可恢复提交,container retained/persisted; child rows define actual effects; save-and-apply cross-cutting issues CP-SET-01/02/03 apply；容器只计台账覆盖，不计一项真实开关；整树unwrap_or_default必须移除；本行尚未完成逐字段正式入口/最终效果验收,无需新架构研究；尚需正式链路验证,all,object,null,v2rayN/ServiceLib/Models/Configs/Config.cs,Config.SpeedTestItem,7d6a967c18c697f28dc6917122ed3a4993fcf336
FLD-CFG-013,container,Mux4RayItem,SD-01,SD-02/04,严格raw文档组校验/保留；typed view供该组叶子消费者；容器本身没有新增用户功能,save（冻结台账；保存成功与实际应用阶段分开）,该组missing/null/empty/bad type/未知键保留；组patch不覆盖其它组；子字段按各自ID验收,逐ID冻结schema/default/nullable; SD-02可恢复提交,container retained/persisted; child rows define actual effects; save-and-apply cross-cutting issues CP-SET-01/02/03 apply；容器只计台账覆盖，不计一项真实开关；整树unwrap_or_default必须移除；本行尚未完成逐字段正式入口/最终效果验收,无需新架构研究；尚需正式链路验证,all,object,null,v2rayN/ServiceLib/Models/Configs/Config.cs,Config.Mux4RayItem,7d6a967c18c697f28dc6917122ed3a4993fcf336
FLD-CFG-014,container,Mux4SboxItem,SD-01,SD-02/04,严格raw文档组校验/保留；typed view供该组叶子消费者；容器本身没有新增用户功能,save（冻结台账；保存成功与实际应用阶段分开）,该组missing/null/empty/bad type/未知键保留；组patch不覆盖其它组；子字段按各自ID验收,逐ID冻结schema/default/nullable; SD-02可恢复提交,container retained/persisted; child rows define actual effects; save-and-apply cross-cutting issues CP-SET-01/02/03 apply；容器只计台账覆盖，不计一项真实开关；整树unwrap_or_default必须移除；本行尚未完成逐字段正式入口/最终效果验收,无需新架构研究；尚需正式链路验证,all,object,null,v2rayN/ServiceLib/Models/Configs/Config.cs,Config.Mux4SboxItem,7d6a967c18c697f28dc6917122ed3a4993fcf336
FLD-CFG-015,container,HysteriaItem,SD-01,SD-02/04,严格raw文档组校验/保留；typed view供该组叶子消费者；容器本身没有新增用户功能,save（冻结台账；保存成功与实际应用阶段分开）,该组missing/null/empty/bad type/未知键保留；组patch不覆盖其它组；子字段按各自ID验收,逐ID冻结schema/default/nullable; SD-02可恢复提交,container retained/persisted; child rows define actual effects; save-and-apply cross-cutting issues CP-SET-01/02/03 apply；容器只计台账覆盖，不计一项真实开关；整树unwrap_or_default必须移除；本行尚未完成逐字段正式入口/最终效果验收,无需新架构研究；尚需正式链路验证,all,object,null,v2rayN/ServiceLib/Models/Configs/Config.cs,Config.HysteriaItem,7d6a967c18c697f28dc6917122ed3a4993fcf336
FLD-CFG-016,container,ClashUIItem,SD-01,SD-02/04,严格raw文档组校验/保留；typed view供该组叶子消费者；容器本身没有新增用户功能,save（冻结台账；保存成功与实际应用阶段分开）,该组missing/null/empty/bad type/未知键保留；组patch不覆盖其它组；子字段按各自ID验收,逐ID冻结schema/default/nullable; SD-02可恢复提交,container retained/persisted; child rows define actual effects; save-and-apply cross-cutting issues CP-SET-01/02/03 apply；容器只计台账覆盖，不计一项真实开关；整树unwrap_or_default必须移除；本行尚未完成逐字段正式入口/最终效果验收,无需新架构研究；尚需正式链路验证,all,object,null,v2rayN/ServiceLib/Models/Configs/Config.cs,Config.ClashUIItem,7d6a967c18c697f28dc6917122ed3a4993fcf336
FLD-CFG-017,container,SystemProxyItem,SD-01,SD-02/04,严格raw文档组校验/保留；typed view供该组叶子消费者；容器本身没有新增用户功能,save（冻结台账；保存成功与实际应用阶段分开）,该组missing/null/empty/bad type/未知键保留；组patch不覆盖其它组；子字段按各自ID验收,逐ID冻结schema/default/nullable; SD-02可恢复提交,container retained/persisted; child rows define actual effects; save-and-apply cross-cutting issues CP-SET-01/02/03 apply；容器只计台账覆盖，不计一项真实开关；整树unwrap_or_default必须移除；本行尚未完成逐字段正式入口/最终效果验收,无需新架构研究；尚需正式链路验证,all,object,null,v2rayN/ServiceLib/Models/Configs/Config.cs,Config.SystemProxyItem,7d6a967c18c697f28dc6917122ed3a4993fcf336
FLD-CFG-018,container,WebDavItem,SD-01,SD-02/04,严格raw文档组校验/保留；typed view供该组叶子消费者；容器本身没有新增用户功能,save（冻结台账；保存成功与实际应用阶段分开）,该组missing/null/empty/bad type/未知键保留；组patch不覆盖其它组；子字段按各自ID验收,逐ID冻结schema/default/nullable; SD-02可恢复提交,container retained/persisted; child rows define actual effects; save-and-apply cross-cutting issues CP-SET-01/02/03 apply；容器只计台账覆盖，不计一项真实开关；整树unwrap_or_default必须移除；本行尚未完成逐字段正式入口/最终效果验收,无需新架构研究；尚需正式链路验证,all,object,null,v2rayN/ServiceLib/Models/Configs/Config.cs,Config.WebDavItem,7d6a967c18c697f28dc6917122ed3a4993fcf336
FLD-CFG-019,container,CheckUpdateItem,SD-01,SD-02/04,严格raw文档组校验/保留；typed view供该组叶子消费者；容器本身没有新增用户功能,save（冻结台账；保存成功与实际应用阶段分开）,该组missing/null/empty/bad type/未知键保留；组patch不覆盖其它组；子字段按各自ID验收,逐ID冻结schema/default/nullable; SD-02可恢复提交,container retained/persisted; child rows define actual effects; save-and-apply cross-cutting issues CP-SET-01/02/03 apply；容器只计台账覆盖，不计一项真实开关；整树unwrap_or_default必须移除；本行尚未完成逐字段正式入口/最终效果验收,无需新架构研究；尚需正式链路验证,all,object,null,v2rayN/ServiceLib/Models/Configs/Config.cs,Config.CheckUpdateItem,7d6a967c18c697f28dc6917122ed3a4993fcf336
FLD-CFG-020,container,Fragment4RayItem,SD-01,SD-02/04,严格raw文档组校验/保留；typed view供该组叶子消费者；容器本身没有新增用户功能,save（冻结台账；保存成功与实际应用阶段分开）,该组missing/null/empty/bad type/未知键保留；组patch不覆盖其它组；子字段按各自ID验收,逐ID冻结schema/default/nullable; SD-02可恢复提交,container retained/persisted; child rows define actual effects; save-and-apply cross-cutting issues CP-SET-01/02/03 apply；容器只计台账覆盖，不计一项真实开关；整树unwrap_or_default必须移除；本行尚未完成逐字段正式入口/最终效果验收,无需新架构研究；尚需正式链路验证,all,object,null,v2rayN/ServiceLib/Models/Configs/Config.cs,Config.Fragment4RayItem,7d6a967c18c697f28dc6917122ed3a4993fcf336
FLD-CFG-021,container,Inbound,SD-01,SD-02/04,严格raw文档组校验/保留；typed view供该组叶子消费者；容器本身没有新增用户功能,save（冻结台账；保存成功与实际应用阶段分开）,该组missing/null/empty/bad type/未知键保留；组patch不覆盖其它组；子字段按各自ID验收,逐ID冻结schema/default/nullable; SD-02可恢复提交,container retained/persisted; child rows define actual effects; save-and-apply cross-cutting issues CP-SET-01/02/03 apply；容器只计台账覆盖，不计一项真实开关；整树unwrap_or_default必须移除；本行尚未完成逐字段正式入口/最终效果验收,无需新架构研究；尚需正式链路验证,all,list<InItem>,null,v2rayN/ServiceLib/Models/Configs/Config.cs,Config.Inbound,7d6a967c18c697f28dc6917122ed3a4993fcf336
FLD-CFG-022,container,GlobalHotkeys,SD-01,SD-02/04,严格raw文档组校验/保留；typed view供该组叶子消费者；容器本身没有新增用户功能,save（冻结台账；保存成功与实际应用阶段分开）,该组missing/null/empty/bad type/未知键保留；组patch不覆盖其它组；子字段按各自ID验收,逐ID冻结schema/default/nullable; SD-02可恢复提交,container retained/persisted; child rows define actual effects; save-and-apply cross-cutting issues CP-SET-01/02/03 apply；容器只计台账覆盖，不计一项真实开关；整树unwrap_or_default必须移除；本行尚未完成逐字段正式入口/最终效果验收,无需新架构研究；尚需正式链路验证,all,list<KeyEventItem>,null,v2rayN/ServiceLib/Models/Configs/Config.cs,Config.GlobalHotkeys,7d6a967c18c697f28dc6917122ed3a4993fcf336
FLD-CFG-023,container,CoreTypeItem,SD-01,SD-02/04,严格raw文档组校验/保留；typed view供该组叶子消费者；容器本身没有新增用户功能,save（冻结台账；保存成功与实际应用阶段分开）,该组missing/null/empty/bad type/未知键保留；组patch不覆盖其它组；子字段按各自ID验收,逐ID冻结schema/default/nullable; SD-02可恢复提交,container retained/persisted; child rows define actual effects; save-and-apply cross-cutting issues CP-SET-01/02/03 apply；容器只计台账覆盖，不计一项真实开关；整树unwrap_or_default必须移除；本行尚未完成逐字段正式入口/最终效果验收,无需新架构研究；尚需正式链路验证,all,list<CoreTypeItem>,null,v2rayN/ServiceLib/Models/Configs/Config.cs,Config.CoreTypeItem,7d6a967c18c697f28dc6917122ed3a4993fcf336
FLD-CFG-024,container,SimpleDNSItem,SD-01,SD-02/04,严格raw文档组校验/保留；typed view供该组叶子消费者；容器本身没有新增用户功能,save（冻结台账；保存成功与实际应用阶段分开）,该组missing/null/empty/bad type/未知键保留；组patch不覆盖其它组；子字段按各自ID验收,逐ID冻结schema/default/nullable; SD-02可恢复提交,container retained/persisted; child rows define actual effects; save-and-apply cross-cutting issues CP-SET-01/02/03 apply；容器只计台账覆盖，不计一项真实开关；整树unwrap_or_default必须移除；本行尚未完成逐字段正式入口/最终效果验收,无需新架构研究；尚需正式链路验证,all,object,null,v2rayN/ServiceLib/Models/Configs/Config.cs,Config.SimpleDNSItem,7d6a967c18c697f28dc6917122ed3a4993fcf336
FLD-CFG-025,container,HappyEyeballs4RayItem,SD-01,SD-02/04,严格raw文档组校验/保留；typed view供该组叶子消费者；容器本身没有新增用户功能,save（冻结台账；保存成功与实际应用阶段分开）,该组missing/null/empty/bad type/未知键保留；组patch不覆盖其它组；子字段按各自ID验收,逐ID冻结schema/default/nullable; SD-02可恢复提交,container retained/persisted; child rows define actual effects; save-and-apply cross-cutting issues CP-SET-01/02/03 apply；容器只计台账覆盖，不计一项真实开关；整树unwrap_or_default必须移除；本行尚未完成逐字段正式入口/最终效果验收,无需新架构研究；尚需正式链路验证,all,object,null,v2rayN/ServiceLib/Models/Configs/Config.cs,Config.HappyEyeballs4RayItem,7d6a967c18c697f28dc6917122ed3a4993fcf336
FLD-CFG-026,leaf,CoreBasicItem.LogEnabled,SD-07,,application::settings_to_codegen→core log启停,restart_core（冻结台账；保存成功与实际应用阶段分开）,正式入口→真实Rust提交→JSON/SQLite一致修订→退出重开；同revision正式runtime plan→对应core配置校验/真实会话；保存/字段赋值不算效果验证；CoreBasic.LogEnabled关/开：真实core log文件及level行为；不等同应用EnableLog,SD-01/02/04; 主方案正式窗口与命令队列,production consumer traced statically; no complete UI->Rust->persist->reopen->actual-effect acceptance in this audit；本行尚未完成逐字段正式入口/最终效果验收,无需新架构研究；尚需正式链路验证,all,bool,false,v2rayN/ServiceLib/Models/Configs/ConfigItems.cs,CoreBasicItem.LogEnabled,7d6a967c18c697f28dc6917122ed3a4993fcf336
FLD-CFG-027,leaf,CoreBasicItem.Loglevel,SD-07,,application::settings_to_codegen→xray/sing-box/core log.level,restart_core（冻结台账；保存成功与实际应用阶段分开）,正式入口→真实Rust提交→JSON/SQLite一致修订→退出重开；同revision正式runtime plan→对应core配置校验/真实会话；保存/字段赋值不算效果验证；各合法level、错误enum与关闭log组合；真实core日志级别,SD-01/02/04; 主方案正式窗口与命令队列,production consumer traced statically; no complete UI->Rust->persist->reopen->actual-effect acceptance in this audit；本行尚未完成逐字段正式入口/最终效果验收,无需新架构研究；尚需正式链路验证,all,string,"""warning""",v2rayN/ServiceLib/Models/Configs/ConfigItems.cs,CoreBasicItem.Loglevel,7d6a967c18c697f28dc6917122ed3a4993fcf336
FLD-CFG-028,leaf,CoreBasicItem.DefFingerprint,SD-07,,outbound TLS/reality默认fingerprint回退；节点显式值按冻结优先级,restart_core（冻结台账；保存成功与实际应用阶段分开）,正式入口→真实Rust提交→JSON/SQLite一致修订→退出重开；同revision正式runtime plan→对应core配置校验/真实会话；保存/字段赋值不算效果验证；默认/节点显式值/不支持core组合输出和真实握手，未知值按冻结处理,SD-01/02/04; 主方案正式窗口与命令队列,production consumer traced statically; no complete UI->Rust->persist->reopen->actual-effect acceptance in this audit；本行尚未完成逐字段正式入口/最终效果验收,无需新架构研究；尚需正式链路验证,all,string,null,v2rayN/ServiceLib/Models/Configs/ConfigItems.cs,CoreBasicItem.DefFingerprint,7d6a967c18c697f28dc6917122ed3a4993fcf336
FLD-CFG-029,leaf,CoreBasicItem.DefUserAgent,SD-07,,outbound HTTP/WS等默认User-Agent/header生成，节点显式header优先,restart_core（冻结台账；保存成功与实际应用阶段分开）,正式入口→真实Rust提交→JSON/SQLite一致修订→退出重开；同revision正式runtime plan→对应core配置校验/真实会话；保存/字段赋值不算效果验证；空/自定义/节点覆盖，多transport真实请求header；凭据不入证据,SD-01/02/04; 主方案正式窗口与命令队列,production consumer traced statically; no complete UI->Rust->persist->reopen->actual-effect acceptance in this audit；本行尚未完成逐字段正式入口/最终效果验收,无需新架构研究；尚需正式链路验证,all,string,null,v2rayN/ServiceLib/Models/Configs/ConfigItems.cs,CoreBasicItem.DefUserAgent,7d6a967c18c697f28dc6917122ed3a4993fcf336
FLD-CFG-030,leaf,CoreBasicItem.SendThrough,SD-07,,xray outbound.sendThrough等适用core出站绑定,restart_core（冻结台账；保存成功与实际应用阶段分开）,正式入口→真实Rust提交→JSON/SQLite一致修订→退出重开；同revision正式runtime plan→对应core配置校验/真实会话；保存/字段赋值不算效果验证；合成可用/不可用本地地址、空值回退；失败不宣称已应用,SD-01/02/04; 主方案正式窗口与命令队列,production consumer traced statically; no complete UI->Rust->persist->reopen->actual-effect acceptance in this audit；本行尚未完成逐字段正式入口/最终效果验收,无需新架构研究；尚需正式链路验证,all,string,null,v2rayN/ServiceLib/Models/Configs/ConfigItems.cs,CoreBasicItem.SendThrough,7d6a967c18c697f28dc6917122ed3a4993fcf336
FLD-CFG-031,leaf,CoreBasicItem.BindInterface,SD-07,,sing-box outbound bind_interface等平台适用出站接口绑定,restart_core（冻结台账；保存成功与实际应用阶段分开）,正式入口→真实Rust提交→JSON/SQLite一致修订→退出重开；同revision正式runtime plan→对应core配置校验/真实会话；保存/字段赋值不算效果验证；实际接口选择与不存在接口错误；按core能力判定非适用,SD-01/02/04; 主方案正式窗口与命令队列,production consumer traced statically; no complete UI->Rust->persist->reopen->actual-effect acceptance in this audit；本行尚未完成逐字段正式入口/最终效果验收,无需新架构研究；尚需正式链路验证,all,string,null,v2rayN/ServiceLib/Models/Configs/ConfigItems.cs,CoreBasicItem.BindInterface,7d6a967c18c697f28dc6917122ed3a4993fcf336
FLD-CFG-032,leaf,CoreBasicItem.EnableFragment,SD-07,SD-09,xray/sing-box适用fragment outbound与proxy routing生成,restart_core（冻结台账；保存成功与实际应用阶段分开）,正式入口→真实Rust提交→JSON/SQLite一致修订→退出重开；同revision正式runtime plan→对应core配置校验/真实会话；保存/字段赋值不算效果验证；开/关/节点显式组合、正式core校验与实际target；SD-09合法参数,SD-01/02/04; 主方案正式窗口与命令队列,production consumer traced statically; no complete UI->Rust->persist->reopen->actual-effect acceptance in this audit；本行尚未完成逐字段正式入口/最终效果验收,无需新架构研究；尚需正式链路验证,all,bool,false,v2rayN/ServiceLib/Models/Configs/ConfigItems.cs,CoreBasicItem.EnableFragment,7d6a967c18c697f28dc6917122ed3a4993fcf336
FLD-CFG-033,leaf,CoreBasicItem.EnableFinalFragment,SD-07,SD-09,适用core final fragment路径及路由收尾生成,restart_core（冻结台账；保存成功与实际应用阶段分开）,正式入口→真实Rust提交→JSON/SQLite一致修订→退出重开；同revision正式runtime plan→对应core配置校验/真实会话；保存/字段赋值不算效果验证；EnableFragment×EnableFinalFragment×TLS场景真值组合；保留冻结覆盖顺序,SD-01/02/04; 主方案正式窗口与命令队列,production consumer traced statically; no complete UI->Rust->persist->reopen->actual-effect acceptance in this audit；本行尚未完成逐字段正式入口/最终效果验收,无需新架构研究；尚需正式链路验证,all,bool,false,v2rayN/ServiceLib/Models/Configs/ConfigItems.cs,CoreBasicItem.EnableFinalFragment,7d6a967c18c697f28dc6917122ed3a4993fcf336
FLD-CFG-034,leaf,CoreBasicItem.EnableCacheFile4Sbox,SD-07,,sing-box experimental cache_file.enabled及受控data路径,restart_core（冻结台账；保存成功与实际应用阶段分开）,正式入口→真实Rust提交→JSON/SQLite一致修订→退出重开；同revision正式runtime plan→对应core配置校验/真实会话；保存/字段赋值不算效果验证；开/关真实cache file创建/重开行为；不把旧缓存存在当本次启用事实,SD-01/02/04; 主方案正式窗口与命令队列,production consumer traced statically; no complete UI->Rust->persist->reopen->actual-effect acceptance in this audit；本行尚未完成逐字段正式入口/最终效果验收,无需新架构研究；尚需正式链路验证,all,bool,true,v2rayN/ServiceLib/Models/Configs/ConfigItems.cs,CoreBasicItem.EnableCacheFile4Sbox,7d6a967c18c697f28dc6917122ed3a4993fcf336
FLD-CFG-035,leaf,Inbound[0].LocalPort,SD-07,SD-05,inbound socks/http/mixed实际listen端口；runtime ready与平台actual endpoint,restart_core（冻结台账；保存成功与实际应用阶段分开）,正式入口→真实Rust提交→JSON/SQLite一致修订→退出重开；同revision正式runtime plan→对应core配置校验/真实会话；保存/字段赋值不算效果验证；范围1..65535与双端口偏移；安全≥11808探测后监听/端口占用回滚,SD-01/02/04; 主方案正式窗口与命令队列,production consumer traced statically; no complete UI->Rust->persist->reopen->actual-effect acceptance in this audit；本行尚未完成逐字段正式入口/最终效果验收,无需新架构研究；尚需正式链路验证,all,int,10808,v2rayN/ServiceLib/Models/Configs/ConfigItems.cs,InItem.LocalPort,7d6a967c18c697f28dc6917122ed3a4993fcf336
FLD-CFG-036,leaf,Inbound[0].Protocol,SD-07,,各core inbound protocol/type及端口偏移选择,restart_core（冻结台账；保存成功与实际应用阶段分开）,正式入口→真实Rust提交→JSON/SQLite一致修订→退出重开；同revision正式runtime plan→对应core配置校验/真实会话；保存/字段赋值不算效果验证；冻结内部协议合法值、混合/分开入站；真实socks与HTTP请求；不是新协议开关,SD-01/02/04; 主方案正式窗口与命令队列,production consumer traced statically; no complete UI->Rust->persist->reopen->actual-effect acceptance in this audit；本行尚未完成逐字段正式入口/最终效果验收,无需新架构研究；尚需正式链路验证,all,string,"""socks""",v2rayN/ServiceLib/Models/Configs/ConfigItems.cs,InItem.Protocol,7d6a967c18c697f28dc6917122ed3a4993fcf336
FLD-CFG-037,leaf,Inbound[0].UdpEnabled,SD-07,,inbound UDP能力与实际代理UDP session,restart_core（冻结台账；保存成功与实际应用阶段分开）,正式入口→真实Rust提交→JSON/SQLite一致修订→退出重开；同revision正式runtime plan→对应core配置校验/真实会话；保存/字段赋值不算效果验证；开关在支持core生效；合成UDP往返/拒绝/关闭，TCP不受损,SD-01/02/04; 主方案正式窗口与命令队列,production consumer traced statically; no complete UI->Rust->persist->reopen->actual-effect acceptance in this audit；本行尚未完成逐字段正式入口/最终效果验收,无需新架构研究；尚需正式链路验证,all,bool,true,v2rayN/ServiceLib/Models/Configs/ConfigItems.cs,InItem.UdpEnabled,7d6a967c18c697f28dc6917122ed3a4993fcf336
FLD-CFG-038,leaf,Inbound[0].SniffingEnabled,SD-07,,xray sniffing.enabled / sing-box inbound或route sniff动作,restart_core（冻结台账；保存成功与实际应用阶段分开）,正式入口→真实Rust提交→JSON/SQLite一致修订→退出重开；同revision正式runtime plan→对应core配置校验/真实会话；保存/字段赋值不算效果验证；sniff开关×routeOnly×destOverride配置及合成DNS/HTTP/SNI实际路由,SD-01/02/04; 主方案正式窗口与命令队列,production consumer traced statically; no complete UI->Rust->persist->reopen->actual-effect acceptance in this audit；本行尚未完成逐字段正式入口/最终效果验收,无需新架构研究；尚需正式链路验证,all,bool,true,v2rayN/ServiceLib/Models/Configs/ConfigItems.cs,InItem.SniffingEnabled,7d6a967c18c697f28dc6917122ed3a4993fcf336
FLD-CFG-039,leaf,Inbound[0].DestOverride,SD-07,,xray sniffing.destOverride等适用core列表,restart_core（冻结台账；保存成功与实际应用阶段分开）,正式入口→真实Rust提交→JSON/SQLite一致修订→退出重开；同revision正式runtime plan→对应core配置校验/真实会话；保存/字段赋值不算效果验证；冻结列表顺序/未知项策略；实际协议识别不只序列化,SD-01/02/04; 主方案正式窗口与命令队列,production consumer traced statically; no complete UI->Rust->persist->reopen->actual-effect acceptance in this audit；本行尚未完成逐字段正式入口/最终效果验收,无需新架构研究；尚需正式链路验证,all,list<string>,"[""http"",""tls""]",v2rayN/ServiceLib/Models/Configs/ConfigItems.cs,InItem.DestOverride,7d6a967c18c697f28dc6917122ed3a4993fcf336
FLD-CFG-040,leaf,Inbound[0].RouteOnly,SD-07,,xray sniffing.routeOnly与适用sing-box等价路由语义,restart_core（冻结台账；保存成功与实际应用阶段分开）,正式入口→真实Rust提交→JSON/SQLite一致修订→退出重开；同revision正式runtime plan→对应core配置校验/真实会话；保存/字段赋值不算效果验证；开启仅路由不改目的地址；合成分流对照，关时按冻结core语义,SD-01/02/04; 主方案正式窗口与命令队列,production consumer traced statically; no complete UI->Rust->persist->reopen->actual-effect acceptance in this audit；本行尚未完成逐字段正式入口/最终效果验收,无需新架构研究；尚需正式链路验证,all,bool,false,v2rayN/ServiceLib/Models/Configs/ConfigItems.cs,InItem.RouteOnly,7d6a967c18c697f28dc6917122ed3a4993fcf336
FLD-CFG-041,leaf,Inbound[0].AllowLANConn,SD-07,,inbound listen地址/远程LAN访问权限,restart_core（冻结台账；保存成功与实际应用阶段分开）,正式入口→真实Rust提交→JSON/SQLite一致修订→退出重开；同revision正式runtime plan→对应core配置校验/真实会话；保存/字段赋值不算效果验证；loopback/all-interface切换；隔离环境真实LAN可达性与拒绝，不改宿主网络,SD-01/02/04; 主方案正式窗口与命令队列,production consumer traced statically; no complete UI->Rust->persist->reopen->actual-effect acceptance in this audit；本行尚未完成逐字段正式入口/最终效果验收,无需新架构研究；尚需正式链路验证,all,bool,false,v2rayN/ServiceLib/Models/Configs/ConfigItems.cs,InItem.AllowLANConn,7d6a967c18c697f28dc6917122ed3a4993fcf336
FLD-CFG-042,leaf,Inbound[0].NewPort4LAN,SD-07,,LAN专用第二入站/端口分配，按冻结AllowLANConn组合,restart_core（冻结台账；保存成功与实际应用阶段分开）,正式入口→真实Rust提交→JSON/SQLite一致修订→退出重开；同revision正式runtime plan→对应core配置校验/真实会话；保存/字段赋值不算效果验证；AllowLANConn×NewPort4LAN×第二端口组合；实际分配/冲突/停止清理,SD-01/02/04; 主方案正式窗口与命令队列,production consumer traced statically; no complete UI->Rust->persist->reopen->actual-effect acceptance in this audit；本行尚未完成逐字段正式入口/最终效果验收,无需新架构研究；尚需正式链路验证,all,bool,false,v2rayN/ServiceLib/Models/Configs/ConfigItems.cs,InItem.NewPort4LAN,7d6a967c18c697f28dc6917122ed3a4993fcf336
FLD-CFG-043,leaf,Inbound[0].User,SD-07,,LAN inbound认证账户生成/连接认证,restart_core（冻结台账；保存成功与实际应用阶段分开）,正式入口→真实Rust提交→JSON/SQLite一致修订→退出重开；同revision正式runtime plan→对应core配置校验/真实会话；保存/字段赋值不算效果验证；用户名为空/非空×密码组合；正确认证成功错误拒绝；不得打印值,SD-01/02/04; 主方案正式窗口与命令队列,production consumer traced statically; no complete UI->Rust->persist->reopen->actual-effect acceptance in this audit；本行尚未完成逐字段正式入口/最终效果验收,无需新架构研究；尚需正式链路验证,all,string,null,v2rayN/ServiceLib/Models/Configs/ConfigItems.cs,InItem.User,7d6a967c18c697f28dc6917122ed3a4993fcf336
FLD-CFG-044,leaf,Inbound[0].Pass,SD-07,,LAN inbound认证密码生成/secret存取,restart_core（冻结台账；保存成功与实际应用阶段分开）,正式入口→真实Rust提交→JSON/SQLite一致修订→退出重开；同revision正式runtime plan→对应core配置校验/真实会话；保存/字段赋值不算效果验证；正确/错误认证、清空与备份恢复；日志/receipt不包含密码,SD-01/02/04; 主方案正式窗口与命令队列,production consumer traced statically; no complete UI->Rust->persist->reopen->actual-effect acceptance in this audit；本行尚未完成逐字段正式入口/最终效果验收,无需新架构研究；尚需正式链路验证,all,string,null,v2rayN/ServiceLib/Models/Configs/ConfigItems.cs,InItem.Pass,7d6a967c18c697f28dc6917122ed3a4993fcf336
FLD-CFG-045,leaf,Inbound[0].SecondLocalPortEnabled,SD-07,SD-05,application local port resolver→第二本地入站与实际endpoint,restart_core（冻结台账；保存成功与实际应用阶段分开）,正式入口→真实Rust提交→JSON/SQLite一致修订→退出重开；同revision正式runtime plan→对应core配置校验/真实会话；保存/字段赋值不算效果验证；启用/关闭各协议第二端口及偏移；平台endpoint取真实端口不能硬编码,SD-01/02/04; 主方案正式窗口与命令队列,production consumer traced statically; no complete UI->Rust->persist->reopen->actual-effect acceptance in this audit；本行尚未完成逐字段正式入口/最终效果验收,无需新架构研究；尚需正式链路验证,all,bool,false,v2rayN/ServiceLib/Models/Configs/ConfigItems.cs,InItem.SecondLocalPortEnabled,7d6a967c18c697f28dc6917122ed3a4993fcf336
FLD-CFG-046,leaf,KcpItem.Mtu,SD-07,,xray mKCP mtu生成,restart_core（冻结台账；保存成功与实际应用阶段分开）,正式入口→真实Rust提交→JSON/SQLite一致修订→退出重开；同revision正式runtime plan→对应core配置校验/真实会话；保存/字段赋值不算效果验证；冻结单位/范围/合法边界、对应mKCP版本真实校验；新版不兼容明确能力诊断,SD-01/02/04; 主方案正式窗口与命令队列,production consumer traced statically; no complete UI->Rust->persist->reopen->actual-effect acceptance in this audit；本行尚未完成逐字段正式入口/最终效果验收,无需新架构研究；尚需正式链路验证,all,int,1350,v2rayN/ServiceLib/Models/Configs/ConfigItems.cs,KcpItem.Mtu,7d6a967c18c697f28dc6917122ed3a4993fcf336
FLD-CFG-047,leaf,KcpItem.Tti,SD-07,,xray mKCP tti生成,restart_core（冻结台账；保存成功与实际应用阶段分开）,正式入口→真实Rust提交→JSON/SQLite一致修订→退出重开；同revision正式runtime plan→对应core配置校验/真实会话；保存/字段赋值不算效果验证；冻结单位/范围及core版本实际接受；错误保留旧计划,SD-01/02/04; 主方案正式窗口与命令队列,production consumer traced statically; no complete UI->Rust->persist->reopen->actual-effect acceptance in this audit；本行尚未完成逐字段正式入口/最终效果验收,无需新架构研究；尚需正式链路验证,all,int,50,v2rayN/ServiceLib/Models/Configs/ConfigItems.cs,KcpItem.Tti,7d6a967c18c697f28dc6917122ed3a4993fcf336
FLD-CFG-048,leaf,KcpItem.UplinkCapacity,SD-07,,xray mKCP uplinkCapacity生成,restart_core（冻结台账；保存成功与实际应用阶段分开）,正式入口→真实Rust提交→JSON/SQLite一致修订→退出重开；同revision正式runtime plan→对应core配置校验/真实会话；保存/字段赋值不算效果验证；字段边界/缺省、方向单位正确；真实支持版本会话,SD-01/02/04; 主方案正式窗口与命令队列,production consumer traced statically; no complete UI->Rust->persist->reopen->actual-effect acceptance in this audit；本行尚未完成逐字段正式入口/最终效果验收,无需新架构研究；尚需正式链路验证,all,int,12,v2rayN/ServiceLib/Models/Configs/ConfigItems.cs,KcpItem.UplinkCapacity,7d6a967c18c697f28dc6917122ed3a4993fcf336
FLD-CFG-049,leaf,KcpItem.DownlinkCapacity,SD-07,,xray mKCP downlinkCapacity生成,restart_core（冻结台账；保存成功与实际应用阶段分开）,正式入口→真实Rust提交→JSON/SQLite一致修订→退出重开；同revision正式runtime plan→对应core配置校验/真实会话；保存/字段赋值不算效果验证；字段边界/缺省、方向单位正确；真实支持版本会话,SD-01/02/04; 主方案正式窗口与命令队列,production consumer traced statically; no complete UI->Rust->persist->reopen->actual-effect acceptance in this audit；本行尚未完成逐字段正式入口/最终效果验收,无需新架构研究；尚需正式链路验证,all,int,100,v2rayN/ServiceLib/Models/Configs/ConfigItems.cs,KcpItem.DownlinkCapacity,7d6a967c18c697f28dc6917122ed3a4993fcf336
FLD-CFG-050,leaf,KcpItem.CwndMultiplier,SD-07,,xray mKCP cwnd multiplier适用wire能力映射,restart_core（冻结台账；保存成功与实际应用阶段分开）,正式入口→真实Rust提交→JSON/SQLite一致修订→退出重开；同revision正式runtime plan→对应core配置校验/真实会话；保存/字段赋值不算效果验证；冻结core参数名/版本，合法数值输出与actual validation；不虚称当前新版都支持,SD-01/02/04; 主方案正式窗口与命令队列,production consumer traced statically; no complete UI->Rust->persist->reopen->actual-effect acceptance in this audit；本行尚未完成逐字段正式入口/最终效果验收,无需新架构研究；尚需正式链路验证,all,int,1,v2rayN/ServiceLib/Models/Configs/ConfigItems.cs,KcpItem.CwndMultiplier,7d6a967c18c697f28dc6917122ed3a4993fcf336
FLD-CFG-051,leaf,KcpItem.MaxSendingWindow,SD-07,,xray mKCP max sending window适用wire能力映射,restart_core（冻结台账；保存成功与实际应用阶段分开）,正式入口→真实Rust提交→JSON/SQLite一致修订→退出重开；同revision正式runtime plan→对应core配置校验/真实会话；保存/字段赋值不算效果验证；冻结core参数名/版本，合法数值输出与actual validation；不支持版本显式诊断,SD-01/02/04; 主方案正式窗口与命令队列,production consumer traced statically; no complete UI->Rust->persist->reopen->actual-effect acceptance in this audit；本行尚未完成逐字段正式入口/最终效果验收,无需新架构研究；尚需正式链路验证,all,int,2097152,v2rayN/ServiceLib/Models/Configs/ConfigItems.cs,KcpItem.MaxSendingWindow,7d6a967c18c697f28dc6917122ed3a4993fcf336
FLD-CFG-052,leaf,GrpcItem.IdleTimeout,SD-07,,xray gRPC idle_timeout及适用core映射,restart_core（冻结台账；保存成功与实际应用阶段分开）,正式入口→真实Rust提交→JSON/SQLite一致修订→退出重开；同revision正式runtime plan→对应core配置校验/真实会话；保存/字段赋值不算效果验证；单位/缺省/合法边界；真实gRPC session及空闲行为,SD-01/02/04; 主方案正式窗口与命令队列,production consumer traced statically; no complete UI->Rust->persist->reopen->actual-effect acceptance in this audit；本行尚未完成逐字段正式入口/最终效果验收,无需新架构研究；尚需正式链路验证,all,int?,60,v2rayN/ServiceLib/Models/Configs/ConfigItems.cs,GrpcItem.IdleTimeout,7d6a967c18c697f28dc6917122ed3a4993fcf336
FLD-CFG-053,leaf,GrpcItem.HealthCheckTimeout,SD-07,,xray gRPC health_check_timeout及适用core映射,restart_core（冻结台账；保存成功与实际应用阶段分开）,正式入口→真实Rust提交→JSON/SQLite一致修订→退出重开；同revision正式runtime plan→对应core配置校验/真实会话；保存/字段赋值不算效果验证；单位、超时与取消；真实gRPC session；错误core参数不可saved=applied,SD-01/02/04; 主方案正式窗口与命令队列,production consumer traced statically; no complete UI->Rust->persist->reopen->actual-effect acceptance in this audit；本行尚未完成逐字段正式入口/最终效果验收,无需新架构研究；尚需正式链路验证,all,int?,20,v2rayN/ServiceLib/Models/Configs/ConfigItems.cs,GrpcItem.HealthCheckTimeout,7d6a967c18c697f28dc6917122ed3a4993fcf336
FLD-CFG-054,leaf,GrpcItem.PermitWithoutStream,SD-07,,xray gRPC permit_without_stream及适用core映射,restart_core（冻结台账；保存成功与实际应用阶段分开）,正式入口→真实Rust提交→JSON/SQLite一致修订→退出重开；同revision正式runtime plan→对应core配置校验/真实会话；保存/字段赋值不算效果验证；布尔组合在实际gRPC transport配置/会话，冻结语义,SD-01/02/04; 主方案正式窗口与命令队列,production consumer traced statically; no complete UI->Rust->persist->reopen->actual-effect acceptance in this audit；本行尚未完成逐字段正式入口/最终效果验收,无需新架构研究；尚需正式链路验证,all,bool?,false,v2rayN/ServiceLib/Models/Configs/ConfigItems.cs,GrpcItem.PermitWithoutStream,7d6a967c18c697f28dc6917122ed3a4993fcf336
FLD-CFG-055,leaf,GrpcItem.InitialWindowsSize,SD-07,,xray gRPC initial_windows_size及适用core映射,restart_core（冻结台账；保存成功与实际应用阶段分开）,正式入口→真实Rust提交→JSON/SQLite一致修订→退出重开；同revision正式runtime plan→对应core配置校验/真实会话；保存/字段赋值不算效果验证；单位/零值/合法边界；对应版本校验、窗口参数实际发送路径,SD-01/02/04; 主方案正式窗口与命令队列,production consumer traced statically; no complete UI->Rust->persist->reopen->actual-effect acceptance in this audit；本行尚未完成逐字段正式入口/最终效果验收,无需新架构研究；尚需正式链路验证,all,int?,0,v2rayN/ServiceLib/Models/Configs/ConfigItems.cs,GrpcItem.InitialWindowsSize,7d6a967c18c697f28dc6917122ed3a4993fcf336
FLD-CFG-056,leaf,GuiItem.AutoRun,SD-05,SD-18,platform实际autostart Run项/TaskScheduler及AutoRun desired→fact重试,immediate（冻结台账；保存成功与实际应用阶段分开）,正式入口→真实Rust提交→JSON/SQLite一致修订→退出重开；合成OS写失败→load→retry第二次仍执行；隔离Windows真实标准/提权原版方式与关闭,SD-04; autostart actual fact/ownership adapter; 隔离OS验收,same-window retry fixed; reopening load() falsely confirms persisted desired AutoRun；_autostartApplied在load用desired回填可屏蔽失败重试；冻结admin计划任务方式需对照；本行尚未完成逐字段正式入口/最终效果验收,无需新架构研究；尚需正式链路验证,all,bool,false,v2rayN/ServiceLib/Models/Configs/ConfigItems.cs,GUIItem.AutoRun,7d6a967c18c697f28dc6917122ed3a4993fcf336
FLD-CFG-057,leaf,GuiItem.EnableStatistics,SD-13,SD-07/06,monitor/core API真实统计采集开关与表格统计列,restart_app（冻结台账；保存成功与实际应用阶段分开）,正式入口→真实Rust提交→JSON/SQLite一致修订→退出重开；重启应用时启用/禁用，真实API采集/流量、计数聚合与列显隐；关闭不伪造零,SD-01/02/04; 主方案正式窗口与命令队列,backend statistics generation has consumer; showStatistics member never read by table；本行尚未完成逐字段正式入口/最终效果验收,无需新架构研究；尚需正式链路验证,all,bool,false,v2rayN/ServiceLib/Models/Configs/ConfigItems.cs,GUIItem.EnableStatistics,7d6a967c18c697f28dc6917122ed3a4993fcf336
FLD-CFG-058,leaf,GuiItem.DisplayRealTimeSpeed,SD-13,SD-07/06,monitor真实速率展示/托盘状态/主窗口，按冻结启动时机,restart_app（冻结台账；保存成功与实际应用阶段分开）,正式入口→真实Rust提交→JSON/SQLite一致修订→退出重开；实际流量→delta/rate→显示；关后对应速率展示关闭，不只修改Dart bool,SD-01/02/04; 主方案正式窗口与命令队列,production consumer traced statically; no complete UI->Rust->persist->reopen->actual-effect acceptance in this audit；本行尚未完成逐字段正式入口/最终效果验收,无需新架构研究；尚需正式链路验证,all,bool,false,v2rayN/ServiceLib/Models/Configs/ConfigItems.cs,GUIItem.DisplayRealTimeSpeed,7d6a967c18c697f28dc6917122ed3a4993fcf336
FLD-CFG-059,leaf,GuiItem.KeepOlderDedupl,SD-07,SD-03,profiles去重服务KeepOlderDedupl选择保留旧/新身份与active/sub关联,save（冻结台账；保存成功与实际应用阶段分开）,正式入口→真实Rust提交→JSON/SQLite一致修订→退出重开；合成重复节点新旧顺序、标签/订阅/当前节点关联及重开；不能仅list去重数量,SD-01/02/04; 主方案正式窗口与命令队列,production consumer traced statically; no complete UI->Rust->persist->reopen->actual-effect acceptance in this audit；本行尚未完成逐字段正式入口/最终效果验收,无需新架构研究；尚需正式链路验证,all,bool,false,v2rayN/ServiceLib/Models/Configs/ConfigItems.cs,GUIItem.KeepOlderDedupl,7d6a967c18c697f28dc6917122ed3a4993fcf336
FLD-CFG-060,leaf,GuiItem.AutoUpdateInterval,SD-07,,application订阅scheduler AutoUpdateInterval真实调度/取消/重新计划,immediate（冻结台账；保存成功与实际应用阶段分开）,正式入口→真实Rust提交→JSON/SQLite一致修订→退出重开；虚拟clock故障+A；正式打开、改周期、不重叠、退出后停止；失败订阅不覆盖旧组,SD-01/02/04; 主方案正式窗口与命令队列,production consumer traced statically; no complete UI->Rust->persist->reopen->actual-effect acceptance in this audit；本行尚未完成逐字段正式入口/最终效果验收,无需新架构研究；尚需正式链路验证,all,int,0,v2rayN/ServiceLib/Models/Configs/ConfigItems.cs,GUIItem.AutoUpdateInterval,7d6a967c18c697f28dc6917122ed3a4993fcf336
FLD-CFG-061,leaf,GuiItem.TrayMenuServersLimit,SD-07,,DesktopIntegration托盘节点菜单数量上限与当前节点展示,save（冻结台账；保存成功与实际应用阶段分开）,正式入口→真实Rust提交→JSON/SQLite一致修订→退出重开；0/1/上限/大列表、实际native tray菜单顺序/当前标记与快捷切换,SD-01/02/04; 主方案正式窗口与命令队列,production consumer traced statically; no complete UI->Rust->persist->reopen->actual-effect acceptance in this audit；本行尚未完成逐字段正式入口/最终效果验收,无需新架构研究；尚需正式链路验证,all,int,20,v2rayN/ServiceLib/Models/Configs/ConfigItems.cs,GUIItem.TrayMenuServersLimit,7d6a967c18c697f28dc6917122ed3a4993fcf336
FLD-CFG-062,leaf,GuiItem.EnableHWA,SD-11,SD-06/18,所有Windows Flutter engine创建前的真实renderer policy，SoftwareOnly/HW模式事实,restart_app（冻结台账；保存成功与实际应用阶段分开）,锁定engine源码可行性→最小release实验→所有主/独立窗真实renderer/GPU观察与帧耗时；开关与重开,Flutter3.47.5 engine/embedder锁定研究; SD-01启动设置; 主方案多窗口,EnableHWA has DTO/storage but no runner renderer selection；现有仅保存；不能伪映射低功耗GPU/禁Impeller完成；本行尚未完成逐字段正式入口/最终效果验收,需研究：该层无SoftwareOnly直接开关；须查锁定engine与release实验，Impeller禁用不等同软件渲染,all,bool,false,v2rayN/ServiceLib/Models/Configs/ConfigItems.cs,GUIItem.EnableHWA,7d6a967c18c697f28dc6917122ed3a4993fcf336
FLD-CFG-063,leaf,GuiItem.EnableLog,SD-12,SD-07,Rust/host/UI应用诊断logger初始化、轮转、禁用真实写入；不是core LogEnabled,restart_app（冻结台账；保存成功与实际应用阶段分开）,正式入口→真实Rust提交→JSON/SQLite一致修订→退出重开；restart_app后真实应用日志启停/归属轮转/脱敏；恢复journal仍能恢复,SD-01/02; logger初始化与归属清理,EnableLog application logging flag has no production reader；EnableLog尚无对应应用logger最终消费者；本行尚未完成逐字段正式入口/最终效果验收,无需新架构研究；尚需正式链路验证,all,bool,true,v2rayN/ServiceLib/Models/Configs/ConfigItems.cs,GUIItem.EnableLog,7d6a967c18c697f28dc6917122ed3a4993fcf336
FLD-CFG-064,leaf,GuiItem.RootCertProvider,SD-10,SD-07/15/16/17,共享HttpPolicy/ClientFactory→所有应用HTTPS trust roots system/chrome/mozilla,immediate（冻结台账；保存成功与实际应用阶段分开）,正式入口→真实Rust提交→JSON/SQLite一致修订→退出重开；A/B公开合成CA选择接受/拒绝、hostname/过期/不可信拒绝；订阅/更新/WebDAV/路由/Geo逐真实client；不装OS证书,锁定TLS backend/root bundle来源版本hash; 各网络模块注入policy,trust-source enum maps but HTTP clients ignore selected provider；cert mapping有代码，但正式reqwest客户端未接provider；本行尚未完成逐字段正式入口/最终效果验收,需核定具体TLS backend与bundle实现；无OS证书安装需求,all,string,"""system""",v2rayN/ServiceLib/Models/Configs/ConfigItems.cs,GUIItem.RootCertProvider,7d6a967c18c697f28dc6917122ed3a4993fcf336
FLD-CFG-065,leaf,MsgUIItem.MainMsgFilter,SD-13,SD-06/12,日志服务/LogsView canonical MainMsgFilter，冻结regex/过滤表达式语义,immediate（冻结台账；保存成功与实际应用阶段分开）,正式入口→真实Rust提交→JSON/SQLite一致修订→退出重开；正确/非法表达式、日志实时/暂停/复制；与冻结MsgViewModel显示一致,SD-01/02/04; 主方案正式窗口与命令队列,local log keyword is not seeded/persisted from MainMsgFilter；当前局部keyword状态不是canonical MainMsgFilter；本行尚未完成逐字段正式入口/最终效果验收,无需新架构研究；尚需正式链路验证,all,string,null,v2rayN/ServiceLib/Models/Configs/ConfigItems.cs,MsgUIItem.MainMsgFilter,7d6a967c18c697f28dc6917122ed3a4993fcf336
FLD-CFG-066,leaf,MsgUIItem.AutoRefresh,SD-13,SD-06/12,日志订阅消费/LogsView canonical AutoRefresh与生命周期,immediate（冻结台账；保存成功与实际应用阶段分开）,正式入口→真实Rust提交→JSON/SQLite一致修订→退出重开；关刷新保留缓冲事实、恢复不重复；隐藏/重开按原版；无无限队列,SD-01/02/04; 主方案正式窗口与命令队列,local log autoRefresh is not seeded/persisted from MsgUIItem；局部auto-refresh与canonical设置未接线；本行尚未完成逐字段正式入口/最终效果验收,无需新架构研究；尚需正式链路验证,all,bool?,true,v2rayN/ServiceLib/Models/Configs/ConfigItems.cs,MsgUIItem.AutoRefresh,7d6a967c18c697f28dc6917122ed3a4993fcf336
FLD-CFG-067,leaf,UiItem.EnableAutoAdjustMainLvColWidth,SD-06,SD-13,主profiles真实列宽计算EnableAutoAdjustMainLvColWidth,immediate（冻结台账；保存成功与实际应用阶段分开）,正式入口→真实Rust提交→JSON/SQLite一致修订→退出重开；开/关真实列宽变化、100/150/200%DPI，手动宽度/未知列不丢失,SD-01/02/04; UI原版布局/窗口消费者；单次legacy迁移,autoAdjustColWidth state assigned but never read；本行尚未完成逐字段正式入口/最终效果验收,无需新架构研究；尚需正式链路验证,all,bool,false,v2rayN/ServiceLib/Models/Configs/ConfigItems.cs,UIItem.EnableAutoAdjustMainLvColWidth,7d6a967c18c697f28dc6917122ed3a4993fcf336
FLD-CFG-068,leaf,UiItem.MainGirdHeight1,SD-06,,主窗分隔区域高度1canonical→实际splitter布局,immediate（冻结台账；保存成功与实际应用阶段分开）,正式入口→真实Rust提交→JSON/SQLite一致修订→退出重开；拖动→保存→重开/备份恢复；最小高度/窗口缩放/3布局不拥挤,SD-01/02/04; UI原版布局/窗口消费者；单次legacy迁移,split ratio comes from ui_state rather than canonical MainGirdHeight1；本行尚未完成逐字段正式入口/最终效果验收,无需新架构研究；尚需正式链路验证,all,int,0,v2rayN/ServiceLib/Models/Configs/ConfigItems.cs,UIItem.MainGirdHeight1,7d6a967c18c697f28dc6917122ed3a4993fcf336
FLD-CFG-069,leaf,UiItem.MainGirdHeight2,SD-06,,主窗分隔区域高度2canonical→实际splitter布局,immediate（冻结台账；保存成功与实际应用阶段分开）,正式入口→真实Rust提交→JSON/SQLite一致修订→退出重开；同布局第二splitter；两值独立，隐藏区恢复不覆盖原值,SD-01/02/04; UI原版布局/窗口消费者；单次legacy迁移,split ratio comes from ui_state rather than canonical MainGirdHeight2；本行尚未完成逐字段正式入口/最终效果验收,无需新架构研究；尚需正式链路验证,all,int,0,v2rayN/ServiceLib/Models/Configs/ConfigItems.cs,UIItem.MainGirdHeight2,7d6a967c18c697f28dc6917122ed3a4993fcf336
FLD-CFG-070,leaf,UiItem.MainGirdOrientation,SD-06,,主窗3布局选择MainGirdOrientation→真实布局生成,restart_app（冻结台账；保存成功与实际应用阶段分开）,正式入口→真实Rust提交→JSON/SQLite一致修订→退出重开；每布局菜单/表/日志/状态位置与冻结一致，按restart_app应用并重开,SD-01/02/04; UI原版布局/窗口消费者；单次legacy迁移,production consumer traced statically; no complete UI->Rust->persist->reopen->actual-effect acceptance in this audit；本行尚未完成逐字段正式入口/最终效果验收,无需新架构研究；尚需正式链路验证,all,enum,"""Vertical""",v2rayN/ServiceLib/Models/Configs/ConfigItems.cs,UIItem.MainGirdOrientation,7d6a967c18c697f28dc6917122ed3a4993fcf336
FLD-CFG-071,leaf,UiItem.ColorPrimaryName,SD-06,,全窗口ColorPrimaryName主题accent resolver,immediate（冻结台账；保存成功与实际应用阶段分开）,正式入口→真实Rust提交→JSON/SQLite一致修订→退出重开；合法/未知色名冻结回退、所有独立窗一致，对比度与菜单选中色,SD-01/02/04; UI原版布局/窗口消费者；单次legacy迁移,main-window consumer exists; independent option window hardcodes light theme and ignores locale/font；本行尚未完成逐字段正式入口/最终效果验收,无需新架构研究；尚需正式链路验证,"['windows', 'macos', 'linux']",string,null,v2rayN/ServiceLib/Models/Configs/ConfigItems.cs,UIItem.ColorPrimaryName,7d6a967c18c697f28dc6917122ed3a4993fcf336
FLD-CFG-072,leaf,UiItem.CurrentTheme,SD-06,,全窗口CurrentTheme实际Material/native主题,immediate（冻结台账；保存成功与实际应用阶段分开）,正式入口→真实Rust提交→JSON/SQLite一致修订→退出重开；light/dark/system原版值、主/独立窗跟随、系统变化与重开,SD-01/02/04; UI原版布局/窗口消费者；单次legacy迁移,main-window consumer exists; independent option window hardcodes light theme and ignores locale/font；本行尚未完成逐字段正式入口/最终效果验收,无需新架构研究；尚需正式链路验证,"['windows', 'macos', 'linux']",string,null,v2rayN/ServiceLib/Models/Configs/ConfigItems.cs,UIItem.CurrentTheme,7d6a967c18c697f28dc6917122ed3a4993fcf336
FLD-CFG-073,leaf,UiItem.CurrentLanguage,SD-06,,所有Flutter engine locale启动设置与资源fallback,restart_app（冻结台账；保存成功与实际应用阶段分开）,正式入口→真实Rust提交→JSON/SQLite一致修订→退出重开；restart_app后菜单/设置/对话框/独立窗真实文字，不只主窗重绘,SD-01/02/04; UI原版布局/窗口消费者；单次legacy迁移,main-window consumer exists; independent option window hardcodes light theme and ignores locale/font；本行尚未完成逐字段正式入口/最终效果验收,无需新架构研究；尚需正式链路验证,all,string,"""zh-Hans""",v2rayN/ServiceLib/Models/Configs/ConfigItems.cs,UIItem.CurrentLanguage,7d6a967c18c697f28dc6917122ed3a4993fcf336
FLD-CFG-074,leaf,UiItem.CurrentFontFamily,SD-06,,所有engine typography启动font family与实际字体fallback,restart_app（冻结台账；保存成功与实际应用阶段分开）,正式入口→真实Rust提交→JSON/SQLite一致修订→退出重开；restart_app、缺字体/CJK、多DPI与独立设置窗；不截断/混文字,SD-01/02/04; UI原版布局/窗口消费者；单次legacy迁移,main-window consumer exists; independent option window hardcodes light theme and ignores locale/font；本行尚未完成逐字段正式入口/最终效果验收,无需新架构研究；尚需正式链路验证,all,string,null,v2rayN/ServiceLib/Models/Configs/ConfigItems.cs,UIItem.CurrentFontFamily,7d6a967c18c697f28dc6917122ed3a4993fcf336
FLD-CFG-075,leaf,UiItem.CurrentFontSize,SD-06,,全窗口CurrentFontSize typography即时生效,immediate（冻结台账；保存成功与实际应用阶段分开）,正式入口→真实Rust提交→JSON/SQLite一致修订→退出重开；多字号的行高/点击区/菜单/表头/设置表单布局，实际字体与重开,SD-01/02/04; UI原版布局/窗口消费者；单次legacy迁移,main-window consumer exists; independent option window hardcodes light theme and ignores locale/font；本行尚未完成逐字段正式入口/最终效果验收,无需新架构研究；尚需正式链路验证,all,int,0,v2rayN/ServiceLib/Models/Configs/ConfigItems.cs,UIItem.CurrentFontSize,7d6a967c18c697f28dc6917122ed3a4993fcf336
FLD-CFG-076,leaf,UiItem.EnableDragDropSort,SD-06,SD-03,profiles真实拖动排序能力/顺序持久化，冻结restart_app时机,restart_app（冻结台账；保存成功与实际应用阶段分开）,正式入口→真实Rust提交→JSON/SQLite一致修订→退出重开；同组/跨组/锁订阅/拖动取消/多选择，重开保持正确Id顺序,SD-01/02/04; UI原版布局/窗口消费者；单次legacy迁移,production consumer traced statically; no complete UI->Rust->persist->reopen->actual-effect acceptance in this audit；本行尚未完成逐字段正式入口/最终效果验收,无需新架构研究；尚需正式链路验证,all,bool,false,v2rayN/ServiceLib/Models/Configs/ConfigItems.cs,UIItem.EnableDragDropSort,7d6a967c18c697f28dc6917122ed3a4993fcf336
FLD-CFG-077,leaf,UiItem.DoubleClick2Activate,SD-06,SD-03,profiles double-click→activate命令，行focus/selection不混active,immediate（冻结台账；保存成功与实际应用阶段分开）,正式入口→真实Rust提交→JSON/SQLite一致修订→退出重开；开启/关闭单击双击/空白/右键路径，启动/失败反馈，旧active事实不变,SD-01/02/04; UI原版布局/窗口消费者；单次legacy迁移,production consumer traced statically; no complete UI->Rust->persist->reopen->actual-effect acceptance in this audit；本行尚未完成逐字段正式入口/最终效果验收,无需新架构研究；尚需正式链路验证,all,bool,false,v2rayN/ServiceLib/Models/Configs/ConfigItems.cs,UIItem.DoubleClick2Activate,7d6a967c18c697f28dc6917122ed3a4993fcf336
FLD-CFG-078,leaf,UiItem.AutoHideStartup,SD-06,SD-18,DesktopIntegration实际启动隐藏与托盘可恢复窗口,immediate（冻结台账；保存成功与实际应用阶段分开）,正式入口→真实Rust提交→JSON/SQLite一致修订→退出重开；普通/启动自启场景：隐藏后托盘打开/退出；缺托盘保留可见入口,SD-01/02/04; UI原版布局/窗口消费者；单次legacy迁移,production consumer traced statically; no complete UI->Rust->persist->reopen->actual-effect acceptance in this audit；本行尚未完成逐字段正式入口/最终效果验收,无需新架构研究；尚需正式链路验证,all,bool,false,v2rayN/ServiceLib/Models/Configs/ConfigItems.cs,UIItem.AutoHideStartup,7d6a967c18c697f28dc6917122ed3a4993fcf336
FLD-CFG-079,leaf,UiItem.Hide2TrayWhenClose,SD-06,SD-18,DesktopIntegration窗口close生命周期hide-to-tray或真实exit,immediate（冻结台账；保存成功与实际应用阶段分开）,正式入口→真实Rust提交→JSON/SQLite一致修订→退出重开；两值主窗X→隐藏/退出，独立窗关闭非退出，重开与托盘菜单,SD-01/02/04; UI原版布局/窗口消费者；单次legacy迁移,production consumer traced statically; no complete UI->Rust->persist->reopen->actual-effect acceptance in this audit；本行尚未完成逐字段正式入口/最终效果验收,无需新架构研究；尚需正式链路验证,['linux'],bool,false,v2rayN/ServiceLib/Models/Configs/ConfigItems.cs,UIItem.Hide2TrayWhenClose,7d6a967c18c697f28dc6917122ed3a4993fcf336
FLD-CFG-080,leaf,UiItem.MacOSShowInDock,SD-18,SD-06,macOS正式runner/window-manager activation policy show/hide Dock,restart_app（冻结台账；保存成功与实际应用阶段分开）,正式入口→真实Rust提交→JSON/SQLite一致修订→退出重开；macOS release真实Dock显示/隐藏、托盘恢复与启动；Windows按冻结不适用,macOS真实构建/运行; SD-06窗口policy,"macOS activation-policy reader absent; Windows platform not applicable, complete multi-platform scope unfinished；当前保留字段，无实际Dock activation consumer；本行尚未完成逐字段正式入口/最终效果验收",无需新架构研究；尚需正式链路验证,['macos'],bool,false,v2rayN/ServiceLib/Models/Configs/ConfigItems.cs,UIItem.MacOSShowInDock,7d6a967c18c697f28dc6917122ed3a4993fcf336
FLD-CFG-081,leaf,UiItem.MainColumnItem,SD-06,SD-03/17,MainColumnItem容器→canonical列Name/Width/Index合并与profiles表,immediate（冻结台账；保存成功与实际应用阶段分开）,正式入口→真实Rust提交→JSON/SQLite一致修订→退出重开；容器不是新控件；未知列保留，旧column_layout一次迁移/新canonical优先,SD-01/02/04; UI原版布局/窗口消费者；单次legacy迁移,profile table uses column_layout cache rather than canonical MainColumnItem；本行尚未完成逐字段正式入口/最终效果验收,无需新架构研究；尚需正式链路验证,all,list<ColumnItem>,[],v2rayN/ServiceLib/Models/Configs/ConfigItems.cs,UIItem.MainColumnItem,7d6a967c18c697f28dc6917122ed3a4993fcf336
FLD-CFG-082,leaf,UiItem.WindowSizeItem,SD-06,SD-17/18,WindowSizeItem容器→canonical TypeName/Width/Height与原生窗口尺寸,immediate（冻结台账；保存成功与实际应用阶段分开）,正式入口→真实Rust提交→JSON/SQLite一致修订→退出重开；容器不是新控件；旧INI一次迁移/各window type/坏尺寸回退与备份恢复,SD-01/02/04; UI原版布局/窗口消费者；单次legacy迁移,runner uses INI rather than canonical WindowSizeItem；本行尚未完成逐字段正式入口/最终效果验收,无需新架构研究；尚需正式链路验证,all,list<WindowSizeItem>,[],v2rayN/ServiceLib/Models/Configs/ConfigItems.cs,UIItem.WindowSizeItem,7d6a967c18c697f28dc6917122ed3a4993fcf336
FLD-CFG-083,leaf,UiItem.HideColumnIpInfo,SD-06,SD-13,profiles列实际HideColumnIpInfo显隐,immediate（冻结台账；保存成功与实际应用阶段分开）,正式入口→真实Rust提交→JSON/SQLite一致修订→退出重开；开/关IP与geo列/操作列布局；隐藏不删数据；重开/备份恢复,SD-01/02/04; UI原版布局/窗口消费者；单次legacy迁移,hideIpInfo state assigned but never read；本行尚未完成逐字段正式入口/最终效果验收,无需新架构研究；尚需正式链路验证,all,bool,false,v2rayN/ServiceLib/Models/Configs/ConfigItems.cs,UIItem.HideColumnIpInfo,7d6a967c18c697f28dc6917122ed3a4993fcf336
FLD-CFG-084,leaf,ConstItem.SubConvertUrl,SD-07,SD-10,订阅转换器请求构造SubConvertUrl；实际合成输入转换→解析→事务替换,save（冻结台账；保存成功与实际应用阶段分开）,正式入口→真实Rust提交→JSON/SQLite一致修订→退出重开；禁用/空/自定义HTTPS converter/错误响应/取消，不泄漏真实订阅；冻结URL组合与编码,SD-01/02/04; 主方案正式窗口与命令队列,production consumer traced statically; no complete UI->Rust->persist->reopen->actual-effect acceptance in this audit；本行尚未完成逐字段正式入口/最终效果验收,无需新架构研究；尚需正式链路验证,all,string,null,v2rayN/ServiceLib/Models/Configs/ConfigItems.cs,ConstItem.SubConvertUrl,7d6a967c18c697f28dc6917122ed3a4993fcf336
FLD-CFG-085,leaf,ConstItem.GeoSourceUrl,SD-15,SD-07/10/17,GeoSourceUrl的{0}=geoip/geosite资源下载→verified文件→正式codegen上下文,save（冻结台账；保存成功与实际应用阶段分开）,正式入口→真实Rust提交→JSON/SQLite一致修订→退出重开；本地合成资源源/坏内容/中断取消/离线；正式计划实际消费下载内容，SRS不继续暗访问remote,SD-01/02; SD-10client; routing/resource source schema; 正式codegen context,production consumer traced statically; no complete UI->Rust->persist->reopen->actual-effect acceptance in this audit；只落下载文件/保存URL不算效果；必须在正式plan实际接入；本行尚未完成逐字段正式入口/最终效果验收,无需新架构研究；尚需正式链路验证,all,string,null,v2rayN/ServiceLib/Models/Configs/ConfigItems.cs,ConstItem.GeoSourceUrl,7d6a967c18c697f28dc6917122ed3a4993fcf336
FLD-CFG-086,leaf,ConstItem.SrsSourceUrl,SD-15,SD-07/10/17,SrsSourceUrl的{0}=type/{1}=file下载→srss/manifest→local_srs_files snapshot,save（冻结台账；保存成功与实际应用阶段分开）,正式入口→真实Rust提交→JSON/SQLite一致修订→退出重开；本地合成资源源/坏内容/中断取消/离线；正式计划实际消费下载内容，SRS不继续暗访问remote,SD-01/02; SD-10client; routing/resource source schema; 正式codegen context,production consumer traced statically; no complete UI->Rust->persist->reopen->actual-effect acceptance in this audit；只落下载文件/保存URL不算效果；必须在正式plan实际接入；本行尚未完成逐字段正式入口/最终效果验收,无需新架构研究；尚需正式链路验证,all,string,null,v2rayN/ServiceLib/Models/Configs/ConfigItems.cs,ConstItem.SrsSourceUrl,7d6a967c18c697f28dc6917122ed3a4993fcf336
FLD-CFG-087,leaf,ConstItem.RouteRulesTemplateSourceUrl,SD-15,SD-07/10/17,RouteRulesTemplateSourceUrl实际HTTPS模板job→schema校验→路由候选提交/刷新UI,save（冻结台账；保存成功与实际应用阶段分开）,正式入口→真实Rust提交→JSON/SQLite一致修订→退出重开；本地合成资源源/坏内容/中断取消/离线；正式计划实际消费下载内容，SRS不继续暗访问remote,SD-01/02; SD-10client; routing/resource source schema; 正式codegen context,configured URL makes import_builtin_routing return explicit unavailable; no async fetch path；只落下载文件/保存URL不算效果；必须在正式plan实际接入；本行尚未完成逐字段正式入口/最终效果验收,无需新架构研究；尚需正式链路验证,all,string,null,v2rayN/ServiceLib/Models/Configs/ConfigItems.cs,ConstItem.RouteRulesTemplateSourceUrl,7d6a967c18c697f28dc6917122ed3a4993fcf336
FLD-CFG-088,leaf,GlobalHotkeys[].EGlobalHotkey,SD-18,SD-06,canonical GlobalHotkeys[] EGlobalHotkey动作集合→native组合注册/多动作派发与失败旧注册保留,next_launch（冻结台账；保存成功与实际应用阶段分开）,正式入口→真实Rust提交→JSON/SQLite一致修订→退出重开；冻结同组合多动作顺序、注册冲突/失败/retry；隔离OS只用无害动作真实按键；未授权宿主写入不跑,SD-04; 真实native hotkey adapter; 原版正式注册入口时机核定,"actual OS consumer/codegen exists, platform effect remains unverified; TUN overall contains confirmed defects, see runtime report；现有单测/插件路径不等同真实OS同组合多动作已验；本行尚未完成逐字段正式入口/最终效果验收",需核定：台账next_launch与冻结正式设置入口即时注册路径的时机；非消费者缺失,all,enum,null,v2rayN/ServiceLib/Models/Configs/ConfigItems.cs,KeyEventItem.EGlobalHotkey,7d6a967c18c697f28dc6917122ed3a4993fcf336
FLD-CFG-089,leaf,GlobalHotkeys[].Alt,SD-18,SD-06,canonical GlobalHotkeys[] Alt→native组合注册/多动作派发与失败旧注册保留,next_launch（冻结台账；保存成功与实际应用阶段分开）,正式入口→真实Rust提交→JSON/SQLite一致修订→退出重开；冻结同组合多动作顺序、注册冲突/失败/retry；隔离OS只用无害动作真实按键；未授权宿主写入不跑,SD-04; 真实native hotkey adapter; 原版正式注册入口时机核定,"actual OS consumer/codegen exists, platform effect remains unverified; TUN overall contains confirmed defects, see runtime report；现有单测/插件路径不等同真实OS同组合多动作已验；本行尚未完成逐字段正式入口/最终效果验收",需核定：台账next_launch与冻结正式设置入口即时注册路径的时机；非消费者缺失,all,bool,false,v2rayN/ServiceLib/Models/Configs/ConfigItems.cs,KeyEventItem.Alt,7d6a967c18c697f28dc6917122ed3a4993fcf336
FLD-CFG-090,leaf,GlobalHotkeys[].Control,SD-18,SD-06,canonical GlobalHotkeys[] Control→native组合注册/多动作派发与失败旧注册保留,next_launch（冻结台账；保存成功与实际应用阶段分开）,正式入口→真实Rust提交→JSON/SQLite一致修订→退出重开；冻结同组合多动作顺序、注册冲突/失败/retry；隔离OS只用无害动作真实按键；未授权宿主写入不跑,SD-04; 真实native hotkey adapter; 原版正式注册入口时机核定,"actual OS consumer/codegen exists, platform effect remains unverified; TUN overall contains confirmed defects, see runtime report；现有单测/插件路径不等同真实OS同组合多动作已验；本行尚未完成逐字段正式入口/最终效果验收",需核定：台账next_launch与冻结正式设置入口即时注册路径的时机；非消费者缺失,all,bool,false,v2rayN/ServiceLib/Models/Configs/ConfigItems.cs,KeyEventItem.Control,7d6a967c18c697f28dc6917122ed3a4993fcf336
FLD-CFG-091,leaf,GlobalHotkeys[].Shift,SD-18,SD-06,canonical GlobalHotkeys[] Shift→native组合注册/多动作派发与失败旧注册保留,next_launch（冻结台账；保存成功与实际应用阶段分开）,正式入口→真实Rust提交→JSON/SQLite一致修订→退出重开；冻结同组合多动作顺序、注册冲突/失败/retry；隔离OS只用无害动作真实按键；未授权宿主写入不跑,SD-04; 真实native hotkey adapter; 原版正式注册入口时机核定,"actual OS consumer/codegen exists, platform effect remains unverified; TUN overall contains confirmed defects, see runtime report；现有单测/插件路径不等同真实OS同组合多动作已验；本行尚未完成逐字段正式入口/最终效果验收",需核定：台账next_launch与冻结正式设置入口即时注册路径的时机；非消费者缺失,all,bool,false,v2rayN/ServiceLib/Models/Configs/ConfigItems.cs,KeyEventItem.Shift,7d6a967c18c697f28dc6917122ed3a4993fcf336
FLD-CFG-092,leaf,GlobalHotkeys[].KeyCode,SD-18,SD-06,canonical GlobalHotkeys[] KeyCode→native组合注册/多动作派发与失败旧注册保留,next_launch（冻结台账；保存成功与实际应用阶段分开）,正式入口→真实Rust提交→JSON/SQLite一致修订→退出重开；冻结同组合多动作顺序、注册冲突/失败/retry；隔离OS只用无害动作真实按键；未授权宿主写入不跑,SD-04; 真实native hotkey adapter; 原版正式注册入口时机核定,"actual OS consumer/codegen exists, platform effect remains unverified; TUN overall contains confirmed defects, see runtime report；现有单测/插件路径不等同真实OS同组合多动作已验；本行尚未完成逐字段正式入口/最终效果验收",需核定：台账next_launch与冻结正式设置入口即时注册路径的时机；非消费者缺失,all,int?,null,v2rayN/ServiceLib/Models/Configs/ConfigItems.cs,KeyEventItem.KeyCode,7d6a967c18c697f28dc6917122ed3a4993fcf336
FLD-CFG-093,leaf,CoreTypeItem[].ConfigType,SD-07,,CoreTypeItem.ConfigType→protocol-to-core绑定键，resolve_target_core,save（冻结台账；保存成功与实际应用阶段分开）,正式入口→真实Rust提交→JSON/SQLite一致修订→退出重开；同revision正式runtime plan→对应core配置校验/真实会话；保存/字段赋值不算效果验证；各协议/默认/未知enum/删改绑定与重开；正式启动选择正确exe不是只序列化,SD-01/02/04; 主方案正式窗口与命令队列,production consumer traced statically; no complete UI->Rust->persist->reopen->actual-effect acceptance in this audit；本行尚未完成逐字段正式入口/最终效果验收,无需新架构研究；尚需正式链路验证,all,enum,null,v2rayN/ServiceLib/Models/Configs/ConfigItems.cs,CoreTypeItem.ConfigType,7d6a967c18c697f28dc6917122ed3a4993fcf336
FLD-CFG-094,leaf,CoreTypeItem[].CoreType,SD-07,,CoreTypeItem.CoreType→resolve_target_core及core availability/能力校验,restart_core（冻结台账；保存成功与实际应用阶段分开）,正式入口→真实Rust提交→JSON/SQLite一致修订→退出重开；同revision正式runtime plan→对应core配置校验/真实会话；保存/字段赋值不算效果验证；锁定对应core/native配置/缺核提示；当前支持真实会话，不把App=99当proxy core,SD-01/02/04; 主方案正式窗口与命令队列,production consumer traced statically; no complete UI->Rust->persist->reopen->actual-effect acceptance in this audit；本行尚未完成逐字段正式入口/最终效果验收,无需新架构研究；尚需正式链路验证,all,enum,"""Xray""",v2rayN/ServiceLib/Models/Configs/ConfigItems.cs,CoreTypeItem.CoreType,7d6a967c18c697f28dc6917122ed3a4993fcf336
FLD-CFG-095,leaf,TunModeItem.EnableTun,SD-07,SD-05/18,settings/codegen输入归本包；最终效果归主方案TUN生命周期包：runtime TUN desired模式→唯一host/helper session/lease,restart_core（冻结台账；保存成功与实际应用阶段分开）,正式入口→真实Rust提交→JSON/SQLite一致修订→退出重开；同revision正式runtime plan→对应core配置校验/真实会话；保存/字段赋值不算效果验证；开启/关闭真实TUN生命周期/失败retry/停止清理；界面实际fact而非bool,主方案TUN实际session/route lease/退出清理; SD-04/05; 隔离VM真实验收,"actual OS consumer/codegen exists, platform effect remains unverified; TUN overall contains confirmed defects, see runtime report；设置保存/codegen覆盖与真实TUN会话必须分列；归属/停机/OS效果不得只用mock证明；本行尚未完成逐字段正式入口/最终效果验收",无需新架构研究；尚需正式链路验证,all,bool,false,v2rayN/ServiceLib/Models/Configs/ConfigItems.cs,TunModeItem.EnableTun,7d6a967c18c697f28dc6917122ed3a4993fcf336
FLD-CFG-096,leaf,TunModeItem.AutoRoute,SD-07,SD-05/18,settings/codegen输入归本包；最终效果归主方案TUN生命周期包：TUN auto_route→helper真实路由ownership lease,restart_core（冻结台账；保存成功与实际应用阶段分开）,正式入口→真实Rust提交→JSON/SQLite一致修订→退出重开；同revision正式runtime plan→对应core配置校验/真实会话；保存/字段赋值不算效果验证；隔离VM默认路由前后/失败补偿/退出恢复；空闲监听端口不能代替路由隔离,主方案TUN实际session/route lease/退出清理; SD-04/05; 隔离VM真实验收,"actual OS consumer/codegen exists, platform effect remains unverified; TUN overall contains confirmed defects, see runtime report；设置保存/codegen覆盖与真实TUN会话必须分列；归属/停机/OS效果不得只用mock证明；本行尚未完成逐字段正式入口/最终效果验收",无需新架构研究；尚需正式链路验证,all,bool,true,v2rayN/ServiceLib/Models/Configs/ConfigItems.cs,TunModeItem.AutoRoute,7d6a967c18c697f28dc6917122ed3a4993fcf336
FLD-CFG-097,leaf,TunModeItem.StrictRoute,SD-07,SD-05/18,settings/codegen输入归本包；最终效果归主方案TUN生命周期包：TUN strict_route→对应core TUN wire与真实路由,restart_core（冻结台账；保存成功与实际应用阶段分开）,正式入口→真实Rust提交→JSON/SQLite一致修订→退出重开；同revision正式runtime plan→对应core配置校验/真实会话；保存/字段赋值不算效果验证；隔离VM strict on/off/泄漏与例外地址；停止恢复,主方案TUN实际session/route lease/退出清理; SD-04/05; 隔离VM真实验收,"actual OS consumer/codegen exists, platform effect remains unverified; TUN overall contains confirmed defects, see runtime report；设置保存/codegen覆盖与真实TUN会话必须分列；归属/停机/OS效果不得只用mock证明；本行尚未完成逐字段正式入口/最终效果验收",无需新架构研究；尚需正式链路验证,all,bool,true,v2rayN/ServiceLib/Models/Configs/ConfigItems.cs,TunModeItem.StrictRoute,7d6a967c18c697f28dc6917122ed3a4993fcf336
FLD-CFG-098,leaf,TunModeItem.Stack,SD-07,SD-05/18,settings/codegen输入归本包；最终效果归主方案TUN生命周期包：TUN stack枚举→对应core/平台实现,restart_core（冻结台账；保存成功与实际应用阶段分开）,正式入口→真实Rust提交→JSON/SQLite一致修订→退出重开；同revision正式runtime plan→对应core配置校验/真实会话；保存/字段赋值不算效果验证；system/gvisor/mixed等冻结支持矩阵、错误能力、隔离真实流量,主方案TUN实际session/route lease/退出清理; SD-04/05; 隔离VM真实验收,"actual OS consumer/codegen exists, platform effect remains unverified; TUN overall contains confirmed defects, see runtime report；设置保存/codegen覆盖与真实TUN会话必须分列；归属/停机/OS效果不得只用mock证明；本行尚未完成逐字段正式入口/最终效果验收",无需新架构研究；尚需正式链路验证,all,string,null,v2rayN/ServiceLib/Models/Configs/ConfigItems.cs,TunModeItem.Stack,7d6a967c18c697f28dc6917122ed3a4993fcf336
FLD-CFG-099,leaf,TunModeItem.Mtu,SD-07,SD-05/18,settings/codegen输入归本包；最终效果归主方案TUN生命周期包：TUN mtu→core TUN device真实MTU,restart_core（冻结台账；保存成功与实际应用阶段分开）,正式入口→真实Rust提交→JSON/SQLite一致修订→退出重开；同revision正式runtime plan→对应core配置校验/真实会话；保存/字段赋值不算效果验证；边界、实际设备MTU/大包fragment/正常流量；错误保留旧session,主方案TUN实际session/route lease/退出清理; SD-04/05; 隔离VM真实验收,"actual OS consumer/codegen exists, platform effect remains unverified; TUN overall contains confirmed defects, see runtime report；设置保存/codegen覆盖与真实TUN会话必须分列；归属/停机/OS效果不得只用mock证明；本行尚未完成逐字段正式入口/最终效果验收",无需新架构研究；尚需正式链路验证,all,int,9000,v2rayN/ServiceLib/Models/Configs/ConfigItems.cs,TunModeItem.Mtu,7d6a967c18c697f28dc6917122ed3a4993fcf336
FLD-CFG-100,leaf,TunModeItem.EnableIPv6Address,SD-07,SD-05/18,settings/codegen输入归本包；最终效果归主方案TUN生命周期包：TUN IPv6地址启用→IPv6 TUN地址/route,restart_core（冻结台账；保存成功与实际应用阶段分开）,正式入口→真实Rust提交→JSON/SQLite一致修订→退出重开；同revision正式runtime plan→对应core配置校验/真实会话；保存/字段赋值不算效果验证；启用/关闭IPv6设备/路由和泄漏；无IPv6能力准确诊断,主方案TUN实际session/route lease/退出清理; SD-04/05; 隔离VM真实验收,"projection exists, production global IPv6 context always false；设置保存/codegen覆盖与真实TUN会话必须分列；归属/停机/OS效果不得只用mock证明；本行尚未完成逐字段正式入口/最终效果验收",无需新架构研究；尚需正式链路验证,all,bool,false,v2rayN/ServiceLib/Models/Configs/ConfigItems.cs,TunModeItem.EnableIPv6Address,7d6a967c18c697f28dc6917122ed3a4993fcf336
FLD-CFG-101,leaf,TunModeItem.IcmpRouting,SD-07,SD-05/18,settings/codegen输入归本包；最终效果归主方案TUN生命周期包：TUN icmp routing→core对应版本ICMP动作/路由,restart_core（冻结台账；保存成功与实际应用阶段分开）,正式入口→真实Rust提交→JSON/SQLite一致修订→退出重开；同revision正式runtime plan→对应core配置校验/真实会话；保存/字段赋值不算效果验证；隔离IPv4/IPv6合成ICMP和UDP/TCP互不损坏；版本能力诊断,主方案TUN实际session/route lease/退出清理; SD-04/05; 隔离VM真实验收,"actual OS consumer/codegen exists, platform effect remains unverified; TUN overall contains confirmed defects, see runtime report；设置保存/codegen覆盖与真实TUN会话必须分列；归属/停机/OS效果不得只用mock证明；本行尚未完成逐字段正式入口/最终效果验收",无需新架构研究；尚需正式链路验证,all,string,"""rule""",v2rayN/ServiceLib/Models/Configs/ConfigItems.cs,TunModeItem.IcmpRouting,7d6a967c18c697f28dc6917122ed3a4993fcf336
FLD-CFG-102,leaf,TunModeItem.EnableLegacyProtect,SD-07,SD-05/18,settings/codegen输入归本包；最终效果归主方案TUN生命周期包：TUN legacy protect→冻结保护例外/适用core配置,restart_core（冻结台账；保存成功与实际应用阶段分开）,正式入口→真实Rust提交→JSON/SQLite一致修订→退出重开；同revision正式runtime plan→对应core配置校验/真实会话；保存/字段赋值不算效果验证；版本/平台适用与真实自环保护；不是万能绕过失败开关,主方案TUN实际session/route lease/退出清理; SD-04/05; 隔离VM真实验收,protection context lacks production core executable paths；设置保存/codegen覆盖与真实TUN会话必须分列；归属/停机/OS效果不得只用mock证明；本行尚未完成逐字段正式入口/最终效果验收,无需新架构研究；尚需正式链路验证,all,bool,true,v2rayN/ServiceLib/Models/Configs/ConfigItems.cs,TunModeItem.EnableLegacyProtect,7d6a967c18c697f28dc6917122ed3a4993fcf336
FLD-CFG-103,leaf,TunModeItem.RouteExcludeAddress,SD-07,SD-05/18,settings/codegen输入归本包；最终效果归主方案TUN生命周期包：TUN RouteExcludeAddress→CIDR解析→core排除→真实route bypass,restart_core（冻结台账；保存成功与实际应用阶段分开）,正式入口→真实Rust提交→JSON/SQLite一致修订→退出重开；同revision正式runtime plan→对应core配置校验/真实会话；保存/字段赋值不算效果验证；合法/坏CIDR与多个地址、真实目标绕行；路由清理无残留,主方案TUN实际session/route lease/退出清理; SD-04/05; 隔离VM真实验收,"UI split retains empty trailing item, CIDR validation rejects upstream-accepted trailing comma；设置保存/codegen覆盖与真实TUN会话必须分列；归属/停机/OS效果不得只用mock证明；本行尚未完成逐字段正式入口/最终效果验收",无需新架构研究；尚需正式链路验证,all,list<string>,null,v2rayN/ServiceLib/Models/Configs/ConfigItems.cs,TunModeItem.RouteExcludeAddress,7d6a967c18c697f28dc6917122ed3a4993fcf336
FLD-CFG-104,leaf,TunModeItem.IPv4Address,SD-07,SD-05/18,settings/codegen输入归本包；最终效果归主方案TUN生命周期包：TUN IPv4Address列表→设备地址/路由,restart_core（冻结台账；保存成功与实际应用阶段分开）,正式入口→真实Rust提交→JSON/SQLite一致修订→退出重开；同revision正式runtime plan→对应core配置校验/真实会话；保存/字段赋值不算效果验证；合法CIDR/冲突/空/错误输入；隔离实际设备/监听/流量与清理,主方案TUN实际session/route lease/退出清理; SD-04/05; 隔离VM真实验收,"actual OS consumer/codegen exists, platform effect remains unverified; TUN overall contains confirmed defects, see runtime report；设置保存/codegen覆盖与真实TUN会话必须分列；归属/停机/OS效果不得只用mock证明；本行尚未完成逐字段正式入口/最终效果验收",无需新架构研究；尚需正式链路验证,all,string,"""172.18.0.1/30""",v2rayN/ServiceLib/Models/Configs/ConfigItems.cs,TunModeItem.IPv4Address,7d6a967c18c697f28dc6917122ed3a4993fcf336
FLD-CFG-105,leaf,TunModeItem.IPv6Address,SD-07,SD-05/18,settings/codegen输入归本包；最终效果归主方案TUN生命周期包：TUN IPv6Address列表→设备地址/路由,restart_core（冻结台账；保存成功与实际应用阶段分开）,正式入口→真实Rust提交→JSON/SQLite一致修订→退出重开；同revision正式runtime plan→对应core配置校验/真实会话；保存/字段赋值不算效果验证；合法IPv6 CIDR/冲突/无平台能力；隔离实际设备/路由与清理,主方案TUN实际session/route lease/退出清理; SD-04/05; 隔离VM真实验收,production global IPv6 context remains false；设置保存/codegen覆盖与真实TUN会话必须分列；归属/停机/OS效果不得只用mock证明；本行尚未完成逐字段正式入口/最终效果验收,无需新架构研究；尚需正式链路验证,all,string,"""fc00::172:18:0:1/126""",v2rayN/ServiceLib/Models/Configs/ConfigItems.cs,TunModeItem.IPv6Address,7d6a967c18c697f28dc6917122ed3a4993fcf336
FLD-CFG-106,leaf,SpeedTestItem.SpeedTestTimeout,SD-07,,Rust speedtest worker超时/cancel deadline,immediate（冻结台账；保存成功与实际应用阶段分开）,正式入口→真实Rust提交→JSON/SQLite一致修订→退出重开；合成本地慢响应/超时/取消实际worker；选值后重开并正式测速不悬挂,SD-01/02/04; 主方案正式窗口与命令队列,production consumer traced statically; no complete UI->Rust->persist->reopen->actual-effect acceptance in this audit；本行尚未完成逐字段正式入口/最终效果验收,无需新架构研究；尚需正式链路验证,all,int,10,v2rayN/ServiceLib/Models/Configs/ConfigItems.cs,SpeedTestItem.SpeedTestTimeout,7d6a967c18c697f28dc6917122ed3a4993fcf336
FLD-CFG-107,leaf,SpeedTestItem.SpeedTestUrl,SD-07,SD-10,Rust速度测试真实下载请求SpeedTestUrl，shared HttpPolicy,immediate（冻结台账；保存成功与实际应用阶段分开）,正式入口→真实Rust提交→JSON/SQLite一致修订→退出重开；合成本地定长下载/重定向/错误内容/取消；真实字节速度，禁止把ping当下载测速,SD-01/02/04; 主方案正式窗口与命令队列,production consumer traced statically; no complete UI->Rust->persist->reopen->actual-effect acceptance in this audit；本行尚未完成逐字段正式入口/最终效果验收,无需新架构研究；尚需正式链路验证,all,string,"""https://cachefly.cachefly.net/50mb.test""",v2rayN/ServiceLib/Models/Configs/ConfigItems.cs,SpeedTestItem.SpeedTestUrl,7d6a967c18c697f28dc6917122ed3a4993fcf336
FLD-CFG-108,leaf,SpeedTestItem.SpeedPingTestUrl,SD-07,SD-10,Rust delay/ping worker HTTP target；正式codegen speedPing URL上下文,immediate（冻结台账；保存成功与实际应用阶段分开）,正式入口→真实Rust提交→JSON/SQLite一致修订→退出重开；同revision正式runtime plan→对应core配置校验/真实会话；保存/字段赋值不算效果验证；本地响应、超时、错URL、选定节点真实代理请求；分清TCP与HTTP delay,SD-01/02/04; 主方案正式窗口与命令队列,production consumer traced statically; no complete UI->Rust->persist->reopen->actual-effect acceptance in this audit；本行尚未完成逐字段正式入口/最终效果验收,无需新架构研究；尚需正式链路验证,all,string,"""https://www.google.com/generate_204""",v2rayN/ServiceLib/Models/Configs/ConfigItems.cs,SpeedTestItem.SpeedPingTestUrl,7d6a967c18c697f28dc6917122ed3a4993fcf336
FLD-CFG-109,leaf,SpeedTestItem.MixedConcurrencyCount,SD-07,,测速任务队列MixedConcurrencyCount资源/进程限流,immediate（冻结台账；保存成功与实际应用阶段分开）,正式入口→真实Rust提交→JSON/SQLite一致修订→退出重开；N=1/N>1峰值实际worker数与取消释放；UI批量结果/原选择保留，不只改配置,SD-01/02/04; 主方案正式窗口与命令队列,production consumer traced statically; no complete UI->Rust->persist->reopen->actual-effect acceptance in this audit；本行尚未完成逐字段正式入口/最终效果验收,无需新架构研究；尚需正式链路验证,all,int,10,v2rayN/ServiceLib/Models/Configs/ConfigItems.cs,SpeedTestItem.MixedConcurrencyCount,7d6a967c18c697f28dc6917122ed3a4993fcf336
FLD-CFG-110,leaf,SpeedTestItem.IPAPIUrl,SD-07,SD-10,IP检查HttpPolicy请求/JSONPath解析IPAPIUrl,immediate（冻结台账；保存成功与实际应用阶段分开）,正式入口→真实Rust提交→JSON/SQLite一致修订→退出重开；合成正确/坏schema/IP与geo字段/错误URL；实际UI显示；不读取用户节点,SD-01/02/04; 主方案正式窗口与命令队列,production consumer traced statically; no complete UI->Rust->persist->reopen->actual-effect acceptance in this audit；本行尚未完成逐字段正式入口/最终效果验收,无需新架构研究；尚需正式链路验证,all,string,null,v2rayN/ServiceLib/Models/Configs/ConfigItems.cs,SpeedTestItem.IPAPIUrl,7d6a967c18c697f28dc6917122ed3a4993fcf336
FLD-CFG-111,leaf,SpeedTestItem.UdpTestTarget,SD-07,,Rust UDP test target parser→对应core真实UDP会话,immediate（冻结台账；保存成功与实际应用阶段分开）,正式入口→真实Rust提交→JSON/SQLite一致修订→退出重开；合成UDP回显server、端口范围/超时/取消；结果分类准确,SD-01/02/04; 主方案正式窗口与命令队列,production consumer traced statically; no complete UI->Rust->persist->reopen->actual-effect acceptance in this audit；本行尚未完成逐字段正式入口/最终效果验收,无需新架构研究；尚需正式链路验证,all,string,"""ntp:pool.ntp.org""",v2rayN/ServiceLib/Models/Configs/ConfigItems.cs,SpeedTestItem.UdpTestTarget,7d6a967c18c697f28dc6917122ed3a4993fcf336
FLD-CFG-112,leaf,SpeedTestItem.SpeedTestPageSize,SD-07,,速度测试任务分页/批次规模SpeedTestPageSize,immediate（冻结台账；保存成功与实际应用阶段分开）,正式入口→真实Rust提交→JSON/SQLite一致修订→退出重开；多页节点完整结果/边界/空页/取消；不得漏节点或重复启动,SD-01/02/04; 主方案正式窗口与命令队列,production consumer traced statically; no complete UI->Rust->persist->reopen->actual-effect acceptance in this audit；本行尚未完成逐字段正式入口/最终效果验收,无需新架构研究；尚需正式链路验证,all,int?,null,v2rayN/ServiceLib/Models/Configs/ConfigItems.cs,SpeedTestItem.SpeedTestPageSize,7d6a967c18c697f28dc6917122ed3a4993fcf336
FLD-CFG-113,leaf,SpeedTestItem.SpeedTestDelayInterval,SD-07,,测速调度SpeedTestDelayInterval间隔deadline,immediate（冻结台账；保存成功与实际应用阶段分开）,正式入口→真实Rust提交→JSON/SQLite一致修订→退出重开；虚拟clock约束+A；实际任务间隔/取消及界面响应性，不阻塞UI线程,SD-01/02/04; 主方案正式窗口与命令队列,production consumer traced statically; no complete UI->Rust->persist->reopen->actual-effect acceptance in this audit；本行尚未完成逐字段正式入口/最终效果验收,无需新架构研究；尚需正式链路验证,all,int?,1,v2rayN/ServiceLib/Models/Configs/ConfigItems.cs,SpeedTestItem.SpeedTestDelayInterval,7d6a967c18c697f28dc6917122ed3a4993fcf336
FLD-CFG-114,leaf,RoutingBasicItem.DomainStrategy,SD-07,,xray routing.domainStrategy默认与routing实体显式优先级,restart_core（冻结台账；保存成功与实际应用阶段分开）,正式入口→真实Rust提交→JSON/SQLite一致修订→退出重开；同revision正式runtime plan→对应core配置校验/真实会话；保存/字段赋值不算效果验证；设置值/活动路由值组合冻结优先级；真实DNS和分流；旧RoutingIndexId见SD-15,SD-01/02/04; 主方案正式窗口与命令队列,production consumer traced statically; no complete UI->Rust->persist->reopen->actual-effect acceptance in this audit；本行尚未完成逐字段正式入口/最终效果验收,无需新架构研究；尚需正式链路验证,all,string,"""AsIs""",v2rayN/ServiceLib/Models/Configs/ConfigItems.cs,RoutingBasicItem.DomainStrategy,7d6a967c18c697f28dc6917122ed3a4993fcf336
FLD-CFG-115,leaf,RoutingBasicItem.DomainStrategy4Singbox,SD-07,,sing-box routing domain strategy/default resolver映射,restart_core（冻结台账；保存成功与实际应用阶段分开）,正式入口→真实Rust提交→JSON/SQLite一致修订→退出重开；同revision正式runtime plan→对应core配置校验/真实会话；保存/字段赋值不算效果验证；按冻结core版本语义/当前能力，不向不支持wire发旧字段；真实解析/分流,SD-01/02/04; 主方案正式窗口与命令队列,production consumer traced statically; no complete UI->Rust->persist->reopen->actual-effect acceptance in this audit；本行尚未完成逐字段正式入口/最终效果验收,无需新架构研究；尚需正式链路验证,all,string,null,v2rayN/ServiceLib/Models/Configs/ConfigItems.cs,RoutingBasicItem.DomainStrategy4Singbox,7d6a967c18c697f28dc6917122ed3a4993fcf336
FLD-CFG-116,leaf,RoutingBasicItem.RoutingIndexId,SD-15,SD-07/10/17,legacy RoutingIndexId→源ID remap→目标IsActive→正式活动routing选择，迁移后清除旧键,save（冻结台账；保存成功与实际应用阶段分开）,正式入口→真实Rust提交→JSON/SQLite一致修订→退出重开；旧ID指定第二路由的load/native/原版ZIP导入后实际生成选第二路由,SD-01/02; SD-10client; routing/resource source schema; 正式codegen context,legacy RoutingIndexId -> IsActive migration missing; ordinary current default setter works；旧键迁移当前缺失，普通set_default不替代迁移；本行尚未完成逐字段正式入口/最终效果验收,无需新架构研究；尚需正式链路验证,all,string,null,v2rayN/ServiceLib/Models/Configs/ConfigItems.cs,RoutingBasicItem.RoutingIndexId,7d6a967c18c697f28dc6917122ed3a4993fcf336
FLD-CFG-117,leaf,UiItem.MainColumnItem[].Name,SD-06,SD-17,profiles canonical column Name标识/未知列保存与未来兼容,save（冻结台账；保存成功与实际应用阶段分开）,正式入口→真实Rust提交→JSON/SQLite一致修订→退出重开；内部column身份非用户手输；字段顺序重开/恢复，新版未知列不被清空,SD-01/02/04; UI原版布局/窗口消费者；单次legacy迁移,canonical column/geometry children stored but not consumed by actual UI；本行尚未完成逐字段正式入口/最终效果验收,无需新架构研究；尚需正式链路验证,all,string,null,v2rayN/ServiceLib/Models/Configs/ConfigItems.cs,ColumnItem.Name,7d6a967c18c697f28dc6917122ed3a4993fcf336
FLD-CFG-118,leaf,UiItem.MainColumnItem[].Width,SD-06,SD-13/17,profiles canonical列Width实际像素/DPI映射,save（冻结台账；保存成功与实际应用阶段分开）,正式入口→真实Rust提交→JSON/SQLite一致修订→退出重开；真实resize、autoAdjust开/关、最小宽度/DPI/窗口缩放，重开仍正确,SD-01/02/04; UI原版布局/窗口消费者；单次legacy迁移,canonical column/geometry children stored but not consumed by actual UI；本行尚未完成逐字段正式入口/最终效果验收,无需新架构研究；尚需正式链路验证,all,int,0,v2rayN/ServiceLib/Models/Configs/ConfigItems.cs,ColumnItem.Width,7d6a967c18c697f28dc6917122ed3a4993fcf336
FLD-CFG-119,leaf,UiItem.MainColumnItem[].Index,SD-06,SD-17,profiles canonical列Index真实显示顺序,save（冻结台账；保存成功与实际应用阶段分开）,正式入口→真实Rust提交→JSON/SQLite一致修订→退出重开；实际列重排→保存→重开/ZIP恢复；重复/坏Index冻结处理与未知列,SD-01/02/04; UI原版布局/窗口消费者；单次legacy迁移,canonical column/geometry children stored but not consumed by actual UI；本行尚未完成逐字段正式入口/最终效果验收,无需新架构研究；尚需正式链路验证,all,int,0,v2rayN/ServiceLib/Models/Configs/ConfigItems.cs,ColumnItem.Index,7d6a967c18c697f28dc6917122ed3a4993fcf336
FLD-CFG-120,leaf,Mux4RayItem.Concurrency,SD-07,,xray mux concurrency生成,restart_core（冻结台账；保存成功与实际应用阶段分开）,正式入口→真实Rust提交→JSON/SQLite一致修订→退出重开；同revision正式runtime plan→对应core配置校验/真实会话；保存/字段赋值不算效果验证；合法边界/禁用mux值及TLS transport互斥；真实core validation/session,SD-01/02/04; 主方案正式窗口与命令队列,production consumer traced statically; no complete UI->Rust->persist->reopen->actual-effect acceptance in this audit；本行尚未完成逐字段正式入口/最终效果验收,无需新架构研究；尚需正式链路验证,all,int?,8,v2rayN/ServiceLib/Models/Configs/ConfigItems.cs,Mux4RayItem.Concurrency,7d6a967c18c697f28dc6917122ed3a4993fcf336
FLD-CFG-121,leaf,Mux4RayItem.XudpConcurrency,SD-07,,xray mux xudpConcurrency生成,restart_core（冻结台账；保存成功与实际应用阶段分开）,正式入口→真实Rust提交→JSON/SQLite一致修订→退出重开；同revision正式runtime plan→对应core配置校验/真实会话；保存/字段赋值不算效果验证；边界/禁用组合与实际UDP路径；缺core支持显式诊断,SD-01/02/04; 主方案正式窗口与命令队列,production consumer traced statically; no complete UI->Rust->persist->reopen->actual-effect acceptance in this audit；本行尚未完成逐字段正式入口/最终效果验收,无需新架构研究；尚需正式链路验证,all,int?,16,v2rayN/ServiceLib/Models/Configs/ConfigItems.cs,Mux4RayItem.XudpConcurrency,7d6a967c18c697f28dc6917122ed3a4993fcf336
FLD-CFG-122,leaf,Mux4RayItem.XudpProxyUDP443,SD-07,,xray mux xudpProxyUDP443枚举生成,restart_core（冻结台账；保存成功与实际应用阶段分开）,正式入口→真实Rust提交→JSON/SQLite一致修订→退出重开；同revision正式runtime plan→对应core配置校验/真实会话；保存/字段赋值不算效果验证；reject/allow/skip等冻结值、错误enum；合成UDP443分流,SD-01/02/04; 主方案正式窗口与命令队列,production consumer traced statically; no complete UI->Rust->persist->reopen->actual-effect acceptance in this audit；本行尚未完成逐字段正式入口/最终效果验收,无需新架构研究；尚需正式链路验证,all,string,"""reject""",v2rayN/ServiceLib/Models/Configs/ConfigItems.cs,Mux4RayItem.XudpProxyUDP443,7d6a967c18c697f28dc6917122ed3a4993fcf336
FLD-CFG-123,leaf,Mux4SboxItem.Protocol,SD-07,,sing-box multiplex.protocol生成,restart_core（冻结台账；保存成功与实际应用阶段分开）,正式入口→真实Rust提交→JSON/SQLite一致修订→退出重开；同revision正式runtime plan→对应core配置校验/真实会话；保存/字段赋值不算效果验证；冻结协议枚举与core支持；真实validation/session,SD-01/02/04; 主方案正式窗口与命令队列,production consumer traced statically; no complete UI->Rust->persist->reopen->actual-effect acceptance in this audit；本行尚未完成逐字段正式入口/最终效果验收,无需新架构研究；尚需正式链路验证,all,string,"""h2mux""",v2rayN/ServiceLib/Models/Configs/ConfigItems.cs,Mux4SboxItem.Protocol,7d6a967c18c697f28dc6917122ed3a4993fcf336
FLD-CFG-124,leaf,Mux4SboxItem.MaxConnections,SD-07,,sing-box multiplex.max_connections生成,restart_core（冻结台账；保存成功与实际应用阶段分开）,正式入口→真实Rust提交→JSON/SQLite一致修订→退出重开；同revision正式runtime plan→对应core配置校验/真实会话；保存/字段赋值不算效果验证；零/范围边界/并发限制与真实session,SD-01/02/04; 主方案正式窗口与命令队列,production consumer traced statically; no complete UI->Rust->persist->reopen->actual-effect acceptance in this audit；本行尚未完成逐字段正式入口/最终效果验收,无需新架构研究；尚需正式链路验证,all,int,8,v2rayN/ServiceLib/Models/Configs/ConfigItems.cs,Mux4SboxItem.MaxConnections,7d6a967c18c697f28dc6917122ed3a4993fcf336
FLD-CFG-125,leaf,Mux4SboxItem.Padding,SD-07,,sing-box multiplex.padding生成,restart_core（冻结台账；保存成功与实际应用阶段分开）,正式入口→真实Rust提交→JSON/SQLite一致修订→退出重开；同revision正式runtime plan→对应core配置校验/真实会话；保存/字段赋值不算效果验证；开/关mux组合、支持transport真实session,SD-01/02/04; 主方案正式窗口与命令队列,production consumer traced statically; no complete UI->Rust->persist->reopen->actual-effect acceptance in this audit；本行尚未完成逐字段正式入口/最终效果验收,无需新架构研究；尚需正式链路验证,all,bool?,null,v2rayN/ServiceLib/Models/Configs/ConfigItems.cs,Mux4SboxItem.Padding,7d6a967c18c697f28dc6917122ed3a4993fcf336
FLD-CFG-126,leaf,HysteriaItem.UpMbps,SD-07,,Hysteria适用版本up_mbps生成及各core能力映射,restart_core（冻结台账；保存成功与实际应用阶段分开）,正式入口→真实Rust提交→JSON/SQLite一致修订→退出重开；同revision正式runtime plan→对应core配置校验/真实会话；保存/字段赋值不算效果验证；单位/零值/缺省；实际对应Hysteria版本会话，不跨Hysteria2臆造兼容,SD-01/02/04; 主方案正式窗口与命令队列,production consumer traced statically; no complete UI->Rust->persist->reopen->actual-effect acceptance in this audit；本行尚未完成逐字段正式入口/最终效果验收,无需新架构研究；尚需正式链路验证,all,int,100,v2rayN/ServiceLib/Models/Configs/ConfigItems.cs,HysteriaItem.UpMbps,7d6a967c18c697f28dc6917122ed3a4993fcf336
FLD-CFG-127,leaf,HysteriaItem.DownMbps,SD-07,,Hysteria适用版本down_mbps生成及各core能力映射,restart_core（冻结台账；保存成功与实际应用阶段分开）,正式入口→真实Rust提交→JSON/SQLite一致修订→退出重开；同revision正式runtime plan→对应core配置校验/真实会话；保存/字段赋值不算效果验证；单位/零值/缺省；实际对应版本会话,SD-01/02/04; 主方案正式窗口与命令队列,production consumer traced statically; no complete UI->Rust->persist->reopen->actual-effect acceptance in this audit；本行尚未完成逐字段正式入口/最终效果验收,无需新架构研究；尚需正式链路验证,all,int,100,v2rayN/ServiceLib/Models/Configs/ConfigItems.cs,HysteriaItem.DownMbps,7d6a967c18c697f28dc6917122ed3a4993fcf336
FLD-CFG-128,leaf,HysteriaItem.HopInterval,SD-07,,Hysteria port hopping interval生成/端口列表配合,restart_core（冻结台账；保存成功与实际应用阶段分开）,正式入口→真实Rust提交→JSON/SQLite一致修订→退出重开；同revision正式runtime plan→对应core配置校验/真实会话；保存/字段赋值不算效果验证；interval格式/单位/无hop/有hop实际会话；当前core能力诊断,SD-01/02/04; 主方案正式窗口与命令队列,production consumer traced statically; no complete UI->Rust->persist->reopen->actual-effect acceptance in this audit；本行尚未完成逐字段正式入口/最终效果验收,无需新架构研究；尚需正式链路验证,all,int,30,v2rayN/ServiceLib/Models/Configs/ConfigItems.cs,HysteriaItem.HopInterval,7d6a967c18c697f28dc6917122ed3a4993fcf336
FLD-CFG-129,leaf,ClashUIItem.EnableIPv6,SD-14,SD-07,Mihomo custom plan正式mixin options ipv6→native YAML/core,restart_core（冻结台账；保存成功与实际应用阶段分开）,正式入口→真实Rust提交→JSON/SQLite一致修订→退出重开；同revision正式runtime plan→对应core配置校验/真实会话；保存/字段赋值不算效果验证；enabled/disabled/自带YAML值覆盖顺序与实际IPv6能力,SD-01/02; 冻结Clash merge顺序; native custom plan,Mixin options projection exists only in tests; native Mihomo runtime bypasses merge；已有mixin helper未接当前native runtime plan；本行尚未完成逐字段正式入口/最终效果验收,无需新架构研究；尚需正式链路验证,all,bool,false,v2rayN/ServiceLib/Models/Configs/ConfigItems.cs,ClashUIItem.EnableIPv6,7d6a967c18c697f28dc6917122ed3a4993fcf336
FLD-CFG-130,leaf,ClashUIItem.EnableMixinContent,SD-14,SD-07,Mihomo custom plan EnableMixinContent→实际受控mixin文件merge/关闭保留文件,restart_core（冻结台账；保存成功与实际应用阶段分开）,正式入口→真实Rust提交→JSON/SQLite一致修订→退出重开；同revision正式runtime plan→对应core配置校验/真实会话；保存/字段赋值不算效果验证；关/开/不存在/坏YAML/未知键，真实API与配置效果；关闭不删原文件,SD-01/02; SD-10可选资源; 冻结Clash merge顺序,Mixin options projection exists only in tests; native Mihomo runtime bypasses merge；helper单测不替代正式custom plan merge；本行尚未完成逐字段正式入口/最终效果验收,无需新架构研究；尚需正式链路验证,all,bool,false,v2rayN/ServiceLib/Models/Configs/ConfigItems.cs,ClashUIItem.EnableMixinContent,7d6a967c18c697f28dc6917122ed3a4993fcf336
FLD-CFG-131,leaf,ClashUIItem.ProxiesSorting,SD-13,SD-14,canonical ClashUI proxies sorting→真实core API轮询/排序、可见页面生命周期,immediate（冻结台账；保存成功与实际应用阶段分开）,正式入口→真实Rust提交→JSON/SQLite一致修订→退出重开；实际Clash API数据/顺序或请求频率、隐藏暂停/取消、core切换；保存失败可见且回滚用户选择,SD-04; native monitor端点来自实际session; timer lifecycle,local option changed before saveGroup; unsuccessful persistence not shown/rolled back；保存异步失败传播需统一；不能只看当前UI值变化；本行尚未完成逐字段正式入口/最终效果验收,无需新架构研究；尚需正式链路验证,all,int,0,v2rayN/ServiceLib/Models/Configs/ConfigItems.cs,ClashUIItem.ProxiesSorting,7d6a967c18c697f28dc6917122ed3a4993fcf336
FLD-CFG-132,leaf,ClashUIItem.ProxiesAutoRefresh,SD-13,SD-14,canonical ClashUI proxies auto refresh→真实core API轮询/排序、可见页面生命周期,immediate（冻结台账；保存成功与实际应用阶段分开）,正式入口→真实Rust提交→JSON/SQLite一致修订→退出重开；实际Clash API数据/顺序或请求频率、隐藏暂停/取消、core切换；保存失败可见且回滚用户选择,SD-04; native monitor端点来自实际session; timer lifecycle,local option changed before saveGroup; unsuccessful persistence not shown/rolled back；保存异步失败传播需统一；不能只看当前UI值变化；本行尚未完成逐字段正式入口/最终效果验收,无需新架构研究；尚需正式链路验证,all,bool,false,v2rayN/ServiceLib/Models/Configs/ConfigItems.cs,ClashUIItem.ProxiesAutoRefresh,7d6a967c18c697f28dc6917122ed3a4993fcf336
FLD-CFG-133,leaf,ClashUIItem.ProxiesRefreshInterval,SD-13,SD-14,canonical ClashUI proxies refresh interval→真实core API轮询/排序、可见页面生命周期,immediate（冻结台账；保存成功与实际应用阶段分开）,正式入口→真实Rust提交→JSON/SQLite一致修订→退出重开；实际Clash API数据/顺序或请求频率、隐藏暂停/取消、core切换；保存失败可见且回滚用户选择,SD-04; native monitor端点来自实际session; timer lifecycle,production consumer traced statically; no complete UI->Rust->persist->reopen->actual-effect acceptance in this audit；保存异步失败传播需统一；不能只看当前UI值变化；本行尚未完成逐字段正式入口/最终效果验收,无需新架构研究；尚需正式链路验证,all,int,2,v2rayN/ServiceLib/Models/Configs/ConfigItems.cs,ClashUIItem.ProxiesRefreshInterval,7d6a967c18c697f28dc6917122ed3a4993fcf336
FLD-CFG-134,leaf,ClashUIItem.ConnectionsAutoRefresh,SD-13,SD-14,canonical ClashUI connections auto refresh→真实core API轮询/排序、可见页面生命周期,immediate（冻结台账；保存成功与实际应用阶段分开）,正式入口→真实Rust提交→JSON/SQLite一致修订→退出重开；实际Clash API数据/顺序或请求频率、隐藏暂停/取消、core切换；保存失败可见且回滚用户选择,SD-04; native monitor端点来自实际session; timer lifecycle,local option changed before saveGroup; unsuccessful persistence not shown/rolled back；保存异步失败传播需统一；不能只看当前UI值变化；本行尚未完成逐字段正式入口/最终效果验收,无需新架构研究；尚需正式链路验证,all,bool,false,v2rayN/ServiceLib/Models/Configs/ConfigItems.cs,ClashUIItem.ConnectionsAutoRefresh,7d6a967c18c697f28dc6917122ed3a4993fcf336
FLD-CFG-135,leaf,ClashUIItem.ConnectionsRefreshInterval,SD-13,SD-14,canonical ClashUI connections refresh interval→真实core API轮询/排序、可见页面生命周期,immediate（冻结台账；保存成功与实际应用阶段分开）,正式入口→真实Rust提交→JSON/SQLite一致修订→退出重开；实际Clash API数据/顺序或请求频率、隐藏暂停/取消、core切换；保存失败可见且回滚用户选择,SD-04; native monitor端点来自实际session; timer lifecycle,production consumer traced statically; no complete UI->Rust->persist->reopen->actual-effect acceptance in this audit；保存异步失败传播需统一；不能只看当前UI值变化；本行尚未完成逐字段正式入口/最终效果验收,无需新架构研究；尚需正式链路验证,all,int,2,v2rayN/ServiceLib/Models/Configs/ConfigItems.cs,ClashUIItem.ConnectionsRefreshInterval,7d6a967c18c697f28dc6917122ed3a4993fcf336
FLD-CFG-136,leaf,ClashUIItem.ConnectionsColumnItem,SD-06,SD-13/17,connections真实列canonical layout数组及表组件,immediate（冻结台账；保存成功与实际应用阶段分开）,正式入口→真实Rust提交→JSON/SQLite一致修订→退出重开；每列真实resize/order/隐藏/重开/备份恢复；容器不冒称额外功能,SD-01/02/04; UI原版布局/窗口消费者；单次legacy迁移,connections table DataColumns fixed; canonical column width/order ignored；本行尚未完成逐字段正式入口/最终效果验收,无需新架构研究；尚需正式链路验证,all,list<ColumnItem>,[],v2rayN/ServiceLib/Models/Configs/ConfigItems.cs,ClashUIItem.ConnectionsColumnItem,7d6a967c18c697f28dc6917122ed3a4993fcf336
FLD-CFG-137,leaf,SystemProxyItem.SysProxyType,SD-05,SD-07/18,platform service SysProxyType→actual模式/endpoint/ownership apply，仅成功事实可去重,immediate（冻结台账；保存成功与实际应用阶段分开）,正式入口→真实Rust提交→JSON/SQLite一致修订→退出重开；fake仅失败注入；同mode/session/port改内容仍apply/retry；隔离Windows查询真实proxy/PAC值与恢复归属,SD-04; actual Endpoint/PlatformReceipt/ownership ledger; 隔离OS场景,"actual OS consumer/codegen exists, platform effect remains unverified; TUN overall contains confirmed defects, see runtime report；现去重key只有mode/session/port，遗漏配置内容与PAC实际内容hash；本行尚未完成逐字段正式入口/最终效果验收",无需新架构研究；尚需正式链路验证,all,enum,"""ForcedClear""",v2rayN/ServiceLib/Models/Configs/ConfigItems.cs,SystemProxyItem.SysProxyType,7d6a967c18c697f28dc6917122ed3a4993fcf336
FLD-CFG-138,leaf,SystemProxyItem.SystemProxyExceptions,SD-05,SD-07/18,platform service SystemProxyExceptions→实际bypass列表，仅成功事实可去重,immediate（冻结台账；保存成功与实际应用阶段分开）,正式入口→真实Rust提交→JSON/SQLite一致修订→退出重开；fake仅失败注入；同mode/session/port改内容仍apply/retry；隔离Windows查询真实proxy/PAC值与恢复归属,SD-04; actual Endpoint/PlatformReceipt/ownership ledger; 隔离OS场景,OS consumer exists but sync key ignores changed bypass content；现去重key只有mode/session/port，遗漏配置内容与PAC实际内容hash；本行尚未完成逐字段正式入口/最终效果验收,无需新架构研究；尚需正式链路验证,all,string,"""localhost;127.*;10.*;...;192.168.*（Windows） / localhost,127.0.0.0/8,::1（Linux）""",v2rayN/ServiceLib/Models/Configs/ConfigItems.cs,SystemProxyItem.SystemProxyExceptions,7d6a967c18c697f28dc6917122ed3a4993fcf336
FLD-CFG-139,leaf,SystemProxyItem.NotProxyLocalAddress,SD-05,SD-07/18,platform service NotProxyLocalAddress→实际local bypass合成，仅成功事实可去重,immediate（冻结台账；保存成功与实际应用阶段分开）,正式入口→真实Rust提交→JSON/SQLite一致修订→退出重开；fake仅失败注入；同mode/session/port改内容仍apply/retry；隔离Windows查询真实proxy/PAC值与恢复归属,SD-04; actual Endpoint/PlatformReceipt/ownership ledger; 隔离OS场景,OS consumer exists but sync key ignores changed local bypass flag；现去重key只有mode/session/port，遗漏配置内容与PAC实际内容hash；本行尚未完成逐字段正式入口/最终效果验收,无需新架构研究；尚需正式链路验证,['windows'],bool,true,v2rayN/ServiceLib/Models/Configs/ConfigItems.cs,SystemProxyItem.NotProxyLocalAddress,7d6a967c18c697f28dc6917122ed3a4993fcf336
FLD-CFG-140,leaf,SystemProxyItem.SystemProxyAdvancedProtocol,SD-05,SD-07/18,platform service SystemProxyAdvancedProtocol→实际protocol-map代理值，仅成功事实可去重,immediate（冻结台账；保存成功与实际应用阶段分开）,正式入口→真实Rust提交→JSON/SQLite一致修订→退出重开；fake仅失败注入；同mode/session/port改内容仍apply/retry；隔离Windows查询真实proxy/PAC值与恢复归属,SD-04; actual Endpoint/PlatformReceipt/ownership ledger; 隔离OS场景,OS consumer exists but sync key ignores changed advanced protocol；现去重key只有mode/session/port，遗漏配置内容与PAC实际内容hash；本行尚未完成逐字段正式入口/最终效果验收,无需新架构研究；尚需正式链路验证,['windows'],string,null,v2rayN/ServiceLib/Models/Configs/ConfigItems.cs,SystemProxyItem.SystemProxyAdvancedProtocol,7d6a967c18c697f28dc6917122ed3a4993fcf336
FLD-CFG-141,leaf,SystemProxyItem.CustomSystemProxyPacPath,SD-05,SD-07/18,platform service CustomSystemProxyPacPath→原版PAC读文件/默认fallback/内容hash/服务实际文件，仅成功事实可去重,immediate（冻结台账；保存成功与实际应用阶段分开）,正式入口→真实Rust提交→JSON/SQLite一致修订→退出重开；fake仅失败注入；同mode/session/port改内容仍apply/retry；隔离Windows查询真实proxy/PAC值与恢复归属,SD-04; actual Endpoint/PlatformReceipt/ownership ledger; 隔离OS场景,PAC sync key ignores custom path; nonexistent custom path is created rather than upstream fallback；现去重key只有mode/session/port，遗漏配置内容与PAC实际内容hash；本行尚未完成逐字段正式入口/最终效果验收,无需新架构研究；尚需正式链路验证,['windows'],string,null,v2rayN/ServiceLib/Models/Configs/ConfigItems.cs,SystemProxyItem.CustomSystemProxyPacPath,7d6a967c18c697f28dc6917122ed3a4993fcf336
FLD-CFG-142,leaf,SystemProxyItem.CustomSystemProxyScriptPath,SD-18,SD-10,macOS/Linux frozen proxy adapter实际执行CustomSystemProxyScriptPath及安全参数/timeout/exit/补偿,immediate（冻结台账；保存成功与实际应用阶段分开）,正式入口→真实Rust提交→JSON/SQLite一致修订→退出重开；合成脚本参数/cwd/成功/失败/超时/取消；平台真实效果与恢复；Windows按原版不适用,SD-05; 冻结ProxySettingLinux/OSX; 独立平台release,OSX/Linux custom proxy script only path validation; execution consumer absent; Windows original does not use；当前只有路径有效性校验，不能称脚本真实生效；本行尚未完成逐字段正式入口/最终效果验收,无需新架构研究；尚需正式链路验证,"['macos', 'linux']",string,null,v2rayN/ServiceLib/Models/Configs/ConfigItems.cs,SystemProxyItem.CustomSystemProxyScriptPath,7d6a967c18c697f28dc6917122ed3a4993fcf336
FLD-CFG-143,leaf,WebDavItem.Url,SD-17,SD-04/16,WebDAV Url→shared HttpPolicy真实PROPFIND/PUT/GET资源路径/认证→受控backup/restore,save（冻结台账；保存成功与实际应用阶段分开）,正式入口→真实Rust提交→JSON/SQLite一致修订→退出重开；合成本地WebDAV真实协议：编码/目录/auth/失败/重试/中断；ZIP/native/原版bundle canonical IDs/未知键往返；secret不入日志,SD-01/02/03; SD-10; actual backup lifecycle service,production consumer traced statically; no complete UI->Rust->persist->reopen->actual-effect acceptance in this audit；mock HTTP/ZIP解析不证明真实WebDAV+DB+UI重开；password处理按现有秘密保护合同；本行尚未完成逐字段正式入口/最终效果验收,无需新架构研究；尚需正式链路验证,all,string,null,v2rayN/ServiceLib/Models/Configs/ConfigItems.cs,WebDavItem.Url,7d6a967c18c697f28dc6917122ed3a4993fcf336
FLD-CFG-144,leaf,WebDavItem.UserName,SD-17,SD-04/16,WebDAV UserName→shared HttpPolicy真实PROPFIND/PUT/GET资源路径/认证→受控backup/restore,save（冻结台账；保存成功与实际应用阶段分开）,正式入口→真实Rust提交→JSON/SQLite一致修订→退出重开；合成本地WebDAV真实协议：编码/目录/auth/失败/重试/中断；ZIP/native/原版bundle canonical IDs/未知键往返；secret不入日志,SD-01/02/03; SD-10; actual backup lifecycle service,production consumer traced statically; no complete UI->Rust->persist->reopen->actual-effect acceptance in this audit；mock HTTP/ZIP解析不证明真实WebDAV+DB+UI重开；password处理按现有秘密保护合同；本行尚未完成逐字段正式入口/最终效果验收,无需新架构研究；尚需正式链路验证,all,string,null,v2rayN/ServiceLib/Models/Configs/ConfigItems.cs,WebDavItem.UserName,7d6a967c18c697f28dc6917122ed3a4993fcf336
FLD-CFG-145,leaf,WebDavItem.Password,SD-17,SD-04/16,WebDAV Password→shared HttpPolicy真实PROPFIND/PUT/GET资源路径/认证→受控backup/restore,save（冻结台账；保存成功与实际应用阶段分开）,正式入口→真实Rust提交→JSON/SQLite一致修订→退出重开；合成本地WebDAV真实协议：编码/目录/auth/失败/重试/中断；ZIP/native/原版bundle canonical IDs/未知键往返；secret不入日志,SD-01/02/03; SD-10; actual backup lifecycle service,production consumer traced statically; no complete UI->Rust->persist->reopen->actual-effect acceptance in this audit；mock HTTP/ZIP解析不证明真实WebDAV+DB+UI重开；password处理按现有秘密保护合同；本行尚未完成逐字段正式入口/最终效果验收,无需新架构研究；尚需正式链路验证,all,string,null,v2rayN/ServiceLib/Models/Configs/ConfigItems.cs,WebDavItem.Password,7d6a967c18c697f28dc6917122ed3a4993fcf336
FLD-CFG-146,leaf,WebDavItem.DirName,SD-17,SD-04/16,WebDAV DirName→shared HttpPolicy真实PROPFIND/PUT/GET资源路径/认证→受控backup/restore,save（冻结台账；保存成功与实际应用阶段分开）,正式入口→真实Rust提交→JSON/SQLite一致修订→退出重开；合成本地WebDAV真实协议：编码/目录/auth/失败/重试/中断；ZIP/native/原版bundle canonical IDs/未知键往返；secret不入日志,SD-01/02/03; SD-10; actual backup lifecycle service,production consumer traced statically; no complete UI->Rust->persist->reopen->actual-effect acceptance in this audit；mock HTTP/ZIP解析不证明真实WebDAV+DB+UI重开；password处理按现有秘密保护合同；本行尚未完成逐字段正式入口/最终效果验收,无需新架构研究；尚需正式链路验证,all,string,null,v2rayN/ServiceLib/Models/Configs/ConfigItems.cs,WebDavItem.DirName,7d6a967c18c697f28dc6917122ed3a4993fcf336
FLD-CFG-147,leaf,CheckUpdateItem.CheckPreReleaseUpdate,SD-16,SD-17,update check/apply explicitflags prerelease channel；应用真实发行repo/pubkey；四auto目标与14manual库存区分,save（冻结台账；保存成功与实际应用阶段分开）,正式入口→真实Rust提交→JSON/SQLite一致修订→退出重开；保存失败可见不继续；当次flags进入metadata/asset；真实发行签名/错签/篡改/runner交接/安装失败与数据兼容回滚,本项目真实release repo/资产/可信公钥；SD-04/10；签名格式/runner/数据兼容区间,local option changed before saveGroup; unsuccessful persistence not shown/rolled back；Rust with_flags存在但UI/BridgePort未接；app_repo=None；签名来源不能继续冒用上游应用身份；本行尚未完成逐字段正式入口/最终效果验收,产品前置：发行repo/publickey/渠道；需核定签名发行格式与真实安装路径,all,bool,false,v2rayN/ServiceLib/Models/Configs/ConfigItems.cs,CheckUpdateItem.CheckPreReleaseUpdate,7d6a967c18c697f28dc6917122ed3a4993fcf336
FLD-CFG-148,leaf,CheckUpdateItem.UpdateViaProxy,SD-16,SD-17,update check/apply explicitflags via_proxy当次实际session/policy；应用真实发行repo/pubkey；四auto目标与14manual库存区分,save（冻结台账；保存成功与实际应用阶段分开）,正式入口→真实Rust提交→JSON/SQLite一致修订→退出重开；保存失败可见不继续；当次flags进入metadata/asset；真实发行签名/错签/篡改/runner交接/安装失败与数据兼容回滚,本项目真实release repo/资产/可信公钥；SD-04/10；签名格式/runner/数据兼容区间,local option changed before saveGroup; unsuccessful persistence not shown/rolled back；Rust with_flags存在但UI/BridgePort未接；app_repo=None；签名来源不能继续冒用上游应用身份；本行尚未完成逐字段正式入口/最终效果验收,产品前置：发行repo/publickey/渠道；需核定签名发行格式与真实安装路径,all,bool,true,v2rayN/ServiceLib/Models/Configs/ConfigItems.cs,CheckUpdateItem.UpdateViaProxy,7d6a967c18c697f28dc6917122ed3a4993fcf336
FLD-CFG-149,leaf,CheckUpdateItem.SelectedCoreTypes,SD-16,SD-17,update check/apply explicitflags SelectedCoreTypes冻结auto目标集合；应用真实发行repo/pubkey；四auto目标与14manual库存区分,save（冻结台账；保存成功与实际应用阶段分开）,正式入口→真实Rust提交→JSON/SQLite一致修订→退出重开；保存失败可见不继续；当次flags进入metadata/asset；真实发行签名/错签/篡改/runner交接/安装失败与数据兼容回滚,本项目真实release repo/资产/可信公钥；SD-04/10；签名格式/runner/数据兼容区间,backend null-vs-empty fixed; option save failure still silently ignored；Rust with_flags存在但UI/BridgePort未接；app_repo=None；签名来源不能继续冒用上游应用身份；本行尚未完成逐字段正式入口/最终效果验收,产品前置：发行repo/publickey/渠道；需核定签名发行格式与真实安装路径,all,list<string>,null,v2rayN/ServiceLib/Models/Configs/ConfigItems.cs,CheckUpdateItem.SelectedCoreTypes,7d6a967c18c697f28dc6917122ed3a4993fcf336
FLD-CFG-150,leaf,Fragment4RayItem.Packets,SD-09,SD-08,raw Fragment4Ray Packets→统一parse/default→xray/sing-box适用outbound；legacy值仅迁移源,restart_core（冻结台账；保存成功与实际应用阶段分开）,正式入口→真实Rust提交→JSON/SQLite一致修订→退出重开；同revision正式runtime plan→对应core配置校验/真实会话；保存/字段赋值不算效果验证；冻结字符串格式/默认/legacy迁移与EnableFragment/FinalFragment组合；UI/Rust判定一致,SD-01/07; 冻结Utils.TryParseMaxSplit与V2rayOutboundService; core版本能力,production consumer traced statically; no complete UI->Rust->persist->reopen->actual-effect acceptance in this audit；legacy内部迁移项不是新可见开关；需要raw/default兼容；本行尚未完成逐字段正式入口/最终效果验收,无需新架构研究；尚需正式链路验证,all,string,"""tlshello""",v2rayN/ServiceLib/Models/Configs/ConfigItems.cs,Fragment4RayItem.Packets,7d6a967c18c697f28dc6917122ed3a4993fcf336
FLD-CFG-151,leaf,Fragment4RayItem.Lengths,SD-09,SD-08,raw Fragment4Ray Lengths→统一parse/default→xray/sing-box适用outbound；legacy值仅迁移源,restart_core（冻结台账；保存成功与实际应用阶段分开）,正式入口→真实Rust提交→JSON/SQLite一致修订→退出重开；同revision正式runtime plan→对应core配置校验/真实会话；保存/字段赋值不算效果验证；冻结字符串格式/默认/legacy迁移与EnableFragment/FinalFragment组合；UI/Rust判定一致,SD-01/07; 冻结Utils.TryParseMaxSplit与V2rayOutboundService; core版本能力,production consumer traced statically; no complete UI->Rust->persist->reopen->actual-effect acceptance in this audit；legacy内部迁移项不是新可见开关；需要raw/default兼容；本行尚未完成逐字段正式入口/最终效果验收,无需新架构研究；尚需正式链路验证,all,list<string>,"[""50-100""]",v2rayN/ServiceLib/Models/Configs/ConfigItems.cs,Fragment4RayItem.Lengths,7d6a967c18c697f28dc6917122ed3a4993fcf336
FLD-CFG-152,leaf,Fragment4RayItem.Delays,SD-09,SD-08,raw Fragment4Ray Delays→统一parse/default→xray/sing-box适用outbound；legacy值仅迁移源,restart_core（冻结台账；保存成功与实际应用阶段分开）,正式入口→真实Rust提交→JSON/SQLite一致修订→退出重开；同revision正式runtime plan→对应core配置校验/真实会话；保存/字段赋值不算效果验证；冻结字符串格式/默认/legacy迁移与EnableFragment/FinalFragment组合；UI/Rust判定一致,SD-01/07; 冻结Utils.TryParseMaxSplit与V2rayOutboundService; core版本能力,production consumer traced statically; no complete UI->Rust->persist->reopen->actual-effect acceptance in this audit；legacy内部迁移项不是新可见开关；需要raw/default兼容；本行尚未完成逐字段正式入口/最终效果验收,无需新架构研究；尚需正式链路验证,all,list<string>,"[""10-20""]",v2rayN/ServiceLib/Models/Configs/ConfigItems.cs,Fragment4RayItem.Delays,7d6a967c18c697f28dc6917122ed3a4993fcf336
FLD-CFG-153,leaf,Fragment4RayItem.MaxSplit,SD-09,SD-08,raw Fragment4Ray MaxSplit→统一parse/default→xray/sing-box适用outbound；legacy值仅迁移源,restart_core（冻结台账；保存成功与实际应用阶段分开）,正式入口→真实Rust提交→JSON/SQLite一致修订→退出重开；同revision正式runtime plan→对应core配置校验/真实会话；保存/字段赋值不算效果验证；MaxSplit单值/范围1-3/0/10000/倒序/负数/多段，冻结wire只取first整数；raw范围保留,SD-01/07; 冻结Utils.TryParseMaxSplit与V2rayOutboundService; core版本能力,upstream-valid string range 1-3 still rejected by UI/Rust integer-only validation；MaxSplit范围已确认被当前后端拒绝；本行尚未完成逐字段正式入口/最终效果验收,无需新架构研究；尚需正式链路验证,all,string,"""0""",v2rayN/ServiceLib/Models/Configs/ConfigItems.cs,Fragment4RayItem.MaxSplit,7d6a967c18c697f28dc6917122ed3a4993fcf336
FLD-CFG-154,leaf,Fragment4RayItem.Length,SD-09,SD-08,raw Fragment4Ray legacy Length→统一parse/default→xray/sing-box适用outbound；legacy值仅迁移源,next_launch（冻结台账；保存成功与实际应用阶段分开）,正式入口→真实Rust提交→JSON/SQLite一致修订→退出重开；同revision正式runtime plan→对应core配置校验/真实会话；保存/字段赋值不算效果验证；冻结字符串格式/默认/legacy迁移与EnableFragment/FinalFragment组合；UI/Rust判定一致,SD-01/07; 冻结Utils.TryParseMaxSplit与V2rayOutboundService; core版本能力,production consumer traced statically; no complete UI->Rust->persist->reopen->actual-effect acceptance in this audit；legacy内部迁移项不是新可见开关；需要raw/default兼容；本行尚未完成逐字段正式入口/最终效果验收,无需新架构研究；尚需正式链路验证,all,string,null,v2rayN/ServiceLib/Models/Configs/ConfigItems.cs,Fragment4RayItem.Length,7d6a967c18c697f28dc6917122ed3a4993fcf336
FLD-CFG-155,leaf,Fragment4RayItem.Interval,SD-09,SD-08,raw Fragment4Ray legacy Interval→统一parse/default→xray/sing-box适用outbound；legacy值仅迁移源,next_launch（冻结台账；保存成功与实际应用阶段分开）,正式入口→真实Rust提交→JSON/SQLite一致修订→退出重开；同revision正式runtime plan→对应core配置校验/真实会话；保存/字段赋值不算效果验证；冻结字符串格式/默认/legacy迁移与EnableFragment/FinalFragment组合；UI/Rust判定一致,SD-01/07; 冻结Utils.TryParseMaxSplit与V2rayOutboundService; core版本能力,production consumer traced statically; no complete UI->Rust->persist->reopen->actual-effect acceptance in this audit；legacy内部迁移项不是新可见开关；需要raw/default兼容；本行尚未完成逐字段正式入口/最终效果验收,无需新架构研究；尚需正式链路验证,all,string,null,v2rayN/ServiceLib/Models/Configs/ConfigItems.cs,Fragment4RayItem.Interval,7d6a967c18c697f28dc6917122ed3a4993fcf336
FLD-CFG-156,leaf,UiItem.WindowSizeItem[].TypeName,SD-06,SD-18/17,原生窗口canonical TypeName→对应窗口geometry记录,immediate（冻结台账；保存成功与实际应用阶段分开）,正式入口→真实Rust提交→JSON/SQLite一致修订→退出重开；内部类型不是用户手输；主/设置/路由等冻结window type，独立记录不覆盖,SD-01/02/04; UI原版布局/窗口消费者；单次legacy迁移,canonical column/geometry children stored but not consumed by actual UI；本行尚未完成逐字段正式入口/最终效果验收,无需新架构研究；尚需正式链路验证,all,string,null,v2rayN/ServiceLib/Models/Configs/ConfigItems.cs,WindowSizeItem.TypeName,7d6a967c18c697f28dc6917122ed3a4993fcf336
FLD-CFG-157,leaf,UiItem.WindowSizeItem[].Width,SD-06,SD-18/17,各原生窗口canonical Width→实际窗口尺寸,immediate（冻结台账；保存成功与实际应用阶段分开）,正式入口→真实Rust提交→JSON/SQLite一致修订→退出重开；resize/save/reopen，工作区/DPI安全clamp，旧INI迁移与backup往返,SD-01/02/04; UI原版布局/窗口消费者；单次legacy迁移,canonical column/geometry children stored but not consumed by actual UI；本行尚未完成逐字段正式入口/最终效果验收,无需新架构研究；尚需正式链路验证,all,int,0,v2rayN/ServiceLib/Models/Configs/ConfigItems.cs,WindowSizeItem.Width,7d6a967c18c697f28dc6917122ed3a4993fcf336
FLD-CFG-158,leaf,UiItem.WindowSizeItem[].Height,SD-06,SD-18/17,各原生窗口canonical Height→实际窗口尺寸,immediate（冻结台账；保存成功与实际应用阶段分开）,正式入口→真实Rust提交→JSON/SQLite一致修订→退出重开；resize/save/reopen、最小内容高、DPI安全clamp，独立窗口与backup往返,SD-01/02/04; UI原版布局/窗口消费者；单次legacy迁移,canonical column/geometry children stored but not consumed by actual UI；本行尚未完成逐字段正式入口/最终效果验收,无需新架构研究；尚需正式链路验证,all,int,0,v2rayN/ServiceLib/Models/Configs/ConfigItems.cs,WindowSizeItem.Height,7d6a967c18c697f28dc6917122ed3a4993fcf336
FLD-CFG-159,leaf,SimpleDNSItem.UseSystemHosts,SD-07,SD-08/15,SimpleDNS UseSystemHosts→core DNS hosts/system hosts注入,restart_core（冻结台账；保存成功与实际应用阶段分开）,正式入口→真实Rust提交→JSON/SQLite一致修订→退出重开；同revision正式runtime plan→对应core配置校验/真实会话；保存/字段赋值不算效果验证；开/关真实系统hosts目标解析；不读/记录用户秘密hosts内容,SD-01/02; 活动DNS/routing方案优先级; core版本能力,production consumer traced statically; no complete UI->Rust->persist->reopen->actual-effect acceptance in this audit；本行尚未完成逐字段正式入口/最终效果验收,无需新架构研究；尚需正式链路验证,all,bool?,false,v2rayN/ServiceLib/Models/Configs/ConfigItems.cs,SimpleDNSItem.UseSystemHosts,7d6a967c18c697f28dc6917122ed3a4993fcf336
FLD-CFG-160,leaf,SimpleDNSItem.AddCommonHosts,SD-07,SD-08/15,SimpleDNS AddCommonHosts→冻结公用hosts表merge优先级,restart_core（冻结台账；保存成功与实际应用阶段分开）,正式入口→真实Rust提交→JSON/SQLite一致修订→退出重开；同revision正式runtime plan→对应core配置校验/真实会话；保存/字段赋值不算效果验证；公用表启停与自定义Hosts冲突顺序、真实解析,SD-01/02; 活动DNS/routing方案优先级; core版本能力,production consumer traced statically; no complete UI->Rust->persist->reopen->actual-effect acceptance in this audit；本行尚未完成逐字段正式入口/最终效果验收,无需新架构研究；尚需正式链路验证,all,bool?,true,v2rayN/ServiceLib/Models/Configs/ConfigItems.cs,SimpleDNSItem.AddCommonHosts,7d6a967c18c697f28dc6917122ed3a4993fcf336
FLD-CFG-161,leaf,SimpleDNSItem.FakeIP,SD-07,SD-08/15,SimpleDNS FakeIP→适用core DNS fakeip与rule结构,restart_core（冻结台账；保存成功与实际应用阶段分开）,正式入口→真实Rust提交→JSON/SQLite一致修订→退出重开；同revision正式runtime plan→对应core配置校验/真实会话；保存/字段赋值不算效果验证；开/关DNS响应及路由，和GlobalFakeIp/TUN组合,SD-01/02; 活动DNS/routing方案优先级; core版本能力,production consumer traced statically; no complete UI->Rust->persist->reopen->actual-effect acceptance in this audit；本行尚未完成逐字段正式入口/最终效果验收,无需新架构研究；尚需正式链路验证,all,bool?,false,v2rayN/ServiceLib/Models/Configs/ConfigItems.cs,SimpleDNSItem.FakeIP,7d6a967c18c697f28dc6917122ed3a4993fcf336
FLD-CFG-162,leaf,SimpleDNSItem.GlobalFakeIp,SD-07,SD-08/15,SimpleDNS GlobalFakeIp→DNS/routing全局fakeIP覆盖范围,restart_core（冻结台账；保存成功与实际应用阶段分开）,正式入口→真实Rust提交→JSON/SQLite一致修订→退出重开；同revision正式runtime plan→对应core配置校验/真实会话；保存/字段赋值不算效果验证；全局/非全局与例外目标、真实DNS响应与连接,SD-01/02; 活动DNS/routing方案优先级; core版本能力,production consumer traced statically; no complete UI->Rust->persist->reopen->actual-effect acceptance in this audit；本行尚未完成逐字段正式入口/最终效果验收,无需新架构研究；尚需正式链路验证,all,bool?,true,v2rayN/ServiceLib/Models/Configs/ConfigItems.cs,SimpleDNSItem.GlobalFakeIp,7d6a967c18c697f28dc6917122ed3a4993fcf336
FLD-CFG-163,leaf,SimpleDNSItem.FakeIPRange,SD-07,SD-08/15,SimpleDNS FakeIPRange→DNS fakeip pool CIDR,restart_core（冻结台账；保存成功与实际应用阶段分开）,正式入口→真实Rust提交→JSON/SQLite一致修订→退出重开；同revision正式runtime plan→对应core配置校验/真实会话；保存/字段赋值不算效果验证；合法/坏IPv4/IPv6 CIDR及范围实际响应；core版本支持,SD-01/02; 活动DNS/routing方案优先级; core版本能力,production consumer traced statically; no complete UI->Rust->persist->reopen->actual-effect acceptance in this audit；本行尚未完成逐字段正式入口/最终效果验收,无需新架构研究；尚需正式链路验证,all,string?,"""198.18.0.0/15""",v2rayN/ServiceLib/Models/Configs/ConfigItems.cs,SimpleDNSItem.FakeIPRange,7d6a967c18c697f28dc6917122ed3a4993fcf336
FLD-CFG-164,leaf,SimpleDNSItem.BlockBindingQuery,SD-07,SD-08/15,SimpleDNS BlockBindingQuery→DNS bindingquery阻断策略,restart_core（冻结台账；保存成功与实际应用阶段分开）,正式入口→真实Rust提交→JSON/SQLite一致修订→退出重开；同revision正式runtime plan→对应core配置校验/真实会话；保存/字段赋值不算效果验证；合成绑定查询阻断/不阻断，非目标普通查询正常,SD-01/02; 活动DNS/routing方案优先级; core版本能力,production consumer traced statically; no complete UI->Rust->persist->reopen->actual-effect acceptance in this audit；本行尚未完成逐字段正式入口/最终效果验收,无需新架构研究；尚需正式链路验证,all,bool?,true,v2rayN/ServiceLib/Models/Configs/ConfigItems.cs,SimpleDNSItem.BlockBindingQuery,7d6a967c18c697f28dc6917122ed3a4993fcf336
FLD-CFG-165,leaf,SimpleDNSItem.BlockAAAAQuery,SD-07,SD-08/15,SimpleDNS BlockAAAAQuery→真实AAAA DNS阻断策略,restart_core（冻结台账；保存成功与实际应用阶段分开）,正式入口→真实Rust提交→JSON/SQLite一致修订→退出重开；同revision正式runtime plan→对应core配置校验/真实会话；保存/字段赋值不算效果验证；AAAA开关与IPv4正常/IPv6启用组合，不能仅移除UI选项,SD-01/02; 活动DNS/routing方案优先级; core版本能力,production consumer traced statically; no complete UI->Rust->persist->reopen->actual-effect acceptance in this audit；本行尚未完成逐字段正式入口/最终效果验收,无需新架构研究；尚需正式链路验证,all,bool?,false,v2rayN/ServiceLib/Models/Configs/ConfigItems.cs,SimpleDNSItem.BlockAAAAQuery,7d6a967c18c697f28dc6917122ed3a4993fcf336
FLD-CFG-166,leaf,SimpleDNSItem.DirectDNS,SD-07,SD-08/15,SimpleDNS DirectDNS→直连DNS server列表及bootstrap,restart_core（冻结台账；保存成功与实际应用阶段分开）,正式入口→真实Rust提交→JSON/SQLite一致修订→退出重开；同revision正式runtime plan→对应core配置校验/真实会话；保存/字段赋值不算效果验证；本地双DNS server分辨实际请求目的，错误/空列表冻结fallback,SD-01/02; 活动DNS/routing方案优先级; core版本能力,production consumer traced statically; no complete UI->Rust->persist->reopen->actual-effect acceptance in this audit；本行尚未完成逐字段正式入口/最终效果验收,无需新架构研究；尚需正式链路验证,all,string?,"""119.29.29.29""",v2rayN/ServiceLib/Models/Configs/ConfigItems.cs,SimpleDNSItem.DirectDNS,7d6a967c18c697f28dc6917122ed3a4993fcf336
FLD-CFG-167,leaf,SimpleDNSItem.RemoteDNS,SD-07,SD-08/15,SimpleDNS RemoteDNS→代理DNS server与proxy detour,restart_core（冻结台账；保存成功与实际应用阶段分开）,正式入口→真实Rust提交→JSON/SQLite一致修订→退出重开；同revision正式runtime plan→对应core配置校验/真实会话；保存/字段赋值不算效果验证；真实经选定节点DNS请求、bootstrap无环、故障旧计划保留,SD-01/02; 活动DNS/routing方案优先级; core版本能力,production consumer traced statically; no complete UI->Rust->persist->reopen->actual-effect acceptance in this audit；本行尚未完成逐字段正式入口/最终效果验收,无需新架构研究；尚需正式链路验证,all,string?,"""https://cloudflare-dns.com/dns-query""",v2rayN/ServiceLib/Models/Configs/ConfigItems.cs,SimpleDNSItem.RemoteDNS,7d6a967c18c697f28dc6917122ed3a4993fcf336
FLD-CFG-168,leaf,SimpleDNSItem.BootstrapDNS,SD-07,SD-08/15,SimpleDNS BootstrapDNS→域名DNS server地址bootstrap resolver,restart_core（冻结台账；保存成功与实际应用阶段分开）,正式入口→真实Rust提交→JSON/SQLite一致修订→退出重开；同revision正式runtime plan→对应core配置校验/真实会话；保存/字段赋值不算效果验证；合成需要bootstrap的DNS域名、无环请求、IP server差异,SD-01/02; 活动DNS/routing方案优先级; core版本能力,production consumer traced statically; no complete UI->Rust->persist->reopen->actual-effect acceptance in this audit；本行尚未完成逐字段正式入口/最终效果验收,无需新架构研究；尚需正式链路验证,all,string?,"""119.29.29.29""",v2rayN/ServiceLib/Models/Configs/ConfigItems.cs,SimpleDNSItem.BootstrapDNS,7d6a967c18c697f28dc6917122ed3a4993fcf336
FLD-CFG-169,leaf,SimpleDNSItem.Strategy4Freedom,SD-07,SD-08/15,SimpleDNS Strategy4Freedom→直连出站domain strategy,restart_core（冻结台账；保存成功与实际应用阶段分开）,正式入口→真实Rust提交→JSON/SQLite一致修订→退出重开；同revision正式runtime plan→对应core配置校验/真实会话；保存/字段赋值不算效果验证；冻结枚举、实际IPv4/IPv6优先/解析行为，不能只DNS config,SD-01/02; 活动DNS/routing方案优先级; core版本能力,production consumer traced statically; no complete UI->Rust->persist->reopen->actual-effect acceptance in this audit；本行尚未完成逐字段正式入口/最终效果验收,无需新架构研究；尚需正式链路验证,all,string?,null,v2rayN/ServiceLib/Models/Configs/ConfigItems.cs,SimpleDNSItem.Strategy4Freedom,7d6a967c18c697f28dc6917122ed3a4993fcf336
FLD-CFG-170,leaf,SimpleDNSItem.Strategy4Proxy,SD-07,SD-08/15,SimpleDNS Strategy4Proxy→代理DNS/outbound domain strategy,restart_core（冻结台账；保存成功与实际应用阶段分开）,正式入口→真实Rust提交→JSON/SQLite一致修订→退出重开；同revision正式runtime plan→对应core配置校验/真实会话；保存/字段赋值不算效果验证；冻结策略与Happy开关/IPv6组合的实际解析/出站,SD-01/02; 活动DNS/routing方案优先级; core版本能力,production consumer traced statically; no complete UI->Rust->persist->reopen->actual-effect acceptance in this audit；本行尚未完成逐字段正式入口/最终效果验收,无需新架构研究；尚需正式链路验证,all,string?,null,v2rayN/ServiceLib/Models/Configs/ConfigItems.cs,SimpleDNSItem.Strategy4Proxy,7d6a967c18c697f28dc6917122ed3a4993fcf336
FLD-CFG-171,leaf,SimpleDNSItem.Strategy4ProxyDial,SD-07,SD-08/15,SimpleDNS Strategy4ProxyDial→proxy dial解析策略,restart_core（冻结台账；保存成功与实际应用阶段分开）,正式入口→真实Rust提交→JSON/SQLite一致修订→退出重开；同revision正式runtime plan→对应core配置校验/真实会话；保存/字段赋值不算效果验证；代理server域名dualstack/失败fallback、对应core实际dial,SD-01/02; 活动DNS/routing方案优先级; core版本能力,production consumer traced statically; no complete UI->Rust->persist->reopen->actual-effect acceptance in this audit；本行尚未完成逐字段正式入口/最终效果验收,无需新架构研究；尚需正式链路验证,all,string?,null,v2rayN/ServiceLib/Models/Configs/ConfigItems.cs,SimpleDNSItem.Strategy4ProxyDial,7d6a967c18c697f28dc6917122ed3a4993fcf336
FLD-CFG-172,leaf,SimpleDNSItem.ServeStale,SD-07,SD-08/15,SimpleDNS ServeStale→适用core DNS缓存过期响应策略,restart_core（冻结台账；保存成功与实际应用阶段分开）,正式入口→真实Rust提交→JSON/SQLite一致修订→退出重开；同revision正式runtime plan→对应core配置校验/真实会话；保存/字段赋值不算效果验证；合成TTL与上游故障、stale on/off；当前core能力校验,SD-01/02; 活动DNS/routing方案优先级; core版本能力,production consumer traced statically; no complete UI->Rust->persist->reopen->actual-effect acceptance in this audit；本行尚未完成逐字段正式入口/最终效果验收,无需新架构研究；尚需正式链路验证,all,bool?,false,v2rayN/ServiceLib/Models/Configs/ConfigItems.cs,SimpleDNSItem.ServeStale,7d6a967c18c697f28dc6917122ed3a4993fcf336
FLD-CFG-173,leaf,SimpleDNSItem.ParallelQuery,SD-07,SD-08/15,SimpleDNS ParallelQuery→适用core DNS并行query,restart_core（冻结台账；保存成功与实际应用阶段分开）,正式入口→真实Rust提交→JSON/SQLite一致修订→退出重开；同revision正式runtime plan→对应core配置校验/真实会话；保存/字段赋值不算效果验证；合成两DNS不同延迟、实际并发/结果选择与取消,SD-01/02; 活动DNS/routing方案优先级; core版本能力,production consumer traced statically; no complete UI->Rust->persist->reopen->actual-effect acceptance in this audit；本行尚未完成逐字段正式入口/最终效果验收,无需新架构研究；尚需正式链路验证,all,bool?,false,v2rayN/ServiceLib/Models/Configs/ConfigItems.cs,SimpleDNSItem.ParallelQuery,7d6a967c18c697f28dc6917122ed3a4993fcf336
FLD-CFG-174,leaf,SimpleDNSItem.Hosts,SD-07,SD-08/15,SimpleDNS Hosts→原始用户hosts parser/merge→DNS wire,restart_core（冻结台账；保存成功与实际应用阶段分开）,正式入口→真实Rust提交→JSON/SQLite一致修订→退出重开；同revision正式runtime plan→对应core配置校验/真实会话；保存/字段赋值不算效果验证；空/合法/坏格式/IPv6/列表/公用hosts冲突、真实解析与未知raw保留,SD-01/02; 活动DNS/routing方案优先级; core版本能力,production consumer traced statically; no complete UI->Rust->persist->reopen->actual-effect acceptance in this audit；本行尚未完成逐字段正式入口/最终效果验收,无需新架构研究；尚需正式链路验证,all,string?,null,v2rayN/ServiceLib/Models/Configs/ConfigItems.cs,SimpleDNSItem.Hosts,7d6a967c18c697f28dc6917122ed3a4993fcf336
FLD-CFG-175,leaf,SimpleDNSItem.DirectExpectedIPs,SD-07,SD-08/15,SimpleDNS DirectExpectedIPs→直连DNS expectedIPs/fallback匹配,restart_core（冻结台账；保存成功与实际应用阶段分开）,正式入口→真实Rust提交→JSON/SQLite一致修订→退出重开；同revision正式runtime plan→对应core配置校验/真实会话；保存/字段赋值不算效果验证；冻结geo/CIDR规则、合成符合/不符响应触发正确fallback,SD-01/02; 活动DNS/routing方案优先级; core版本能力,production consumer traced statically; no complete UI->Rust->persist->reopen->actual-effect acceptance in this audit；本行尚未完成逐字段正式入口/最终效果验收,无需新架构研究；尚需正式链路验证,all,string?,null,v2rayN/ServiceLib/Models/Configs/ConfigItems.cs,SimpleDNSItem.DirectExpectedIPs,7d6a967c18c697f28dc6917122ed3a4993fcf336
FLD-CFG-176,leaf,SimpleDNSItem.EnableHappyEyeballs,SD-08,SD-07,冻结SimpleDNS/HappyEyeballs EnableHappyEyeballs gating→xray DNS/sockopt happyEyeballs，仅enable且非skip路径输出,restart_core（冻结台账；保存成功与实际应用阶段分开）,正式入口→真实Rust提交→JSON/SQLite一致修订→退出重开；同revision正式runtime plan→对应core配置校验/真实会话；保存/字段赋值不算效果验证；false不输出参数/true输出；skip×enable真值表；合成dualstack失败/延迟、实际参数行为,SD-07 DNS策略/IPv6; 冻结V2rayDnsService enabled/skip分支,enable switch not consulted by happyEyeballs emission；false当前仍输出happyEyeballs且开关配置相同，已有实际Rust反例；本行尚未完成逐字段正式入口/最终效果验收,无需新架构研究；尚需正式链路验证,all,bool?,false,v2rayN/ServiceLib/Models/Configs/ConfigItems.cs,SimpleDNSItem.EnableHappyEyeballs,7d6a967c18c697f28dc6917122ed3a4993fcf336
FLD-CFG-177,leaf,HappyEyeballs4RayItem.TryDelayMs,SD-08,SD-07,冻结SimpleDNS/HappyEyeballs TryDelayMs→xray DNS/sockopt happyEyeballs，仅enable且非skip路径输出,restart_core（冻结台账；保存成功与实际应用阶段分开）,正式入口→真实Rust提交→JSON/SQLite一致修订→退出重开；同revision正式runtime plan→对应core配置校验/真实会话；保存/字段赋值不算效果验证；false不输出参数/true输出；skip×enable真值表；合成dualstack失败/延迟、实际参数行为,SD-07 DNS策略/IPv6; 冻结V2rayDnsService enabled/skip分支,enable switch not consulted by happyEyeballs emission；false当前仍输出happyEyeballs且开关配置相同，已有实际Rust反例；本行尚未完成逐字段正式入口/最终效果验收,无需新架构研究；尚需正式链路验证,all,int?,250,v2rayN/ServiceLib/Models/Configs/ConfigItems.cs,HappyEyeballs4RayItem.TryDelayMs,7d6a967c18c697f28dc6917122ed3a4993fcf336
FLD-CFG-178,leaf,HappyEyeballs4RayItem.PrioritizeIPv6,SD-08,SD-07,冻结SimpleDNS/HappyEyeballs PrioritizeIPv6→xray DNS/sockopt happyEyeballs，仅enable且非skip路径输出,restart_core（冻结台账；保存成功与实际应用阶段分开）,正式入口→真实Rust提交→JSON/SQLite一致修订→退出重开；同revision正式runtime plan→对应core配置校验/真实会话；保存/字段赋值不算效果验证；false不输出参数/true输出；skip×enable真值表；合成dualstack失败/延迟、实际参数行为,SD-07 DNS策略/IPv6; 冻结V2rayDnsService enabled/skip分支,enable switch not consulted by happyEyeballs emission；false当前仍输出happyEyeballs且开关配置相同，已有实际Rust反例；本行尚未完成逐字段正式入口/最终效果验收,无需新架构研究；尚需正式链路验证,all,bool?,false,v2rayN/ServiceLib/Models/Configs/ConfigItems.cs,HappyEyeballs4RayItem.PrioritizeIPv6,7d6a967c18c697f28dc6917122ed3a4993fcf336
FLD-CFG-179,leaf,HappyEyeballs4RayItem.Interleave,SD-08,SD-07,冻结SimpleDNS/HappyEyeballs Interleave→xray DNS/sockopt happyEyeballs，仅enable且非skip路径输出,restart_core（冻结台账；保存成功与实际应用阶段分开）,正式入口→真实Rust提交→JSON/SQLite一致修订→退出重开；同revision正式runtime plan→对应core配置校验/真实会话；保存/字段赋值不算效果验证；false不输出参数/true输出；skip×enable真值表；合成dualstack失败/延迟、实际参数行为,SD-07 DNS策略/IPv6; 冻结V2rayDnsService enabled/skip分支,enable switch not consulted by happyEyeballs emission；false当前仍输出happyEyeballs且开关配置相同，已有实际Rust反例；本行尚未完成逐字段正式入口/最终效果验收,无需新架构研究；尚需正式链路验证,all,int?,1,v2rayN/ServiceLib/Models/Configs/ConfigItems.cs,HappyEyeballs4RayItem.Interleave,7d6a967c18c697f28dc6917122ed3a4993fcf336
FLD-CFG-180,leaf,HappyEyeballs4RayItem.MaxConcurrentTry,SD-08,SD-07,冻结SimpleDNS/HappyEyeballs MaxConcurrentTry→xray DNS/sockopt happyEyeballs，仅enable且非skip路径输出,restart_core（冻结台账；保存成功与实际应用阶段分开）,正式入口→真实Rust提交→JSON/SQLite一致修订→退出重开；同revision正式runtime plan→对应core配置校验/真实会话；保存/字段赋值不算效果验证；false不输出参数/true输出；skip×enable真值表；合成dualstack失败/延迟、实际参数行为,SD-07 DNS策略/IPv6; 冻结V2rayDnsService enabled/skip分支,enable switch not consulted by happyEyeballs emission；false当前仍输出happyEyeballs且开关配置相同，已有实际Rust反例；本行尚未完成逐字段正式入口/最终效果验收,无需新架构研究；尚需正式链路验证,all,int?,4,v2rayN/ServiceLib/Models/Configs/ConfigItems.cs,HappyEyeballs4RayItem.MaxConcurrentTry,7d6a967c18c697f28dc6917122ed3a4993fcf336
