id,path,group,row_kind,status,production_consumer,fresh_reference_candidates,cross_cutting_contract,current_issue,actual_effect_verified_this_audit,evidence_level,current_note,upstream,historical_ui_ref,historical_test_ref
FLD-CFG-001,IndexId,Config,internal,identified,"crates/application/src/engine.rs:1612,1630,1679 settings tree storage",apps/desktop/lib/features/settings/settings_defaults.dart:18;apps/desktop/lib/features/settings/settings_defaults.dart:19;apps/desktop/lib/features/settings/settings_defaults.dart:52;apps/desktop/lib/features/settings/settings_defaults.dart:53;apps/desktop/lib/features/settings/settings_defaults.dart:95;crates/application/src/backup_service.rs:431;crates/application/src/backup_service.rs:436;crates/application/src/backup_service.rs:445,CP-SET-01;CP-SET-02;CP-SET-03;CP-SET-15,CP-SET-04,false,current source trace; synthetic fault contracts for CP-SET-01/02/03; pure actual-Rust probe where cited,active_index_id and canonical IndexId diverge; upstream ZIP activation uses IndexId,v2rayN/ServiceLib/Models/Configs/Config.cs :: Config.IndexId,internal state,root_contract_repro.log;desktop_repro.log;settings-engine-audit.md
FLD-CFG-002,SubIndexId,Config,internal,identified,"crates/application/src/engine.rs:1612,1630,1679 settings tree storage",apps/desktop/lib/features/settings/settings_defaults.dart:19;apps/desktop/lib/features/settings/settings_defaults.dart:53;crates/application/src/backup_service.rs:436;crates/application/src/backup_service.rs:449,CP-SET-01;CP-SET-02;CP-SET-03;CP-SET-15,CP-SET-11,false,current source trace; synthetic fault contracts for CP-SET-01/02/03; pure actual-Rust probe where cited,SubIndexId is retained/import-remapped; selected group currently uses another UI state source; full group roundtrip not verified,v2rayN/ServiceLib/Models/Configs/Config.cs :: Config.SubIndexId,internal state,root_contract_repro.log;desktop_repro.log;settings-engine-audit.md
FLD-CFG-003,CoreBasicItem,Config,container,implemented,"crates/application/src/engine.rs:1612,1630,1679 settings tree storage",apps/desktop/lib/features/settings/option_setting_window.dart:484;apps/desktop/lib/features/settings/option_setting_window.dart:610;apps/desktop/lib/features/settings/option_setting_window.dart:622;apps/desktop/lib/features/settings/option_setting_window.dart:627;apps/desktop/lib/features/settings/option_setting_window.dart:632;apps/desktop/lib/features/settings/option_setting_window.dart:649;apps/desktop/lib/features/settings/option_setting_window.dart:654;apps/desktop/lib/features/settings/option_setting_window.dart:694,CP-SET-01;CP-SET-02;CP-SET-03;CP-SET-15,,false,current source trace; synthetic fault contracts for CP-SET-01/02/03; pure actual-Rust probe where cited,container retained/persisted; child rows define actual effects; save-and-apply cross-cutting issues CP-SET-01/02/03 apply,v2rayN/ServiceLib/Models/Configs/Config.cs :: Config.CoreBasicItem,group container,root_contract_repro.log;desktop_repro.log;settings-engine-audit.md
FLD-CFG-004,TunModeItem,Config,container,implemented,"crates/application/src/engine.rs:1612,1630,1679 settings tree storage",apps/desktop/lib/features/settings/option_setting_window.dart:1181;apps/desktop/lib/features/settings/option_setting_window.dart:1187;apps/desktop/lib/features/settings/option_setting_window.dart:1192;apps/desktop/lib/features/settings/option_setting_window.dart:1197;apps/desktop/lib/features/settings/option_setting_window.dart:1207;apps/desktop/lib/features/settings/option_setting_window.dart:1212;apps/desktop/lib/features/settings/option_setting_window.dart:1224;apps/desktop/lib/features/settings/option_setting_window.dart:1229,CP-SET-01;CP-SET-02;CP-SET-03;CP-SET-15,,false,current source trace; synthetic fault contracts for CP-SET-01/02/03; pure actual-Rust probe where cited,container retained/persisted; child rows define actual effects; save-and-apply cross-cutting issues CP-SET-01/02/03 apply,v2rayN/ServiceLib/Models/Configs/Config.cs :: Config.TunModeItem,group container,root_contract_repro.log;desktop_repro.log;settings-engine-audit.md
FLD-CFG-005,KcpItem,Config,container,implemented,"crates/application/src/engine.rs:1612,1630,1679 settings tree storage",apps/desktop/lib/features/settings/option_setting_window.dart:776;apps/desktop/lib/features/settings/option_setting_window.dart:777;apps/desktop/lib/features/settings/option_setting_window.dart:781;apps/desktop/lib/features/settings/option_setting_window.dart:782;apps/desktop/lib/features/settings/option_setting_window.dart:786;apps/desktop/lib/features/settings/option_setting_window.dart:787;apps/desktop/lib/features/settings/option_setting_window.dart:791;apps/desktop/lib/features/settings/option_setting_window.dart:792,CP-SET-01;CP-SET-02;CP-SET-03;CP-SET-15,,false,current source trace; synthetic fault contracts for CP-SET-01/02/03; pure actual-Rust probe where cited,container retained/persisted; child rows define actual effects; save-and-apply cross-cutting issues CP-SET-01/02/03 apply,v2rayN/ServiceLib/Models/Configs/Config.cs :: Config.KcpItem,group container,root_contract_repro.log;desktop_repro.log;settings-engine-audit.md
FLD-CFG-006,GrpcItem,Config,container,implemented,"crates/application/src/engine.rs:1612,1630,1679 settings tree storage",apps/desktop/lib/features/settings/settings_defaults.dart:23;apps/desktop/lib/features/settings/settings_defaults.dart:86,CP-SET-01;CP-SET-02;CP-SET-03;CP-SET-15,,false,current source trace; synthetic fault contracts for CP-SET-01/02/03; pure actual-Rust probe where cited,container retained/persisted; child rows define actual effects; save-and-apply cross-cutting issues CP-SET-01/02/03 apply,v2rayN/ServiceLib/Models/Configs/Config.cs :: Config.GrpcItem,group container,root_contract_repro.log;desktop_repro.log;settings-engine-audit.md
FLD-CFG-007,RoutingBasicItem,Config,container,implemented,"crates/application/src/engine.rs:1612,1630,1679 settings tree storage",apps/desktop/lib/features/routing/routing_actions.dart:66;apps/desktop/lib/features/routing/routing_actions.dart:137;apps/desktop/lib/features/routing/routing_actions.dart:139;apps/desktop/lib/features/routing/routing_actions.dart:201;apps/desktop/lib/features/routing/routing_actions.dart:206;apps/desktop/lib/features/routing/routing_windows.dart:299;apps/desktop/lib/features/routing/routing_windows.dart:307;apps/desktop/lib/features/routing/routing_windows.dart:315,CP-SET-01;CP-SET-02;CP-SET-03;CP-SET-15,,false,current source trace; synthetic fault contracts for CP-SET-01/02/03; pure actual-Rust probe where cited,container retained/persisted; child rows define actual effects; save-and-apply cross-cutting issues CP-SET-01/02/03 apply,v2rayN/ServiceLib/Models/Configs/Config.cs :: Config.RoutingBasicItem,group container,root_contract_repro.log;desktop_repro.log;settings-engine-audit.md
FLD-CFG-008,GuiItem,Config,container,implemented,"crates/application/src/engine.rs:1612,1630,1679 settings tree storage",apps/desktop/lib/features/profiles/profiles_controller.dart:70;apps/desktop/lib/features/settings/option_setting_window.dart:810;apps/desktop/lib/features/settings/option_setting_window.dart:819;apps/desktop/lib/features/settings/option_setting_window.dart:824;apps/desktop/lib/features/settings/option_setting_window.dart:829;apps/desktop/lib/features/settings/option_setting_window.dart:893;apps/desktop/lib/features/settings/option_setting_window.dart:898;apps/desktop/lib/features/settings/option_setting_window.dart:908,CP-SET-01;CP-SET-02;CP-SET-03;CP-SET-15,,false,current source trace; synthetic fault contracts for CP-SET-01/02/03; pure actual-Rust probe where cited,container retained/persisted; child rows define actual effects; save-and-apply cross-cutting issues CP-SET-01/02/03 apply,v2rayN/ServiceLib/Models/Configs/Config.cs :: Config.GuiItem,group container,root_contract_repro.log;desktop_repro.log;settings-engine-audit.md
FLD-CFG-009,MsgUIItem,Config,container,implemented,"crates/application/src/engine.rs:1612,1630,1679 settings tree storage",apps/desktop/lib/features/settings/settings_defaults.dart:26;apps/desktop/lib/features/settings/settings_defaults.dart:108,CP-SET-01;CP-SET-02;CP-SET-03;CP-SET-15,,false,current source trace; synthetic fault contracts for CP-SET-01/02/03; pure actual-Rust probe where cited,container retained/persisted; child rows define actual effects; save-and-apply cross-cutting issues CP-SET-01/02/03 apply,v2rayN/ServiceLib/Models/Configs/Config.cs :: Config.MsgUIItem,group container,root_contract_repro.log;desktop_repro.log;settings-engine-audit.md
FLD-CFG-010,UiItem,Config,container,implemented,"crates/application/src/engine.rs:1612,1630,1679 settings tree storage",apps/desktop/lib/features/profiles/profiles_controller.dart:47;apps/desktop/lib/features/settings/option_setting_window.dart:811;apps/desktop/lib/features/settings/option_setting_window.dart:835;apps/desktop/lib/features/settings/option_setting_window.dart:840;apps/desktop/lib/features/settings/option_setting_window.dart:845;apps/desktop/lib/features/settings/option_setting_window.dart:858;apps/desktop/lib/features/settings/option_setting_window.dart:871;apps/desktop/lib/features/settings/option_setting_window.dart:876,CP-SET-01;CP-SET-02;CP-SET-03;CP-SET-15,,false,current source trace; synthetic fault contracts for CP-SET-01/02/03; pure actual-Rust probe where cited,container retained/persisted; child rows define actual effects; save-and-apply cross-cutting issues CP-SET-01/02/03 apply,v2rayN/ServiceLib/Models/Configs/Config.cs :: Config.UiItem,group container,root_contract_repro.log;desktop_repro.log;settings-engine-audit.md
FLD-CFG-011,ConstItem,Config,container,implemented,"crates/application/src/engine.rs:1612,1630,1679 settings tree storage",apps/desktop/lib/features/settings/option_setting_window.dart:989;apps/desktop/lib/features/settings/option_setting_window.dart:991;apps/desktop/lib/features/settings/option_setting_window.dart:996;apps/desktop/lib/features/settings/option_setting_window.dart:998;apps/desktop/lib/features/settings/option_setting_window.dart:1003;apps/desktop/lib/features/settings/option_setting_window.dart:1005;apps/desktop/lib/features/settings/option_setting_window.dart:1010;apps/desktop/lib/features/settings/option_setting_window.dart:1013,CP-SET-01;CP-SET-02;CP-SET-03;CP-SET-15,,false,current source trace; synthetic fault contracts for CP-SET-01/02/03; pure actual-Rust probe where cited,container retained/persisted; child rows define actual effects; save-and-apply cross-cutting issues CP-SET-01/02/03 apply,v2rayN/ServiceLib/Models/Configs/Config.cs :: Config.ConstItem,group container,root_contract_repro.log;desktop_repro.log;settings-engine-audit.md
FLD-CFG-012,SpeedTestItem,Config,container,implemented,"crates/application/src/engine.rs:1612,1630,1679 settings tree storage",apps/desktop/lib/features/profiles/profiles_controller.dart:489;apps/desktop/lib/features/settings/option_setting_window.dart:949;apps/desktop/lib/features/settings/option_setting_window.dart:950;apps/desktop/lib/features/settings/option_setting_window.dart:954;apps/desktop/lib/features/settings/option_setting_window.dart:955;apps/desktop/lib/features/settings/option_setting_window.dart:959;apps/desktop/lib/features/settings/option_setting_window.dart:961;apps/desktop/lib/features/settings/option_setting_window.dart:965,CP-SET-01;CP-SET-02;CP-SET-03;CP-SET-15,,false,current source trace; synthetic fault contracts for CP-SET-01/02/03; pure actual-Rust probe where cited,container retained/persisted; child rows define actual effects; save-and-apply cross-cutting issues CP-SET-01/02/03 apply,v2rayN/ServiceLib/Models/Configs/Config.cs :: Config.SpeedTestItem,group container,root_contract_repro.log;desktop_repro.log;settings-engine-audit.md
FLD-CFG-013,Mux4RayItem,Config,container,implemented,"crates/application/src/engine.rs:1612,1630,1679 settings tree storage",apps/desktop/lib/features/settings/option_setting_window.dart:663;apps/desktop/lib/features/settings/option_setting_window.dart:664;apps/desktop/lib/features/settings/option_setting_window.dart:668;apps/desktop/lib/features/settings/option_setting_window.dart:669;apps/desktop/lib/features/settings/option_setting_window.dart:673;apps/desktop/lib/features/settings/option_setting_window.dart:678;apps/desktop/lib/features/settings/settings_defaults.dart:30;apps/desktop/lib/features/settings/settings_defaults.dart:144,CP-SET-01;CP-SET-02;CP-SET-03;CP-SET-15,,false,current source trace; synthetic fault contracts for CP-SET-01/02/03; pure actual-Rust probe where cited,container retained/persisted; child rows define actual effects; save-and-apply cross-cutting issues CP-SET-01/02/03 apply,v2rayN/ServiceLib/Models/Configs/Config.cs :: Config.Mux4RayItem,group container,root_contract_repro.log;desktop_repro.log;settings-engine-audit.md
FLD-CFG-014,Mux4SboxItem,Config,container,implemented,"crates/application/src/engine.rs:1612,1630,1679 settings tree storage",apps/desktop/lib/features/settings/option_setting_window.dart:682;apps/desktop/lib/features/settings/option_setting_window.dart:689;apps/desktop/lib/features/settings/settings_defaults.dart:31;apps/desktop/lib/features/settings/settings_defaults.dart:149,CP-SET-01;CP-SET-02;CP-SET-03;CP-SET-15,,false,current source trace; synthetic fault contracts for CP-SET-01/02/03; pure actual-Rust probe where cited,container retained/persisted; child rows define actual effects; save-and-apply cross-cutting issues CP-SET-01/02/03 apply,v2rayN/ServiceLib/Models/Configs/Config.cs :: Config.Mux4SboxItem,group container,root_contract_repro.log;desktop_repro.log;settings-engine-audit.md
FLD-CFG-015,HysteriaItem,Config,container,implemented,"crates/application/src/engine.rs:1612,1630,1679 settings tree storage",apps/desktop/lib/features/settings/option_setting_window.dart:703;apps/desktop/lib/features/settings/option_setting_window.dart:704;apps/desktop/lib/features/settings/option_setting_window.dart:708;apps/desktop/lib/features/settings/option_setting_window.dart:709;apps/desktop/lib/features/settings/option_setting_window.dart:713;apps/desktop/lib/features/settings/option_setting_window.dart:714;apps/desktop/lib/features/settings/settings_defaults.dart:32;apps/desktop/lib/features/settings/settings_defaults.dart:154,CP-SET-01;CP-SET-02;CP-SET-03;CP-SET-15,,false,current source trace; synthetic fault contracts for CP-SET-01/02/03; pure actual-Rust probe where cited,container retained/persisted; child rows define actual effects; save-and-apply cross-cutting issues CP-SET-01/02/03 apply,v2rayN/ServiceLib/Models/Configs/Config.cs :: Config.HysteriaItem,group container,root_contract_repro.log;desktop_repro.log;settings-engine-audit.md
FLD-CFG-016,ClashUIItem,Config,container,implemented,"crates/application/src/engine.rs:1612,1630,1679 settings tree storage",apps/desktop/lib/features/monitor/clash_ui_config.dart:53;apps/desktop/lib/features/monitor/clash_ui_config.dart:74;apps/desktop/lib/features/monitor/connections_view.dart:87;apps/desktop/lib/features/monitor/proxies_view.dart:98;apps/desktop/lib/features/settings/option_setting_window.dart:1091;apps/desktop/lib/features/settings/option_setting_window.dart:1092;apps/desktop/lib/features/settings/option_setting_window.dart:1096;apps/desktop/lib/features/settings/option_setting_window.dart:1097,CP-SET-01;CP-SET-02;CP-SET-03;CP-SET-15,,false,current source trace; synthetic fault contracts for CP-SET-01/02/03; pure actual-Rust probe where cited,container retained/persisted; child rows define actual effects; save-and-apply cross-cutting issues CP-SET-01/02/03 apply,v2rayN/ServiceLib/Models/Configs/Config.cs :: Config.ClashUIItem,group container,root_contract_repro.log;desktop_repro.log;settings-engine-audit.md
FLD-CFG-017,SystemProxyItem,Config,container,implemented,"crates/application/src/engine.rs:1612,1630,1679 settings tree storage",apps/desktop/lib/features/settings/option_setting_window.dart:1132;apps/desktop/lib/features/settings/option_setting_window.dart:1144;apps/desktop/lib/features/settings/option_setting_window.dart:1149;apps/desktop/lib/features/settings/option_setting_window.dart:1155;apps/desktop/lib/features/settings/option_setting_window.dart:1161;apps/desktop/lib/features/settings/option_setting_window.dart:1168;apps/desktop/lib/features/settings/option_setting_window.dart:1175;apps/desktop/lib/features/settings/platform_controller.dart:84,CP-SET-01;CP-SET-02;CP-SET-03;CP-SET-15,,false,current source trace; synthetic fault contracts for CP-SET-01/02/03; pure actual-Rust probe where cited,container retained/persisted; child rows define actual effects; save-and-apply cross-cutting issues CP-SET-01/02/03 apply,v2rayN/ServiceLib/Models/Configs/Config.cs :: Config.SystemProxyItem,group container,root_contract_repro.log;desktop_repro.log;settings-engine-audit.md
FLD-CFG-018,WebDavItem,Config,container,implemented,"crates/application/src/engine.rs:1612,1630,1679 settings tree storage",apps/desktop/lib/features/settings/settings_defaults.dart:35;apps/desktop/lib/features/settings/settings_defaults.dart:180,CP-SET-01;CP-SET-02;CP-SET-03;CP-SET-15,,false,current source trace; synthetic fault contracts for CP-SET-01/02/03; pure actual-Rust probe where cited,container retained/persisted; child rows define actual effects; save-and-apply cross-cutting issues CP-SET-01/02/03 apply,v2rayN/ServiceLib/Models/Configs/Config.cs :: Config.WebDavItem,group container,root_contract_repro.log;desktop_repro.log;settings-engine-audit.md
FLD-CFG-019,CheckUpdateItem,Config,container,implemented,"crates/application/src/engine.rs:1612,1630,1679 settings tree storage",apps/desktop/lib/features/settings/settings_defaults.dart:36;apps/desktop/lib/features/settings/settings_defaults.dart:186;apps/desktop/lib/features/update/update_controller.dart:164;apps/desktop/lib/features/update/update_controller.dart:181,CP-SET-01;CP-SET-02;CP-SET-03;CP-SET-15,,false,current source trace; synthetic fault contracts for CP-SET-01/02/03; pure actual-Rust probe where cited,container retained/persisted; child rows define actual effects; save-and-apply cross-cutting issues CP-SET-01/02/03 apply,v2rayN/ServiceLib/Models/Configs/Config.cs :: Config.CheckUpdateItem,group container,root_contract_repro.log;desktop_repro.log;settings-engine-audit.md
FLD-CFG-020,Fragment4RayItem,Config,container,implemented,"crates/application/src/engine.rs:1612,1630,1679 settings tree storage",apps/desktop/lib/features/settings/option_setting_window.dart:352;apps/desktop/lib/features/settings/option_setting_window.dart:728;apps/desktop/lib/features/settings/option_setting_window.dart:737;apps/desktop/lib/features/settings/option_setting_window.dart:741;apps/desktop/lib/features/settings/option_setting_window.dart:744;apps/desktop/lib/features/settings/option_setting_window.dart:751;apps/desktop/lib/features/settings/option_setting_window.dart:754;apps/desktop/lib/features/settings/option_setting_window.dart:761,CP-SET-01;CP-SET-02;CP-SET-03;CP-SET-15,,false,current source trace; synthetic fault contracts for CP-SET-01/02/03; pure actual-Rust probe where cited,container retained/persisted; child rows define actual effects; save-and-apply cross-cutting issues CP-SET-01/02/03 apply,v2rayN/ServiceLib/Models/Configs/Config.cs :: Config.Fragment4RayItem,group container,root_contract_repro.log;desktop_repro.log;settings-engine-audit.md
FLD-CFG-021,Inbound,Config,container,implemented,"crates/application/src/engine.rs:1612,1630,1679 settings tree storage",apps/desktop/lib/features/routing/routing_controller.dart:155;apps/desktop/lib/features/routing/routing_controller.dart:197;apps/desktop/lib/features/routing/routing_controller.dart:222;apps/desktop/lib/features/routing/routing_controller.dart:472;apps/desktop/lib/features/routing/routing_windows.dart:906;apps/desktop/lib/features/routing/routing_windows.dart:1361;apps/desktop/lib/features/routing/routing_windows.dart:1477;apps/desktop/lib/features/routing/routing_windows.dart:1506,CP-SET-01;CP-SET-02;CP-SET-03;CP-SET-15,,false,current source trace; synthetic fault contracts for CP-SET-01/02/03; pure actual-Rust probe where cited,container retained/persisted; child rows define actual effects; save-and-apply cross-cutting issues CP-SET-01/02/03 apply,v2rayN/ServiceLib/Models/Configs/Config.cs :: Config.Inbound,group container,root_contract_repro.log;desktop_repro.log;settings-engine-audit.md
FLD-CFG-022,GlobalHotkeys,Config,container,implemented,"crates/application/src/engine.rs:1612,1630,1679 settings tree storage",apps/desktop/lib/features/settings/global_hotkey_window.dart:106;apps/desktop/lib/features/settings/global_hotkey_window.dart:188;apps/desktop/lib/features/settings/hotkeys.dart:485;apps/desktop/lib/features/settings/settings_defaults.dart:39;apps/desktop/lib/features/settings/settings_defaults.dart:214;crates/application/src/settings.rs:267;crates/application/src/settings.rs:273,CP-SET-01;CP-SET-02;CP-SET-03;CP-SET-15,,false,current source trace; synthetic fault contracts for CP-SET-01/02/03; pure actual-Rust probe where cited,container retained/persisted; child rows define actual effects; save-and-apply cross-cutting issues CP-SET-01/02/03 apply,v2rayN/ServiceLib/Models/Configs/Config.cs :: Config.GlobalHotkeys,group container,root_contract_repro.log;desktop_repro.log;settings-engine-audit.md
FLD-CFG-023,CoreTypeItem,Config,container,implemented,"crates/application/src/engine.rs:1612,1630,1679 settings tree storage",apps/desktop/lib/features/settings/option_setting_window.dart:1284;apps/desktop/lib/features/settings/option_setting_window.dart:1292;apps/desktop/lib/features/settings/settings_defaults.dart:40;apps/desktop/lib/features/settings/settings_defaults.dart:215,CP-SET-01;CP-SET-02;CP-SET-03;CP-SET-15,,false,current source trace; synthetic fault contracts for CP-SET-01/02/03; pure actual-Rust probe where cited,container retained/persisted; child rows define actual effects; save-and-apply cross-cutting issues CP-SET-01/02/03 apply,v2rayN/ServiceLib/Models/Configs/Config.cs :: Config.CoreTypeItem,group container,root_contract_repro.log;desktop_repro.log;settings-engine-audit.md
FLD-CFG-024,SimpleDNSItem,Config,container,implemented,"crates/application/src/engine.rs:1612,1630,1679 settings tree storage",apps/desktop/lib/features/settings/option_setting_window.dart:1043;apps/desktop/lib/features/settings/option_setting_window.dart:1044;apps/desktop/lib/features/settings/option_setting_window.dart:1048;apps/desktop/lib/features/settings/option_setting_window.dart:1052;apps/desktop/lib/features/settings/option_setting_window.dart:1053;apps/desktop/lib/features/settings/option_setting_window.dart:1057;apps/desktop/lib/features/settings/option_setting_window.dart:1058;apps/desktop/lib/features/settings/settings_defaults.dart:41,CP-SET-01;CP-SET-02;CP-SET-03;CP-SET-15,,false,current source trace; synthetic fault contracts for CP-SET-01/02/03; pure actual-Rust probe where cited,container retained/persisted; child rows define actual effects; save-and-apply cross-cutting issues CP-SET-01/02/03 apply,v2rayN/ServiceLib/Models/Configs/Config.cs :: Config.SimpleDNSItem,group container,root_contract_repro.log;desktop_repro.log;settings-engine-audit.md
FLD-CFG-025,HappyEyeballs4RayItem,Config,container,implemented,"crates/application/src/engine.rs:1612,1630,1679 settings tree storage",apps/desktop/lib/features/settings/option_setting_window.dart:1062;apps/desktop/lib/features/settings/option_setting_window.dart:1063;apps/desktop/lib/features/settings/option_setting_window.dart:1067;apps/desktop/lib/features/settings/option_setting_window.dart:1069;apps/desktop/lib/features/settings/option_setting_window.dart:1073;apps/desktop/lib/features/settings/option_setting_window.dart:1074;apps/desktop/lib/features/settings/option_setting_window.dart:1078;apps/desktop/lib/features/settings/option_setting_window.dart:1080,CP-SET-01;CP-SET-02;CP-SET-03;CP-SET-15,,false,current source trace; synthetic fault contracts for CP-SET-01/02/03; pure actual-Rust probe where cited,container retained/persisted; child rows define actual effects; save-and-apply cross-cutting issues CP-SET-01/02/03 apply,v2rayN/ServiceLib/Models/Configs/Config.cs :: Config.HappyEyeballs4RayItem,group container,root_contract_repro.log;desktop_repro.log;settings-engine-audit.md
FLD-CFG-026,CoreBasicItem.LogEnabled,CoreBasicItem,leaf,implemented,"crates/application/src/codegen.rs:363; crates/config_codegen/src/xray/{log,outbound}.rs; crates/config_codegen/src/singbox/{log,outbound}.rs",apps/desktop/lib/features/settings/option_setting_window.dart:609;apps/desktop/lib/features/settings/option_setting_window.dart:610;apps/desktop/lib/features/settings/settings_defaults.dart:55;crates/application/src/settings.rs:232,CP-SET-01;CP-SET-02;CP-SET-03;CP-SET-15,,false,current source trace; synthetic fault contracts for CP-SET-01/02/03; pure actual-Rust probe where cited,production consumer traced statically; no complete UI->Rust->persist->reopen->actual-effect acceptance in this audit,v2rayN/ServiceLib/Models/Configs/ConfigItems.cs::CoreBasicItem.LogEnabled,ToggleButton; apps/desktop/lib/features/settings/option_setting_window.dart:609; apps/desktop/lib/features/settings/option_setting_window.dart:610,"crates/application/src/codegen.rs:367; docs/evidence/repair/R4-13.S05/README.md (historical evidence, not fresh real-OS validation)"
FLD-CFG-027,CoreBasicItem.Loglevel,CoreBasicItem,leaf,implemented,"crates/application/src/codegen.rs:363; crates/config_codegen/src/xray/{log,outbound}.rs; crates/config_codegen/src/singbox/{log,outbound}.rs",apps/desktop/lib/features/settings/option_setting_window.dart:614;apps/desktop/lib/features/settings/option_setting_window.dart:622;apps/desktop/lib/features/settings/settings_defaults.dart:56;crates/application/src/engine.rs:4477;crates/application/src/settings.rs:204;crates/application/src/settings.rs:213;crates/application/src/settings.rs:232,CP-SET-01;CP-SET-02;CP-SET-03;CP-SET-15,,false,current source trace; synthetic fault contracts for CP-SET-01/02/03; pure actual-Rust probe where cited,production consumer traced statically; no complete UI->Rust->persist->reopen->actual-effect acceptance in this audit,v2rayN/ServiceLib/Models/Configs/ConfigItems.cs::CoreBasicItem.Loglevel,ComboBox; apps/desktop/lib/features/settings/option_setting_window.dart:614; apps/desktop/lib/features/settings/option_setting_window.dart:622,"crates/application/src/codegen.rs:366; docs/evidence/repair/R4-13.S05/README.md (historical evidence, not fresh real-OS validation)"
FLD-CFG-028,CoreBasicItem.DefFingerprint,CoreBasicItem,leaf,implemented,"crates/application/src/codegen.rs:363; crates/config_codegen/src/xray/{log,outbound}.rs; crates/config_codegen/src/singbox/{log,outbound}.rs",apps/desktop/lib/features/settings/option_setting_window.dart:626;apps/desktop/lib/features/settings/option_setting_window.dart:627;apps/desktop/lib/features/settings/settings_defaults.dart:57,CP-SET-01;CP-SET-02;CP-SET-03;CP-SET-15,,false,current source trace; synthetic fault contracts for CP-SET-01/02/03; pure actual-Rust probe where cited,production consumer traced statically; no complete UI->Rust->persist->reopen->actual-effect acceptance in this audit,v2rayN/ServiceLib/Models/Configs/ConfigItems.cs::CoreBasicItem.DefFingerprint,ComboBox(IsEditable); apps/desktop/lib/features/settings/option_setting_window.dart:626; apps/desktop/lib/features/settings/option_setting_window.dart:627,"crates/application/src/codegen.rs:368; docs/evidence/repair/R4-13.S05/README.md (historical evidence, not fresh real-OS validation)"
FLD-CFG-029,CoreBasicItem.DefUserAgent,CoreBasicItem,leaf,implemented,"crates/application/src/codegen.rs:363; crates/config_codegen/src/xray/{log,outbound}.rs; crates/config_codegen/src/singbox/{log,outbound}.rs",apps/desktop/lib/features/settings/option_setting_window.dart:631;apps/desktop/lib/features/settings/option_setting_window.dart:632;apps/desktop/lib/features/settings/settings_defaults.dart:58,CP-SET-01;CP-SET-02;CP-SET-03;CP-SET-15,,false,current source trace; synthetic fault contracts for CP-SET-01/02/03; pure actual-Rust probe where cited,production consumer traced statically; no complete UI->Rust->persist->reopen->actual-effect acceptance in this audit,v2rayN/ServiceLib/Models/Configs/ConfigItems.cs::CoreBasicItem.DefUserAgent,ComboBox(IsEditable); apps/desktop/lib/features/settings/option_setting_window.dart:631; apps/desktop/lib/features/settings/option_setting_window.dart:632,"crates/application/src/codegen.rs:369; docs/evidence/repair/R4-13.S05/README.md (historical evidence, not fresh real-OS validation)"
FLD-CFG-030,CoreBasicItem.SendThrough,CoreBasicItem,leaf,implemented,"crates/application/src/codegen.rs:363; crates/config_codegen/src/xray/{log,outbound}.rs; crates/config_codegen/src/singbox/{log,outbound}.rs",apps/desktop/lib/features/settings/option_setting_window.dart:647;apps/desktop/lib/features/settings/option_setting_window.dart:648;apps/desktop/lib/features/settings/option_setting_window.dart:649;apps/desktop/lib/features/settings/settings_controller.dart:471;apps/desktop/lib/features/settings/settings_defaults.dart:59,CP-SET-01;CP-SET-02;CP-SET-03;CP-SET-15,,false,current source trace; synthetic fault contracts for CP-SET-01/02/03; pure actual-Rust probe where cited,production consumer traced statically; no complete UI->Rust->persist->reopen->actual-effect acceptance in this audit,v2rayN/ServiceLib/Models/Configs/ConfigItems.cs::CoreBasicItem.SendThrough,TextBox; apps/desktop/lib/features/settings/option_setting_window.dart:648; apps/desktop/lib/features/settings/option_setting_window.dart:649,"crates/application/src/codegen.rs:370; docs/evidence/repair/R4-13.S05/README.md (historical evidence, not fresh real-OS validation)"
FLD-CFG-031,CoreBasicItem.BindInterface,CoreBasicItem,leaf,implemented,"crates/application/src/codegen.rs:363; crates/config_codegen/src/xray/{log,outbound}.rs; crates/config_codegen/src/singbox/{log,outbound}.rs",apps/desktop/lib/features/settings/option_setting_window.dart:653;apps/desktop/lib/features/settings/option_setting_window.dart:654;apps/desktop/lib/features/settings/settings_controller.dart:471;apps/desktop/lib/features/settings/settings_defaults.dart:60,CP-SET-01;CP-SET-02;CP-SET-03;CP-SET-15,,false,current source trace; synthetic fault contracts for CP-SET-01/02/03; pure actual-Rust probe where cited,production consumer traced statically; no complete UI->Rust->persist->reopen->actual-effect acceptance in this audit,v2rayN/ServiceLib/Models/Configs/ConfigItems.cs::CoreBasicItem.BindInterface,TextBox; apps/desktop/lib/features/settings/option_setting_window.dart:653; apps/desktop/lib/features/settings/option_setting_window.dart:654,"crates/application/src/codegen.rs:371; docs/evidence/repair/R4-13.S05/README.md (historical evidence, not fresh real-OS validation)"
FLD-CFG-032,CoreBasicItem.EnableFragment,CoreBasicItem,leaf,implemented,"crates/application/src/codegen.rs:363; crates/config_codegen/src/xray/{log,outbound}.rs; crates/config_codegen/src/singbox/{log,outbound}.rs",apps/desktop/lib/features/settings/option_setting_window.dart:723;apps/desktop/lib/features/settings/option_setting_window.dart:724;apps/desktop/lib/features/settings/settings_defaults.dart:61,CP-SET-01;CP-SET-02;CP-SET-03;CP-SET-15,,false,current source trace; synthetic fault contracts for CP-SET-01/02/03; pure actual-Rust probe where cited,production consumer traced statically; no complete UI->Rust->persist->reopen->actual-effect acceptance in this audit,v2rayN/ServiceLib/Models/Configs/ConfigItems.cs::CoreBasicItem.EnableFragment,ToggleButton; apps/desktop/lib/features/settings/option_setting_window.dart:723; apps/desktop/lib/features/settings/option_setting_window.dart:724,"crates/application/src/codegen.rs:372; docs/evidence/repair/R4-13.S05/README.md (historical evidence, not fresh real-OS validation)"
FLD-CFG-033,CoreBasicItem.EnableFinalFragment,CoreBasicItem,leaf,implemented,"crates/application/src/codegen.rs:363; crates/config_codegen/src/xray/{log,outbound}.rs; crates/config_codegen/src/singbox/{log,outbound}.rs",apps/desktop/lib/features/settings/option_setting_window.dart:766;apps/desktop/lib/features/settings/option_setting_window.dart:767;apps/desktop/lib/features/settings/settings_defaults.dart:62,CP-SET-01;CP-SET-02;CP-SET-03;CP-SET-15,,false,current source trace; synthetic fault contracts for CP-SET-01/02/03; pure actual-Rust probe where cited,production consumer traced statically; no complete UI->Rust->persist->reopen->actual-effect acceptance in this audit,v2rayN/ServiceLib/Models/Configs/ConfigItems.cs::CoreBasicItem.EnableFinalFragment,ToggleButton; apps/desktop/lib/features/settings/option_setting_window.dart:766; apps/desktop/lib/features/settings/option_setting_window.dart:767,"crates/application/src/codegen.rs:373; docs/evidence/repair/R4-13.S05/README.md (historical evidence, not fresh real-OS validation)"
FLD-CFG-034,CoreBasicItem.EnableCacheFile4Sbox,CoreBasicItem,leaf,implemented,"crates/application/src/codegen.rs:363; crates/config_codegen/src/xray/{log,outbound}.rs; crates/config_codegen/src/singbox/{log,outbound}.rs",apps/desktop/lib/features/settings/option_setting_window.dart:693;apps/desktop/lib/features/settings/option_setting_window.dart:694;apps/desktop/lib/features/settings/settings_defaults.dart:63,CP-SET-01;CP-SET-02;CP-SET-03;CP-SET-15,,false,current source trace; synthetic fault contracts for CP-SET-01/02/03; pure actual-Rust probe where cited,production consumer traced statically; no complete UI->Rust->persist->reopen->actual-effect acceptance in this audit,v2rayN/ServiceLib/Models/Configs/ConfigItems.cs::CoreBasicItem.EnableCacheFile4Sbox,ToggleButton; apps/desktop/lib/features/settings/option_setting_window.dart:693; apps/desktop/lib/features/settings/option_setting_window.dart:694,"crates/application/src/codegen.rs:374; docs/evidence/repair/R4-13.S05/README.md (historical evidence, not fresh real-OS validation)"
FLD-CFG-035,InItem.LocalPort,Inbound,leaf,implemented,"crates/application/src/engine.rs:1612,1630,1679 settings tree storage",apps/desktop/lib/features/settings/option_setting_window.dart:152;apps/desktop/lib/features/settings/option_setting_window.dart:162;apps/desktop/lib/features/settings/option_setting_window.dart:348;apps/desktop/lib/features/settings/option_setting_window.dart:494;apps/desktop/lib/features/settings/option_setting_window.dart:495;apps/desktop/lib/features/settings/option_setting_window.dart:508;apps/desktop/lib/features/settings/option_setting_window.dart:509;apps/desktop/lib/features/settings/proxy_settings_view.dart:30,CP-SET-01;CP-SET-02;CP-SET-03;CP-SET-15,,false,current source trace; synthetic fault contracts for CP-SET-01/02/03; pure actual-Rust probe where cited,production consumer traced statically; no complete UI->Rust->persist->reopen->actual-effect acceptance in this audit,v2rayN/ServiceLib/Models/Configs/ConfigItems.cs::InItem.LocalPort,TextBox; apps/desktop/lib/features/settings/option_setting_window.dart:494; apps/desktop/lib/features/settings/option_setting_window.dart:495,"crates/application/src/codegen.rs:406; docs/evidence/repair/R4-13.S13/README.md (historical evidence, not fresh real-OS validation)"
FLD-CFG-036,InItem.Protocol,Inbound,leaf,implemented,"crates/application/src/engine.rs:1612,1630,1679 settings tree storage",apps/desktop/lib/features/profiles/profile_draft.dart:204;apps/desktop/lib/features/routing/routing_controller.dart:162;apps/desktop/lib/features/routing/routing_controller.dart:201;apps/desktop/lib/features/routing/routing_controller.dart:226;apps/desktop/lib/features/routing/routing_controller.dart:479;apps/desktop/lib/features/routing/routing_windows.dart:902;apps/desktop/lib/features/routing/routing_windows.dart:1343;apps/desktop/lib/features/routing/routing_windows.dart:1368,CP-SET-01;CP-SET-02;CP-SET-03;CP-SET-15,,false,current source trace; synthetic fault contracts for CP-SET-01/02/03; pure actual-Rust probe where cited,production consumer traced statically; no complete UI->Rust->persist->reopen->actual-effect acceptance in this audit,v2rayN/ServiceLib/Models/Configs/ConfigItems.cs::InItem.Protocol,None; apps/desktop/lib/features/settings/option_setting_window.dart:682; apps/desktop/lib/features/settings/option_setting_window.dart:689,"crates/application/src/codegen.rs:383; crates/application/src/codegen.rs:419; docs/evidence/repair/R4-13.S13/README.md (historical evidence, not fresh real-OS validation)"
FLD-CFG-037,InItem.UdpEnabled,Inbound,leaf,implemented,"crates/application/src/engine.rs:1612,1630,1679 settings tree storage",apps/desktop/lib/features/settings/option_setting_window.dart:154;apps/desktop/lib/features/settings/option_setting_window.dart:514;apps/desktop/lib/features/settings/option_setting_window.dart:515;apps/desktop/lib/features/settings/settings_defaults.dart:203,CP-SET-01;CP-SET-02;CP-SET-03;CP-SET-15,,false,current source trace; synthetic fault contracts for CP-SET-01/02/03; pure actual-Rust probe where cited,production consumer traced statically; no complete UI->Rust->persist->reopen->actual-effect acceptance in this audit,v2rayN/ServiceLib/Models/Configs/ConfigItems.cs::InItem.UdpEnabled,ToggleButton; apps/desktop/lib/features/settings/option_setting_window.dart:514; apps/desktop/lib/features/settings/option_setting_window.dart:515,"crates/application/src/codegen.rs:415; docs/evidence/repair/R4-13.S13/README.md (historical evidence, not fresh real-OS validation)"
FLD-CFG-038,InItem.SniffingEnabled,Inbound,leaf,implemented,"crates/application/src/engine.rs:1612,1630,1679 settings tree storage",apps/desktop/lib/features/settings/option_setting_window.dart:155;apps/desktop/lib/features/settings/option_setting_window.dart:520;apps/desktop/lib/features/settings/option_setting_window.dart:521;apps/desktop/lib/features/settings/settings_defaults.dart:204,CP-SET-01;CP-SET-02;CP-SET-03;CP-SET-15,,false,current source trace; synthetic fault contracts for CP-SET-01/02/03; pure actual-Rust probe where cited,production consumer traced statically; no complete UI->Rust->persist->reopen->actual-effect acceptance in this audit,v2rayN/ServiceLib/Models/Configs/ConfigItems.cs::InItem.SniffingEnabled,ToggleButton; apps/desktop/lib/features/settings/option_setting_window.dart:520; apps/desktop/lib/features/settings/option_setting_window.dart:521,"crates/application/src/codegen.rs:416; docs/evidence/repair/R4-13.S13/README.md (historical evidence, not fresh real-OS validation)"
FLD-CFG-039,InItem.DestOverride,Inbound,leaf,implemented,"crates/application/src/engine.rs:1612,1630,1679 settings tree storage",apps/desktop/lib/features/settings/option_setting_window.dart:156;apps/desktop/lib/features/settings/option_setting_window.dart:549;apps/desktop/lib/features/settings/option_setting_window.dart:552;apps/desktop/lib/features/settings/option_setting_window.dart:558;apps/desktop/lib/features/settings/settings_defaults.dart:205,CP-SET-01;CP-SET-02;CP-SET-03;CP-SET-15,,false,current source trace; synthetic fault contracts for CP-SET-01/02/03; pure actual-Rust probe where cited,production consumer traced statically; no complete UI->Rust->persist->reopen->actual-effect acceptance in this audit,v2rayN/ServiceLib/Models/Configs/ConfigItems.cs::InItem.DestOverride,ListBox(多选); apps/desktop/lib/features/settings/option_setting_window.dart:549; apps/desktop/lib/features/settings/option_setting_window.dart:552; apps/desktop/lib/features/settings/option_setting_window.dart:558,"crates/application/src/codegen.rs:417; docs/evidence/repair/R4-13.S13/README.md (historical evidence, not fresh real-OS validation)"
FLD-CFG-040,InItem.RouteOnly,Inbound,leaf,implemented,"crates/application/src/engine.rs:1612,1630,1679 settings tree storage",apps/desktop/lib/features/settings/option_setting_window.dart:157;apps/desktop/lib/features/settings/option_setting_window.dart:570;apps/desktop/lib/features/settings/option_setting_window.dart:571;apps/desktop/lib/features/settings/settings_defaults.dart:206,CP-SET-01;CP-SET-02;CP-SET-03;CP-SET-15,,false,current source trace; synthetic fault contracts for CP-SET-01/02/03; pure actual-Rust probe where cited,production consumer traced statically; no complete UI->Rust->persist->reopen->actual-effect acceptance in this audit,v2rayN/ServiceLib/Models/Configs/ConfigItems.cs::InItem.RouteOnly,ToggleButton; apps/desktop/lib/features/settings/option_setting_window.dart:570; apps/desktop/lib/features/settings/option_setting_window.dart:571,"crates/application/src/codegen.rs:418; docs/evidence/repair/R4-13.S13/README.md (historical evidence, not fresh real-OS validation)"
FLD-CFG-041,InItem.AllowLANConn,Inbound,leaf,implemented,"crates/application/src/engine.rs:1612,1630,1679 settings tree storage",apps/desktop/lib/features/settings/option_setting_window.dart:158;apps/desktop/lib/features/settings/option_setting_window.dart:576;apps/desktop/lib/features/settings/option_setting_window.dart:577;apps/desktop/lib/features/settings/settings_defaults.dart:207;crates/application/src/codegen.rs:1082,CP-SET-01;CP-SET-02;CP-SET-03;CP-SET-15,,false,current source trace; synthetic fault contracts for CP-SET-01/02/03; pure actual-Rust probe where cited,production consumer traced statically; no complete UI->Rust->persist->reopen->actual-effect acceptance in this audit,v2rayN/ServiceLib/Models/Configs/ConfigItems.cs::InItem.AllowLANConn,ToggleButton; apps/desktop/lib/features/settings/option_setting_window.dart:576; apps/desktop/lib/features/settings/option_setting_window.dart:577,"crates/application/src/codegen.rs:411; docs/evidence/repair/R4-13.S13/README.md (historical evidence, not fresh real-OS validation)"
FLD-CFG-042,InItem.NewPort4LAN,Inbound,leaf,implemented,"crates/application/src/engine.rs:1612,1630,1679 settings tree storage",apps/desktop/lib/features/settings/option_setting_window.dart:159;apps/desktop/lib/features/settings/option_setting_window.dart:583;apps/desktop/lib/features/settings/option_setting_window.dart:584;apps/desktop/lib/features/settings/option_setting_window.dart:593;apps/desktop/lib/features/settings/option_setting_window.dart:599;apps/desktop/lib/features/settings/settings_defaults.dart:208,CP-SET-01;CP-SET-02;CP-SET-03;CP-SET-15,,false,current source trace; synthetic fault contracts for CP-SET-01/02/03; pure actual-Rust probe where cited,production consumer traced statically; no complete UI->Rust->persist->reopen->actual-effect acceptance in this audit,v2rayN/ServiceLib/Models/Configs/ConfigItems.cs::InItem.NewPort4LAN,ToggleButton; apps/desktop/lib/features/settings/option_setting_window.dart:583; apps/desktop/lib/features/settings/option_setting_window.dart:584; apps/desktop/lib/features/settings/option_setting_window.dart:593,"crates/application/src/codegen.rs:412; docs/evidence/repair/R4-13.S13/README.md (historical evidence, not fresh real-OS validation)"
FLD-CFG-043,InItem.User,Inbound,leaf,implemented,"crates/application/src/engine.rs:1612,1630,1679 settings tree storage",apps/desktop/lib/features/settings/option_setting_window.dart:160;apps/desktop/lib/features/settings/option_setting_window.dart:592;apps/desktop/lib/features/settings/option_setting_window.dart:594;apps/desktop/lib/features/settings/option_setting_window.dart:630;apps/desktop/lib/features/settings/option_setting_window.dart:631;apps/desktop/lib/features/settings/option_setting_window.dart:632;apps/desktop/lib/features/settings/settings_defaults.dart:58;apps/desktop/lib/features/settings/settings_defaults.dart:182,CP-SET-01;CP-SET-02;CP-SET-03;CP-SET-15,,false,current source trace; synthetic fault contracts for CP-SET-01/02/03; pure actual-Rust probe where cited,production consumer traced statically; no complete UI->Rust->persist->reopen->actual-effect acceptance in this audit,v2rayN/ServiceLib/Models/Configs/ConfigItems.cs::InItem.User,TextBox; apps/desktop/lib/features/settings/option_setting_window.dart:592; apps/desktop/lib/features/settings/option_setting_window.dart:594,"crates/application/src/codegen.rs:413; docs/evidence/repair/R4-13.S13/README.md (historical evidence, not fresh real-OS validation)"
FLD-CFG-044,InItem.Pass,Inbound,leaf,implemented,"crates/application/src/engine.rs:1612,1630,1679 settings tree storage",apps/desktop/lib/features/profiles/profile_dedup.dart:45;apps/desktop/lib/features/profiles/profile_draft.dart:56;apps/desktop/lib/features/profiles/profile_draft.dart:140;apps/desktop/lib/features/profiles/profile_draft.dart:219;apps/desktop/lib/features/profiles/profile_fields.dart:388;apps/desktop/lib/features/profiles/profile_fields.dart:390;apps/desktop/lib/features/profiles/profile_fields.dart:391;apps/desktop/lib/features/settings/option_setting_window.dart:161,CP-SET-01;CP-SET-02;CP-SET-03;CP-SET-15,,false,current source trace; synthetic fault contracts for CP-SET-01/02/03; pure actual-Rust probe where cited,production consumer traced statically; no complete UI->Rust->persist->reopen->actual-effect acceptance in this audit,v2rayN/ServiceLib/Models/Configs/ConfigItems.cs::InItem.Pass,TextBox; apps/desktop/lib/features/settings/option_setting_window.dart:598; apps/desktop/lib/features/settings/option_setting_window.dart:600,"crates/application/src/codegen.rs:414; docs/evidence/repair/R4-13.S13/README.md (historical evidence, not fresh real-OS validation)"
FLD-CFG-045,InItem.SecondLocalPortEnabled,Inbound,leaf,implemented,"crates/application/src/engine.rs:1612,1630,1679 settings tree storage",apps/desktop/lib/features/settings/option_setting_window.dart:162;apps/desktop/lib/features/settings/option_setting_window.dart:508;apps/desktop/lib/features/settings/option_setting_window.dart:509;apps/desktop/lib/features/settings/settings_defaults.dart:211,CP-SET-01;CP-SET-02;CP-SET-03;CP-SET-15,,false,current source trace; synthetic fault contracts for CP-SET-01/02/03; pure actual-Rust probe where cited,production consumer traced statically; no complete UI->Rust->persist->reopen->actual-effect acceptance in this audit,v2rayN/ServiceLib/Models/Configs/ConfigItems.cs::InItem.SecondLocalPortEnabled,ToggleButton; apps/desktop/lib/features/settings/option_setting_window.dart:508; apps/desktop/lib/features/settings/option_setting_window.dart:509,"crates/application/src/codegen.rs:410; docs/evidence/repair/R4-13.S13/README.md (historical evidence, not fresh real-OS validation)"
FLD-CFG-046,KcpItem.Mtu,KcpItem,leaf,implemented,crates/application/src/codegen.rs:386; crates/config_codegen/src/xray/outbound.rs,apps/desktop/lib/features/profiles/profile_draft.dart:54;apps/desktop/lib/features/profiles/profile_draft.dart:85;apps/desktop/lib/features/profiles/profile_draft.dart:138;apps/desktop/lib/features/profiles/profile_draft.dart:167;apps/desktop/lib/features/profiles/profile_draft.dart:217;apps/desktop/lib/features/profiles/profile_draft.dart:248;apps/desktop/lib/features/profiles/profile_editor_dialog.dart:88;apps/desktop/lib/features/profiles/profile_editor_dialog.dart:89,CP-SET-01;CP-SET-02;CP-SET-03;CP-SET-15,,false,current source trace; synthetic fault contracts for CP-SET-01/02/03; pure actual-Rust probe where cited,production consumer traced statically; no complete UI->Rust->persist->reopen->actual-effect acceptance in this audit,v2rayN/ServiceLib/Models/Configs/ConfigItems.cs::KcpItem.Mtu,None; apps/desktop/lib/features/settings/option_setting_window.dart:776; apps/desktop/lib/features/settings/option_setting_window.dart:777; apps/desktop/lib/features/settings/option_setting_window.dart:1211,"crates/application/src/codegen.rs:386; crates/application/src/codegen.rs:427; docs/evidence/repair/R4-13.S14/README.md (historical evidence, not fresh real-OS validation)"
FLD-CFG-047,KcpItem.Tti,KcpItem,leaf,implemented,crates/application/src/codegen.rs:386; crates/config_codegen/src/xray/outbound.rs,apps/desktop/lib/features/settings/option_setting_window.dart:781;apps/desktop/lib/features/settings/option_setting_window.dart:782;apps/desktop/lib/features/settings/settings_defaults.dart:80,CP-SET-01;CP-SET-02;CP-SET-03;CP-SET-15,,false,current source trace; synthetic fault contracts for CP-SET-01/02/03; pure actual-Rust probe where cited,production consumer traced statically; no complete UI->Rust->persist->reopen->actual-effect acceptance in this audit,v2rayN/ServiceLib/Models/Configs/ConfigItems.cs::KcpItem.Tti,None; apps/desktop/lib/features/settings/option_setting_window.dart:781; apps/desktop/lib/features/settings/option_setting_window.dart:782,"crates/application/src/codegen.rs:387; docs/evidence/repair/R4-13.S14/README.md (historical evidence, not fresh real-OS validation)"
FLD-CFG-048,KcpItem.UplinkCapacity,KcpItem,leaf,implemented,crates/application/src/codegen.rs:386; crates/config_codegen/src/xray/outbound.rs,apps/desktop/lib/features/settings/option_setting_window.dart:786;apps/desktop/lib/features/settings/option_setting_window.dart:787;apps/desktop/lib/features/settings/settings_defaults.dart:81,CP-SET-01;CP-SET-02;CP-SET-03;CP-SET-15,,false,current source trace; synthetic fault contracts for CP-SET-01/02/03; pure actual-Rust probe where cited,production consumer traced statically; no complete UI->Rust->persist->reopen->actual-effect acceptance in this audit,v2rayN/ServiceLib/Models/Configs/ConfigItems.cs::KcpItem.UplinkCapacity,None; apps/desktop/lib/features/settings/option_setting_window.dart:786; apps/desktop/lib/features/settings/option_setting_window.dart:787,"crates/application/src/codegen.rs:388; docs/evidence/repair/R4-13.S14/README.md (historical evidence, not fresh real-OS validation)"
FLD-CFG-049,KcpItem.DownlinkCapacity,KcpItem,leaf,implemented,crates/application/src/codegen.rs:386; crates/config_codegen/src/xray/outbound.rs,apps/desktop/lib/features/settings/option_setting_window.dart:791;apps/desktop/lib/features/settings/option_setting_window.dart:792;apps/desktop/lib/features/settings/settings_defaults.dart:82,CP-SET-01;CP-SET-02;CP-SET-03;CP-SET-15,,false,current source trace; synthetic fault contracts for CP-SET-01/02/03; pure actual-Rust probe where cited,production consumer traced statically; no complete UI->Rust->persist->reopen->actual-effect acceptance in this audit,v2rayN/ServiceLib/Models/Configs/ConfigItems.cs::KcpItem.DownlinkCapacity,None; apps/desktop/lib/features/settings/option_setting_window.dart:791; apps/desktop/lib/features/settings/option_setting_window.dart:792,"crates/application/src/codegen.rs:389; docs/evidence/repair/R4-13.S14/README.md (historical evidence, not fresh real-OS validation)"
FLD-CFG-050,KcpItem.CwndMultiplier,KcpItem,leaf,implemented,crates/application/src/codegen.rs:386; crates/config_codegen/src/xray/outbound.rs,apps/desktop/lib/features/settings/option_setting_window.dart:796;apps/desktop/lib/features/settings/option_setting_window.dart:797;apps/desktop/lib/features/settings/settings_defaults.dart:83,CP-SET-01;CP-SET-02;CP-SET-03;CP-SET-15,,false,current source trace; synthetic fault contracts for CP-SET-01/02/03; pure actual-Rust probe where cited,production consumer traced statically; no complete UI->Rust->persist->reopen->actual-effect acceptance in this audit,v2rayN/ServiceLib/Models/Configs/ConfigItems.cs::KcpItem.CwndMultiplier,None; apps/desktop/lib/features/settings/option_setting_window.dart:796; apps/desktop/lib/features/settings/option_setting_window.dart:797,"crates/application/src/codegen.rs:390; docs/evidence/repair/R4-13.S14/README.md (historical evidence, not fresh real-OS validation)"
FLD-CFG-051,KcpItem.MaxSendingWindow,KcpItem,leaf,implemented,crates/application/src/codegen.rs:386; crates/config_codegen/src/xray/outbound.rs,apps/desktop/lib/features/settings/option_setting_window.dart:801;apps/desktop/lib/features/settings/option_setting_window.dart:802;apps/desktop/lib/features/settings/settings_defaults.dart:84,CP-SET-01;CP-SET-02;CP-SET-03;CP-SET-15,,false,current source trace; synthetic fault contracts for CP-SET-01/02/03; pure actual-Rust probe where cited,production consumer traced statically; no complete UI->Rust->persist->reopen->actual-effect acceptance in this audit,v2rayN/ServiceLib/Models/Configs/ConfigItems.cs::KcpItem.MaxSendingWindow,None; apps/desktop/lib/features/settings/option_setting_window.dart:801; apps/desktop/lib/features/settings/option_setting_window.dart:802,"crates/application/src/codegen.rs:391; docs/evidence/repair/R4-13.S14/README.md (historical evidence, not fresh real-OS validation)"
FLD-CFG-052,GrpcItem.IdleTimeout,GrpcItem,leaf,implemented,"crates/application/src/codegen.rs:392; crates/config_codegen/src/{xray,singbox}/outbound.rs",apps/desktop/lib/features/settings/settings_defaults.dart:87,CP-SET-01;CP-SET-02;CP-SET-03;CP-SET-15,,false,current source trace; synthetic fault contracts for CP-SET-01/02/03; pure actual-Rust probe where cited,production consumer traced statically; no complete UI->Rust->persist->reopen->actual-effect acceptance in this audit,v2rayN/ServiceLib/Models/Configs/ConfigItems.cs::GrpcItem.IdleTimeout,None; no original dedicated OptionSettingWindow control; typed setting preserved/editable through config or relevant window,"crates/application/src/codegen.rs:392; docs/evidence/repair/R4-13.S09/README.md (historical evidence, not fresh real-OS validation)"
FLD-CFG-053,GrpcItem.HealthCheckTimeout,GrpcItem,leaf,implemented,"crates/application/src/codegen.rs:392; crates/config_codegen/src/{xray,singbox}/outbound.rs",apps/desktop/lib/features/settings/settings_defaults.dart:88,CP-SET-01;CP-SET-02;CP-SET-03;CP-SET-15,,false,current source trace; synthetic fault contracts for CP-SET-01/02/03; pure actual-Rust probe where cited,production consumer traced statically; no complete UI->Rust->persist->reopen->actual-effect acceptance in this audit,v2rayN/ServiceLib/Models/Configs/ConfigItems.cs::GrpcItem.HealthCheckTimeout,None; no original dedicated OptionSettingWindow control; typed setting preserved/editable through config or relevant window,"crates/application/src/codegen.rs:393; docs/evidence/repair/R4-13.S09/README.md (historical evidence, not fresh real-OS validation)"
FLD-CFG-054,GrpcItem.PermitWithoutStream,GrpcItem,leaf,implemented,"crates/application/src/codegen.rs:392; crates/config_codegen/src/{xray,singbox}/outbound.rs",apps/desktop/lib/features/settings/settings_defaults.dart:89,CP-SET-01;CP-SET-02;CP-SET-03;CP-SET-15,,false,current source trace; synthetic fault contracts for CP-SET-01/02/03; pure actual-Rust probe where cited,production consumer traced statically; no complete UI->Rust->persist->reopen->actual-effect acceptance in this audit,v2rayN/ServiceLib/Models/Configs/ConfigItems.cs::GrpcItem.PermitWithoutStream,None; no original dedicated OptionSettingWindow control; typed setting preserved/editable through config or relevant window,"crates/application/src/codegen.rs:394; docs/evidence/repair/R4-13.S09/README.md (historical evidence, not fresh real-OS validation)"
FLD-CFG-055,GrpcItem.InitialWindowsSize,GrpcItem,leaf,implemented,"crates/application/src/codegen.rs:392; crates/config_codegen/src/{xray,singbox}/outbound.rs",apps/desktop/lib/features/settings/settings_defaults.dart:90,CP-SET-01;CP-SET-02;CP-SET-03;CP-SET-15,,false,current source trace; synthetic fault contracts for CP-SET-01/02/03; pure actual-Rust probe where cited,production consumer traced statically; no complete UI->Rust->persist->reopen->actual-effect acceptance in this audit,v2rayN/ServiceLib/Models/Configs/ConfigItems.cs::GrpcItem.InitialWindowsSize,None; no original dedicated OptionSettingWindow control; typed setting preserved/editable through config or relevant window,"crates/application/src/codegen.rs:395; docs/evidence/repair/R4-13.S09/README.md (historical evidence, not fresh real-OS validation)"
FLD-CFG-056,GuiItem.AutoRun,GUIItem,leaf,identified,"crates/application/src/engine.rs:1612,1630,1679 settings tree storage",apps/desktop/lib/features/settings/option_setting_window.dart:907;apps/desktop/lib/features/settings/option_setting_window.dart:908;apps/desktop/lib/features/settings/settings_controller.dart:165;apps/desktop/lib/features/settings/settings_controller.dart:299;apps/desktop/lib/features/settings/settings_controller.dart:313;apps/desktop/lib/features/settings/settings_controller.dart:314;apps/desktop/lib/features/settings/settings_controller.dart:315;apps/desktop/lib/features/settings/settings_controller.dart:316,CP-SET-01;CP-SET-02;CP-SET-03;CP-SET-15,CP-SET-01,false,current source trace; synthetic fault contracts for CP-SET-01/02/03; pure actual-Rust probe where cited,same-window retry fixed; reopening load() falsely confirms persisted desired AutoRun,v2rayN/ServiceLib/Models/Configs/ConfigItems.cs :: GUIItem.AutoRun,ToggleButton,Current HEAD 672e666 static audit; desktop_repro.log only for AUD-DESK-01/02
FLD-CFG-057,GuiItem.EnableStatistics,GUIItem,leaf,implemented,"crates/application/src/engine.rs:1612,1630,1679 settings tree storage",apps/desktop/lib/features/settings/option_setting_window.dart:818;apps/desktop/lib/features/settings/option_setting_window.dart:819;apps/desktop/lib/features/settings/settings_defaults.dart:99;apps/desktop/lib/app/shell/ui_shell_controller.dart:242;crates/application/src/engine.rs:4474;crates/application/src/engine.rs:4531;crates/application/src/engine.rs:4537;crates/application/src/engine.rs:4552,CP-SET-01;CP-SET-02;CP-SET-03;CP-SET-15,CP-SET-10,false,current source trace; synthetic fault contracts for CP-SET-01/02/03; pure actual-Rust probe where cited,backend statistics generation has consumer; showStatistics member never read by table,v2rayN/ServiceLib/Models/Configs/ConfigItems.cs :: GUIItem.EnableStatistics,ToggleButton,Current HEAD 672e666 static audit; desktop_repro.log only for AUD-DESK-01/02
FLD-CFG-058,GuiItem.DisplayRealTimeSpeed,GUIItem,leaf,implemented,"crates/application/src/engine.rs:1612,1630,1679 settings tree storage",apps/desktop/lib/features/settings/option_setting_window.dart:823;apps/desktop/lib/features/settings/option_setting_window.dart:824;apps/desktop/lib/features/settings/settings_defaults.dart:100,CP-SET-01;CP-SET-02;CP-SET-03;CP-SET-15,,false,current source trace; synthetic fault contracts for CP-SET-01/02/03; pure actual-Rust probe where cited,production consumer traced statically; no complete UI->Rust->persist->reopen->actual-effect acceptance in this audit,v2rayN/ServiceLib/Models/Configs/ConfigItems.cs :: GUIItem.DisplayRealTimeSpeed,ToggleButton,Current HEAD 672e666 static audit; desktop_repro.log only for AUD-DESK-01/02
FLD-CFG-059,GuiItem.KeepOlderDedupl,GUIItem,leaf,implemented,"crates/application/src/engine.rs:1612,1630,1679 settings tree storage",apps/desktop/lib/features/profiles/profiles_controller.dart:64;apps/desktop/lib/features/profiles/profiles_controller.dart:72;apps/desktop/lib/features/profiles/profiles_controller.dart:1612;apps/desktop/lib/features/settings/option_setting_window.dart:828;apps/desktop/lib/features/settings/option_setting_window.dart:829;apps/desktop/lib/features/settings/settings_defaults.dart:101,CP-SET-01;CP-SET-02;CP-SET-03;CP-SET-15,,false,current source trace; synthetic fault contracts for CP-SET-01/02/03; pure actual-Rust probe where cited,production consumer traced statically; no complete UI->Rust->persist->reopen->actual-effect acceptance in this audit,v2rayN/ServiceLib/Models/Configs/ConfigItems.cs :: GUIItem.KeepOlderDedupl,ToggleButton,Current HEAD 672e666 static audit; desktop_repro.log only for AUD-DESK-01/02
FLD-CFG-060,GuiItem.AutoUpdateInterval,GUIItem,leaf,implemented,"crates/application/src/engine.rs:1612,1630,1679 settings tree storage",apps/desktop/lib/features/settings/option_setting_window.dart:897;apps/desktop/lib/features/settings/option_setting_window.dart:898;apps/desktop/lib/features/settings/resource_auto_update.dart:47;apps/desktop/lib/features/settings/settings_defaults.dart:102;crates/application/src/subs.rs:107;crates/application/src/subs.rs:146,CP-SET-01;CP-SET-02;CP-SET-03;CP-SET-15,,false,current source trace; synthetic fault contracts for CP-SET-01/02/03; pure actual-Rust probe where cited,production consumer traced statically; no complete UI->Rust->persist->reopen->actual-effect acceptance in this audit,v2rayN/ServiceLib/Models/Configs/ConfigItems.cs :: GUIItem.AutoUpdateInterval,TextBox,Current HEAD 672e666 static audit; desktop_repro.log only for AUD-DESK-01/02
FLD-CFG-061,GuiItem.TrayMenuServersLimit,GUIItem,leaf,implemented,"crates/application/src/engine.rs:1612,1630,1679 settings tree storage",apps/desktop/lib/features/settings/option_setting_window.dart:892;apps/desktop/lib/features/settings/option_setting_window.dart:893;apps/desktop/lib/features/settings/settings_defaults.dart:103;apps/desktop/lib/app/shell/desktop_integration.dart:461;apps/desktop/lib/app/shell/ui_shell_controller.dart:245,CP-SET-01;CP-SET-02;CP-SET-03;CP-SET-15,,false,current source trace; synthetic fault contracts for CP-SET-01/02/03; pure actual-Rust probe where cited,production consumer traced statically; no complete UI->Rust->persist->reopen->actual-effect acceptance in this audit,v2rayN/ServiceLib/Models/Configs/ConfigItems.cs :: GUIItem.TrayMenuServersLimit,TextBox,Current HEAD 672e666 static audit; desktop_repro.log only for AUD-DESK-01/02
FLD-CFG-062,GuiItem.EnableHWA,GUIItem,leaf,identified,"crates/application/src/engine.rs:1612,1630,1679 settings tree storage",apps/desktop/lib/features/settings/option_setting_window.dart:1018;apps/desktop/lib/features/settings/option_setting_window.dart:1019;apps/desktop/lib/features/settings/settings_defaults.dart:104,CP-SET-01;CP-SET-02;CP-SET-03;CP-SET-15,CP-SET-07,false,current source trace; synthetic fault contracts for CP-SET-01/02/03; pure actual-Rust probe where cited,EnableHWA has DTO/storage but no runner renderer selection,v2rayN/ServiceLib/Models/Configs/ConfigItems.cs :: GUIItem.EnableHWA,ToggleButton,Current HEAD 672e666 static audit; desktop_repro.log only for AUD-DESK-01/02
FLD-CFG-063,GuiItem.EnableLog,GUIItem,leaf,identified,"crates/application/src/engine.rs:1612,1630,1679 settings tree storage",apps/desktop/lib/features/settings/settings_defaults.dart:105,CP-SET-01;CP-SET-02;CP-SET-03;CP-SET-15,CP-SET-07,false,current source trace; synthetic fault contracts for CP-SET-01/02/03; pure actual-Rust probe where cited,EnableLog application logging flag has no production reader,v2rayN/ServiceLib/Models/Configs/ConfigItems.cs :: GUIItem.EnableLog,internal/preserved,Current HEAD 672e666 static audit; desktop_repro.log only for AUD-DESK-01/02
FLD-CFG-064,GuiItem.RootCertProvider,GUIItem,leaf,identified,"crates/application/src/engine.rs:1612,1630,1679 settings tree storage",apps/desktop/lib/features/settings/option_setting_window.dart:1024;apps/desktop/lib/features/settings/option_setting_window.dart:1030;apps/desktop/lib/features/settings/settings_controller.dart:193;apps/desktop/lib/features/settings/settings_controller.dart:482;apps/desktop/lib/features/settings/settings_controller.dart:485;apps/desktop/lib/features/settings/settings_controller.dart:487;apps/desktop/lib/features/settings/settings_defaults.dart:6;apps/desktop/lib/features/settings/settings_defaults.dart:10,CP-SET-01;CP-SET-02;CP-SET-03;CP-SET-15,CP-SET-07,false,current source trace; synthetic fault contracts for CP-SET-01/02/03; pure actual-Rust probe where cited,trust-source enum maps but HTTP clients ignore selected provider,v2rayN/ServiceLib/Models/Configs/ConfigItems.cs :: GUIItem.RootCertProvider,ComboBox,Current HEAD 672e666 static audit; desktop_repro.log only for AUD-DESK-01/02
FLD-CFG-065,MsgUIItem.MainMsgFilter,MsgUIItem,leaf,identified,"apps/desktop/lib/features/monitor/logs_view.dart has local controls, no persisted MsgUIItem consumer",apps/desktop/lib/features/settings/settings_defaults.dart:108,CP-SET-01;CP-SET-02;CP-SET-03;CP-SET-15,CP-SET-07,false,current source trace; synthetic fault contracts for CP-SET-01/02/03; pure actual-Rust probe where cited,local log keyword is not seeded/persisted from MainMsgFilter,v2rayN/ServiceLib/Models/Configs/ConfigItems.cs :: MsgUIItem.MainMsgFilter,internal/preserved,Current HEAD 672e666 static audit; desktop_repro.log only for AUD-DESK-01/02
FLD-CFG-066,MsgUIItem.AutoRefresh,MsgUIItem,leaf,identified,"apps/desktop/lib/features/monitor/logs_view.dart has local controls, no persisted MsgUIItem consumer",apps/desktop/lib/features/monitor/clash_ui_config.dart:15;apps/desktop/lib/features/monitor/clash_ui_config.dart:18;apps/desktop/lib/features/monitor/clash_ui_config.dart:22;apps/desktop/lib/features/monitor/clash_ui_config.dart:30;apps/desktop/lib/features/monitor/clash_ui_config.dart:36;apps/desktop/lib/features/monitor/clash_ui_config.dart:39;apps/desktop/lib/features/monitor/clash_ui_config.dart:59;apps/desktop/lib/features/monitor/clash_ui_config.dart:62,CP-SET-01;CP-SET-02;CP-SET-03;CP-SET-15,CP-SET-07,false,current source trace; synthetic fault contracts for CP-SET-01/02/03; pure actual-Rust probe where cited,local log autoRefresh is not seeded/persisted from MsgUIItem,v2rayN/ServiceLib/Models/Configs/ConfigItems.cs :: MsgUIItem.AutoRefresh,internal/preserved,Current HEAD 672e666 static audit; desktop_repro.log only for AUD-DESK-01/02
FLD-CFG-067,UiItem.EnableAutoAdjustMainLvColWidth,UIItem,leaf,identified,"crates/application/src/engine.rs:1612,1630,1679 settings tree storage",apps/desktop/lib/features/settings/option_setting_window.dart:833;apps/desktop/lib/features/settings/option_setting_window.dart:835;apps/desktop/lib/features/settings/settings_defaults.dart:110;apps/desktop/lib/app/shell/ui_shell_controller.dart:243,CP-SET-01;CP-SET-02;CP-SET-03;CP-SET-15,CP-SET-10,false,current source trace; synthetic fault contracts for CP-SET-01/02/03; pure actual-Rust probe where cited,autoAdjustColWidth state assigned but never read,v2rayN/ServiceLib/Models/Configs/ConfigItems.cs :: UIItem.EnableAutoAdjustMainLvColWidth,ToggleButton,Current HEAD 672e666 static audit; desktop_repro.log only for AUD-DESK-01/02
FLD-CFG-068,UiItem.MainGirdHeight1,UIItem,leaf,identified,"crates/application/src/engine.rs:1612,1630,1679 settings tree storage",apps/desktop/lib/features/profiles/ui_state_store.dart:236;apps/desktop/lib/features/profiles/ui_state_store.dart:271;apps/desktop/lib/features/settings/settings_defaults.dart:111,CP-SET-01;CP-SET-02;CP-SET-03;CP-SET-15,CP-SET-10,false,current source trace; synthetic fault contracts for CP-SET-01/02/03; pure actual-Rust probe where cited,split ratio comes from ui_state rather than canonical MainGirdHeight1,v2rayN/ServiceLib/Models/Configs/ConfigItems.cs :: UIItem.MainGirdHeight1,internal/preserved,Current HEAD 672e666 static audit; desktop_repro.log only for AUD-DESK-01/02
FLD-CFG-069,UiItem.MainGirdHeight2,UIItem,leaf,identified,"crates/application/src/engine.rs:1612,1630,1679 settings tree storage",apps/desktop/lib/features/profiles/ui_state_store.dart:237;apps/desktop/lib/features/profiles/ui_state_store.dart:272;apps/desktop/lib/features/settings/settings_defaults.dart:112,CP-SET-01;CP-SET-02;CP-SET-03;CP-SET-15,CP-SET-10,false,current source trace; synthetic fault contracts for CP-SET-01/02/03; pure actual-Rust probe where cited,split ratio comes from ui_state rather than canonical MainGirdHeight2,v2rayN/ServiceLib/Models/Configs/ConfigItems.cs :: UIItem.MainGirdHeight2,internal/preserved,Current HEAD 672e666 static audit; desktop_repro.log only for AUD-DESK-01/02
FLD-CFG-070,UiItem.MainGirdOrientation,UIItem,leaf,implemented,"crates/application/src/engine.rs:1612,1630,1679 settings tree storage",apps/desktop/lib/features/settings/option_setting_window.dart:850;apps/desktop/lib/features/settings/option_setting_window.dart:851;apps/desktop/lib/features/settings/option_setting_window.dart:859;apps/desktop/lib/features/settings/settings_defaults.dart:113;apps/desktop/lib/app/shell/ui_shell_controller.dart:222,CP-SET-01;CP-SET-02;CP-SET-03;CP-SET-15,,false,current source trace; synthetic fault contracts for CP-SET-01/02/03; pure actual-Rust probe where cited,production consumer traced statically; no complete UI->Rust->persist->reopen->actual-effect acceptance in this audit,v2rayN/ServiceLib/Models/Configs/ConfigItems.cs :: UIItem.MainGirdOrientation,ComboBox,Current HEAD 672e666 static audit; desktop_repro.log only for AUD-DESK-01/02
FLD-CFG-071,UiItem.ColorPrimaryName,UIItem,leaf,implemented,"crates/application/src/engine.rs:1612,1630,1679 settings tree storage",apps/desktop/lib/features/settings/settings_defaults.dart:114;apps/desktop/lib/features/settings/theme_setting_dialog.dart:102;apps/desktop/lib/features/settings/theme_setting_dialog.dart:126;apps/desktop/lib/features/settings/theme_setting_dialog.dart:157;apps/desktop/lib/app/shell/ui_shell_controller.dart:229,CP-SET-01;CP-SET-02;CP-SET-03;CP-SET-15,CP-SET-10,false,current source trace; synthetic fault contracts for CP-SET-01/02/03; pure actual-Rust probe where cited,main-window consumer exists; independent option window hardcodes light theme and ignores locale/font,v2rayN/ServiceLib/Models/Configs/ConfigItems.cs :: UIItem.ColorPrimaryName,internal/preserved,Current HEAD 672e666 static audit; desktop_repro.log only for AUD-DESK-01/02
FLD-CFG-072,UiItem.CurrentTheme,UIItem,leaf,implemented,"crates/application/src/engine.rs:1612,1630,1679 settings tree storage",apps/desktop/lib/features/settings/settings_defaults.dart:115;apps/desktop/lib/features/settings/theme_setting_dialog.dart:101;apps/desktop/lib/features/settings/theme_setting_dialog.dart:125;apps/desktop/lib/features/settings/theme_setting_dialog.dart:150;apps/desktop/lib/app/shell/ui_shell_controller.dart:233;crates/application/src/backup_service.rs:911;crates/application/src/backup_service.rs:974,CP-SET-01;CP-SET-02;CP-SET-03;CP-SET-15,CP-SET-10,false,current source trace; synthetic fault contracts for CP-SET-01/02/03; pure actual-Rust probe where cited,main-window consumer exists; independent option window hardcodes light theme and ignores locale/font,v2rayN/ServiceLib/Models/Configs/ConfigItems.cs :: UIItem.CurrentTheme,internal/preserved,Current HEAD 672e666 static audit; desktop_repro.log only for AUD-DESK-01/02
FLD-CFG-073,UiItem.CurrentLanguage,UIItem,leaf,implemented,"crates/application/src/engine.rs:1612,1630,1679 settings tree storage",apps/desktop/lib/features/settings/option_setting_window.dart:928;apps/desktop/lib/features/settings/option_setting_window.dart:940;apps/desktop/lib/features/settings/settings_defaults.dart:116;apps/desktop/lib/features/settings/theme_setting_dialog.dart:105;apps/desktop/lib/features/settings/theme_setting_dialog.dart:127;apps/desktop/lib/features/settings/theme_setting_dialog.dart:184;apps/desktop/lib/app/shell/ui_shell_controller.dart:240,CP-SET-01;CP-SET-02;CP-SET-03;CP-SET-15,CP-SET-10,false,current source trace; synthetic fault contracts for CP-SET-01/02/03; pure actual-Rust probe where cited,main-window consumer exists; independent option window hardcodes light theme and ignores locale/font,v2rayN/ServiceLib/Models/Configs/ConfigItems.cs :: UIItem.CurrentLanguage,internal/preserved,Current HEAD 672e666 static audit; desktop_repro.log only for AUD-DESK-01/02
FLD-CFG-074,UiItem.CurrentFontFamily,UIItem,leaf,implemented,"crates/application/src/engine.rs:1612,1630,1679 settings tree storage",apps/desktop/lib/features/settings/option_setting_window.dart:917;apps/desktop/lib/features/settings/option_setting_window.dart:918;apps/desktop/lib/features/settings/settings_defaults.dart:117;apps/desktop/lib/features/settings/theme_setting_dialog.dart:103;apps/desktop/lib/features/settings/theme_setting_dialog.dart:161;apps/desktop/lib/features/settings/theme_setting_dialog.dart:162;apps/desktop/lib/app/shell/ui_shell_controller.dart:230,CP-SET-01;CP-SET-02;CP-SET-03;CP-SET-15,CP-SET-10,false,current source trace; synthetic fault contracts for CP-SET-01/02/03; pure actual-Rust probe where cited,main-window consumer exists; independent option window hardcodes light theme and ignores locale/font,v2rayN/ServiceLib/Models/Configs/ConfigItems.cs :: UIItem.CurrentFontFamily,ComboBox,Current HEAD 672e666 static audit; desktop_repro.log only for AUD-DESK-01/02
FLD-CFG-075,UiItem.CurrentFontSize,UIItem,leaf,implemented,"crates/application/src/engine.rs:1612,1630,1679 settings tree storage",apps/desktop/lib/features/settings/option_setting_window.dart:922;apps/desktop/lib/features/settings/option_setting_window.dart:923;apps/desktop/lib/features/settings/settings_defaults.dart:118;apps/desktop/lib/features/settings/theme_setting_dialog.dart:104;apps/desktop/lib/features/settings/theme_setting_dialog.dart:128;apps/desktop/lib/features/settings/theme_setting_dialog.dart:167;apps/desktop/lib/app/shell/ui_shell_controller.dart:228,CP-SET-01;CP-SET-02;CP-SET-03;CP-SET-15,CP-SET-10,false,current source trace; synthetic fault contracts for CP-SET-01/02/03; pure actual-Rust probe where cited,main-window consumer exists; independent option window hardcodes light theme and ignores locale/font,v2rayN/ServiceLib/Models/Configs/ConfigItems.cs :: UIItem.CurrentFontSize,internal/preserved,Current HEAD 672e666 static audit; desktop_repro.log only for AUD-DESK-01/02
FLD-CFG-076,UiItem.EnableDragDropSort,UIItem,leaf,implemented,"crates/application/src/engine.rs:1612,1630,1679 settings tree storage",apps/desktop/lib/features/profiles/profiles_controller.dart:34;apps/desktop/lib/features/profiles/profiles_controller.dart:35;apps/desktop/lib/features/profiles/profiles_controller.dart:41;apps/desktop/lib/features/profiles/profiles_controller.dart:48;apps/desktop/lib/features/profiles/profiles_table.dart:167;apps/desktop/lib/features/settings/option_setting_window.dart:887;apps/desktop/lib/features/settings/option_setting_window.dart:888;apps/desktop/lib/features/settings/settings_defaults.dart:119,CP-SET-01;CP-SET-02;CP-SET-03;CP-SET-15,,false,current source trace; synthetic fault contracts for CP-SET-01/02/03; pure actual-Rust probe where cited,production consumer traced statically; no complete UI->Rust->persist->reopen->actual-effect acceptance in this audit,v2rayN/ServiceLib/Models/Configs/ConfigItems.cs :: UIItem.EnableDragDropSort,ToggleButton,Current HEAD 672e666 static audit; desktop_repro.log only for AUD-DESK-01/02
FLD-CFG-077,UiItem.DoubleClick2Activate,UIItem,leaf,implemented,"crates/application/src/engine.rs:1612,1630,1679 settings tree storage",apps/desktop/lib/features/profiles/profiles_controller.dart:1259;apps/desktop/lib/features/profiles/profiles_controller.dart:1263;apps/desktop/lib/features/profiles/profiles_controller.dart:1268;apps/desktop/lib/features/profiles/profiles_controller.dart:1271;apps/desktop/lib/features/settings/option_setting_window.dart:844;apps/desktop/lib/features/settings/option_setting_window.dart:845;apps/desktop/lib/features/settings/settings_controller.dart:500;apps/desktop/lib/features/settings/settings_defaults.dart:120,CP-SET-01;CP-SET-02;CP-SET-03;CP-SET-15,,false,current source trace; synthetic fault contracts for CP-SET-01/02/03; pure actual-Rust probe where cited,production consumer traced statically; no complete UI->Rust->persist->reopen->actual-effect acceptance in this audit,v2rayN/ServiceLib/Models/Configs/ConfigItems.cs :: UIItem.DoubleClick2Activate,ToggleButton,Current HEAD 672e666 static audit; desktop_repro.log only for AUD-DESK-01/02
FLD-CFG-078,UiItem.AutoHideStartup,UIItem,leaf,implemented,"crates/application/src/engine.rs:1612,1630,1679 settings tree storage",apps/desktop/lib/features/settings/option_setting_window.dart:875;apps/desktop/lib/features/settings/option_setting_window.dart:876;apps/desktop/lib/features/settings/settings_defaults.dart:121;apps/desktop/lib/app/shell/desktop_integration.dart:36,CP-SET-01;CP-SET-02;CP-SET-03;CP-SET-15,,false,current source trace; synthetic fault contracts for CP-SET-01/02/03; pure actual-Rust probe where cited,production consumer traced statically; no complete UI->Rust->persist->reopen->actual-effect acceptance in this audit,v2rayN/ServiceLib/Models/Configs/ConfigItems.cs :: UIItem.AutoHideStartup,ToggleButton,Current HEAD 672e666 static audit; desktop_repro.log only for AUD-DESK-01/02
FLD-CFG-079,UiItem.Hide2TrayWhenClose,UIItem,leaf,implemented,"crates/application/src/engine.rs:1612,1630,1679 settings tree storage",apps/desktop/lib/features/settings/option_setting_window.dart:870;apps/desktop/lib/features/settings/option_setting_window.dart:871;apps/desktop/lib/features/settings/settings_defaults.dart:122;apps/desktop/lib/app/shell/desktop_integration.dart:35,CP-SET-01;CP-SET-02;CP-SET-03;CP-SET-15,,false,current source trace; synthetic fault contracts for CP-SET-01/02/03; pure actual-Rust probe where cited,production consumer traced statically; no complete UI->Rust->persist->reopen->actual-effect acceptance in this audit,v2rayN/ServiceLib/Models/Configs/ConfigItems.cs :: UIItem.Hide2TrayWhenClose,ToggleSwitch,Current HEAD 672e666 static audit; desktop_repro.log only for AUD-DESK-01/02
FLD-CFG-080,UiItem.MacOSShowInDock,UIItem,leaf,identified,"crates/application/src/engine.rs:1612,1630,1679 settings tree storage",apps/desktop/lib/features/settings/option_setting_window.dart:882;apps/desktop/lib/features/settings/option_setting_window.dart:883;apps/desktop/lib/features/settings/settings_defaults.dart:123,CP-SET-01;CP-SET-02;CP-SET-03;CP-SET-15,CP-SET-12,false,current source trace; synthetic fault contracts for CP-SET-01/02/03; pure actual-Rust probe where cited,"macOS activation-policy reader absent; Windows platform not applicable, complete multi-platform scope unfinished",v2rayN/ServiceLib/Models/Configs/ConfigItems.cs :: UIItem.MacOSShowInDock,ToggleSwitch,Current HEAD 672e666 static audit; desktop_repro.log only for AUD-DESK-01/02
FLD-CFG-081,UiItem.MainColumnItem,UIItem,leaf,identified,"crates/application/src/engine.rs:1612,1630,1679 settings tree storage",apps/desktop/lib/features/settings/settings_defaults.dart:124,CP-SET-01;CP-SET-02;CP-SET-03;CP-SET-15,CP-SET-10,false,current source trace; synthetic fault contracts for CP-SET-01/02/03; pure actual-Rust probe where cited,profile table uses column_layout cache rather than canonical MainColumnItem,v2rayN/ServiceLib/Models/Configs/ConfigItems.cs :: UIItem.MainColumnItem,internal/preserved,Current HEAD 672e666 static audit; desktop_repro.log only for AUD-DESK-01/02
FLD-CFG-082,UiItem.WindowSizeItem,UIItem,leaf,identified,"crates/application/src/engine.rs:1612,1630,1679 settings tree storage",apps/desktop/lib/features/settings/settings_defaults.dart:125,CP-SET-01;CP-SET-02;CP-SET-03;CP-SET-15,CP-SET-10,false,current source trace; synthetic fault contracts for CP-SET-01/02/03; pure actual-Rust probe where cited,runner uses INI rather than canonical WindowSizeItem,v2rayN/ServiceLib/Models/Configs/ConfigItems.cs :: UIItem.WindowSizeItem,internal/preserved,Current HEAD 672e666 static audit; desktop_repro.log only for AUD-DESK-01/02
FLD-CFG-083,UiItem.HideColumnIpInfo,UIItem,leaf,identified,"crates/application/src/engine.rs:1612,1630,1679 settings tree storage",apps/desktop/lib/features/settings/option_setting_window.dart:839;apps/desktop/lib/features/settings/option_setting_window.dart:840;apps/desktop/lib/features/settings/settings_defaults.dart:126;apps/desktop/lib/app/shell/ui_shell_controller.dart:241,CP-SET-01;CP-SET-02;CP-SET-03;CP-SET-15,CP-SET-10,false,current source trace; synthetic fault contracts for CP-SET-01/02/03; pure actual-Rust probe where cited,hideIpInfo state assigned but never read,v2rayN/ServiceLib/Models/Configs/ConfigItems.cs :: UIItem.HideColumnIpInfo,internal/preserved,Current HEAD 672e666 static audit; desktop_repro.log only for AUD-DESK-01/02
FLD-CFG-084,ConstItem.SubConvertUrl,ConstItem,leaf,implemented,crates/application/src/engine.rs resource_requests/build_codegen_input; crates/application/src/subs.rs conversion request,apps/desktop/lib/features/settings/option_setting_window.dart:989;apps/desktop/lib/features/settings/option_setting_window.dart:991;apps/desktop/lib/features/settings/resource_auto_update.dart:41;apps/desktop/lib/features/settings/settings_defaults.dart:129,CP-SET-01;CP-SET-02;CP-SET-03;CP-SET-15,,false,current source trace; synthetic fault contracts for CP-SET-01/02/03; pure actual-Rust probe where cited,production consumer traced statically; no complete UI->Rust->persist->reopen->actual-effect acceptance in this audit,v2rayN/ServiceLib/Models/Configs/ConfigItems.cs :: ConstItem.SubConvertUrl,ComboBox(IsEditable),Current HEAD 672e666 static audit; desktop_repro.log only for AUD-DESK-01/02
FLD-CFG-085,ConstItem.GeoSourceUrl,ConstItem,leaf,implemented,crates/application/src/engine.rs resource_requests/build_codegen_input; crates/application/src/subs.rs conversion request,apps/desktop/lib/features/settings/option_setting_window.dart:996;apps/desktop/lib/features/settings/option_setting_window.dart:998;apps/desktop/lib/features/settings/resource_auto_update.dart:39;apps/desktop/lib/features/settings/settings_defaults.dart:130,CP-SET-01;CP-SET-02;CP-SET-03;CP-SET-15,,false,current source trace; synthetic fault contracts for CP-SET-01/02/03; pure actual-Rust probe where cited,production consumer traced statically; no complete UI->Rust->persist->reopen->actual-effect acceptance in this audit,v2rayN/ServiceLib/Models/Configs/ConfigItems.cs :: ConstItem.GeoSourceUrl,ComboBox(IsEditable),Current HEAD 672e666 static audit; desktop_repro.log only for AUD-DESK-01/02
FLD-CFG-086,ConstItem.SrsSourceUrl,ConstItem,leaf,implemented,crates/application/src/engine.rs resource_requests/build_codegen_input; crates/application/src/subs.rs conversion request,apps/desktop/lib/features/settings/option_setting_window.dart:1003;apps/desktop/lib/features/settings/option_setting_window.dart:1005;apps/desktop/lib/features/settings/resource_auto_update.dart:40;apps/desktop/lib/features/settings/settings_defaults.dart:131,CP-SET-01;CP-SET-02;CP-SET-03;CP-SET-15,,false,current source trace; synthetic fault contracts for CP-SET-01/02/03; pure actual-Rust probe where cited,production consumer traced statically; no complete UI->Rust->persist->reopen->actual-effect acceptance in this audit,v2rayN/ServiceLib/Models/Configs/ConfigItems.cs :: ConstItem.SrsSourceUrl,ComboBox(IsEditable),Current HEAD 672e666 static audit; desktop_repro.log only for AUD-DESK-01/02
FLD-CFG-087,ConstItem.RouteRulesTemplateSourceUrl,ConstItem,leaf,identified,crates/application/src/engine.rs resource_requests/build_codegen_input; crates/application/src/subs.rs conversion request,apps/desktop/lib/features/settings/option_setting_window.dart:1010;apps/desktop/lib/features/settings/option_setting_window.dart:1013;apps/desktop/lib/features/settings/resource_auto_update.dart:42;apps/desktop/lib/features/settings/settings_defaults.dart:132,CP-SET-01;CP-SET-02;CP-SET-03;CP-SET-15,CP-SET-08,false,current source trace; synthetic fault contracts for CP-SET-01/02/03; pure actual-Rust probe where cited,configured URL makes import_builtin_routing return explicit unavailable; no async fetch path,v2rayN/ServiceLib/Models/Configs/ConfigItems.cs :: ConstItem.RouteRulesTemplateSourceUrl,ComboBox(IsEditable),Current HEAD 672e666 static audit; desktop_repro.log only for AUD-DESK-01/02
FLD-CFG-088,GlobalHotkeys[].EGlobalHotkey,KeyEventItem,leaf,implemented,apps/desktop/lib/features/settings/hotkeys.dart + hotkey_manager OS plugin; OS dispatch not verified here,apps/desktop/lib/features/settings/global_hotkey_window.dart:115;apps/desktop/lib/features/settings/global_hotkey_window.dart:118;apps/desktop/lib/features/settings/hotkeys.dart:69;apps/desktop/lib/features/settings/hotkeys.dart:79,CP-SET-01;CP-SET-02;CP-SET-03;CP-SET-15,,false,current source trace; synthetic fault contracts for CP-SET-01/02/03; pure actual-Rust probe where cited,"actual OS consumer/codegen exists, platform effect remains unverified; TUN overall contains confirmed defects, see runtime report",v2rayN/ServiceLib/Models/Configs/ConfigItems.cs :: KeyEventItem.EGlobalHotkey,internal/preserved,Current HEAD 672e666 static audit; desktop_repro.log only for AUD-DESK-01/02
FLD-CFG-089,GlobalHotkeys[].Alt,KeyEventItem,leaf,implemented,apps/desktop/lib/features/settings/hotkeys.dart + hotkey_manager OS plugin; OS dispatch not verified here,apps/desktop/lib/features/profiles/profiles_controller.dart:1281;apps/desktop/lib/features/profiles/profiles_table.dart:420;apps/desktop/lib/features/profiles/profile_fields.dart:245;apps/desktop/lib/features/settings/global_hotkey_window.dart:119;apps/desktop/lib/features/settings/global_hotkey_window.dart:143;apps/desktop/lib/features/settings/hotkeys.dart:60;apps/desktop/lib/features/settings/hotkeys.dart:71;apps/desktop/lib/features/settings/hotkeys.dart:80,CP-SET-01;CP-SET-02;CP-SET-03;CP-SET-15,,false,current source trace; synthetic fault contracts for CP-SET-01/02/03; pure actual-Rust probe where cited,"actual OS consumer/codegen exists, platform effect remains unverified; TUN overall contains confirmed defects, see runtime report",v2rayN/ServiceLib/Models/Configs/ConfigItems.cs :: KeyEventItem.Alt,internal/preserved,Current HEAD 672e666 static audit; desktop_repro.log only for AUD-DESK-01/02
FLD-CFG-090,GlobalHotkeys[].Control,KeyEventItem,leaf,implemented,apps/desktop/lib/features/settings/hotkeys.dart + hotkey_manager OS plugin; OS dispatch not verified here,apps/desktop/lib/features/backup/backup_and_restore_view.dart:24;apps/desktop/lib/features/backup/backup_and_restore_view.dart:25;apps/desktop/lib/features/backup/backup_and_restore_view.dart:26;apps/desktop/lib/features/backup/backup_and_restore_view.dart:27;apps/desktop/lib/features/backup/backup_and_restore_view.dart:28;apps/desktop/lib/features/backup/backup_and_restore_view.dart:29;apps/desktop/lib/features/backup/backup_and_restore_view.dart:30;apps/desktop/lib/features/backup/backup_and_restore_view.dart:35,CP-SET-01;CP-SET-02;CP-SET-03;CP-SET-15,,false,current source trace; synthetic fault contracts for CP-SET-01/02/03; pure actual-Rust probe where cited,"actual OS consumer/codegen exists, platform effect remains unverified; TUN overall contains confirmed defects, see runtime report",v2rayN/ServiceLib/Models/Configs/ConfigItems.cs :: KeyEventItem.Control,internal/preserved,Current HEAD 672e666 static audit; desktop_repro.log only for AUD-DESK-01/02
FLD-CFG-091,GlobalHotkeys[].Shift,KeyEventItem,leaf,implemented,apps/desktop/lib/features/settings/hotkeys.dart + hotkey_manager OS plugin; OS dispatch not verified here,apps/desktop/lib/features/profiles/profiles_controller.dart:1280;apps/desktop/lib/features/profiles/profiles_table.dart:419;apps/desktop/lib/features/profiles/profiles_table.dart:693;apps/desktop/lib/features/routing/routing_windows.dart:1978;apps/desktop/lib/features/settings/global_hotkey_window.dart:121;apps/desktop/lib/features/settings/global_hotkey_window.dart:144;apps/desktop/lib/features/settings/hotkeys.dart:61;apps/desktop/lib/features/settings/hotkeys.dart:73,CP-SET-01;CP-SET-02;CP-SET-03;CP-SET-15,,false,current source trace; synthetic fault contracts for CP-SET-01/02/03; pure actual-Rust probe where cited,"actual OS consumer/codegen exists, platform effect remains unverified; TUN overall contains confirmed defects, see runtime report",v2rayN/ServiceLib/Models/Configs/ConfigItems.cs :: KeyEventItem.Shift,internal/preserved,Current HEAD 672e666 static audit; desktop_repro.log only for AUD-DESK-01/02
FLD-CFG-092,GlobalHotkeys[].KeyCode,KeyEventItem,leaf,implemented,apps/desktop/lib/features/settings/hotkeys.dart + hotkey_manager OS plugin; OS dispatch not verified here,apps/desktop/lib/features/settings/global_hotkey_window.dart:61;apps/desktop/lib/features/settings/global_hotkey_window.dart:122;apps/desktop/lib/features/settings/global_hotkey_window.dart:145;apps/desktop/lib/features/settings/global_hotkey_window.dart:150;apps/desktop/lib/features/settings/global_hotkey_window.dart:159;apps/desktop/lib/features/settings/hotkeys.dart:49;apps/desktop/lib/features/settings/hotkeys.dart:56;apps/desktop/lib/features/settings/hotkeys.dart:74,CP-SET-01;CP-SET-02;CP-SET-03;CP-SET-15,,false,current source trace; synthetic fault contracts for CP-SET-01/02/03; pure actual-Rust probe where cited,"actual OS consumer/codegen exists, platform effect remains unverified; TUN overall contains confirmed defects, see runtime report",v2rayN/ServiceLib/Models/Configs/ConfigItems.cs :: KeyEventItem.KeyCode,internal/preserved,Current HEAD 672e666 static audit; desktop_repro.log only for AUD-DESK-01/02
FLD-CFG-093,CoreTypeItem[].ConfigType,CoreTypeItem,leaf,implemented,crates/application/src/engine.rs:2780 resolve_target_core,apps/desktop/lib/features/profiles/custom_editor_dialog.dart:68;apps/desktop/lib/features/profiles/custom_editor_dialog.dart:69;apps/desktop/lib/features/profiles/custom_editor_dialog.dart:126;apps/desktop/lib/features/profiles/custom_editor_dialog.dart:127;apps/desktop/lib/features/profiles/custom_editor_dialog.dart:326;apps/desktop/lib/features/profiles/custom_editor_dialog.dart:327;apps/desktop/lib/features/profiles/group_editor_dialog.dart:17;apps/desktop/lib/features/profiles/group_editor_dialog.dart:18,CP-SET-01;CP-SET-02;CP-SET-03;CP-SET-15,,false,current source trace; synthetic fault contracts for CP-SET-01/02/03; pure actual-Rust probe where cited,production consumer traced statically; no complete UI->Rust->persist->reopen->actual-effect acceptance in this audit,v2rayN/ServiceLib/Models/Configs/ConfigItems.cs :: CoreTypeItem.ConfigType,internal/preserved,Current HEAD 672e666 static audit; desktop_repro.log only for AUD-DESK-01/02
FLD-CFG-094,CoreTypeItem[].CoreType,CoreTypeItem,leaf,implemented,crates/application/src/engine.rs:2780 resolve_target_core,apps/desktop/lib/features/profiles/custom_editor_dialog.dart:335;apps/desktop/lib/features/profiles/custom_editor_dialog.dart:340;apps/desktop/lib/features/profiles/custom_editor_dialog.dart:350;apps/desktop/lib/features/profiles/group_editor_dialog.dart:227;apps/desktop/lib/features/profiles/group_editor_dialog.dart:228;apps/desktop/lib/features/profiles/group_editor_dialog.dart:229;apps/desktop/lib/features/profiles/group_editor_dialog.dart:359;apps/desktop/lib/features/profiles/group_editor_dialog.dart:360,CP-SET-01;CP-SET-02;CP-SET-03;CP-SET-15,,false,current source trace; synthetic fault contracts for CP-SET-01/02/03; pure actual-Rust probe where cited,production consumer traced statically; no complete UI->Rust->persist->reopen->actual-effect acceptance in this audit,v2rayN/ServiceLib/Models/Configs/ConfigItems.cs :: CoreTypeItem.CoreType,ComboBox,Current HEAD 672e666 static audit; desktop_repro.log only for AUD-DESK-01/02
FLD-CFG-095,TunModeItem.EnableTun,TunModeItem,leaf,implemented,crates/application/src/codegen.rs:421; crates/application/src/tun_plan.rs; services/net_host/src/session.rs; helper effects incomplete/unverified,apps/desktop/lib/features/settings/option_setting_window.dart:1186;apps/desktop/lib/features/settings/option_setting_window.dart:1187;apps/desktop/lib/features/settings/settings_defaults.dart:66;apps/desktop/lib/app/shell/status_bar_view.dart:61;apps/desktop/lib/app/shell/status_bar_view.dart:379;apps/desktop/lib/app/shell/status_bar_view.dart:406,CP-SET-01;CP-SET-02;CP-SET-03;CP-SET-15,,false,current source trace; synthetic fault contracts for CP-SET-01/02/03; pure actual-Rust probe where cited,"actual OS consumer/codegen exists, platform effect remains unverified; TUN overall contains confirmed defects, see runtime report",v2rayN/ServiceLib/Models/Configs/ConfigItems.cs::TunModeItem.EnableTun,None; apps/desktop/lib/features/settings/option_setting_window.dart:1186; apps/desktop/lib/features/settings/option_setting_window.dart:1187,"crates/application/src/codegen.rs:422; docs/evidence/repair/R4-13.S22/README.md (historical evidence, not fresh real-OS validation)"
FLD-CFG-096,TunModeItem.AutoRoute,TunModeItem,leaf,implemented,crates/application/src/codegen.rs:421; crates/application/src/tun_plan.rs; services/net_host/src/session.rs; helper effects incomplete/unverified,apps/desktop/lib/features/settings/option_setting_window.dart:1191;apps/desktop/lib/features/settings/option_setting_window.dart:1192;apps/desktop/lib/features/settings/settings_defaults.dart:67,CP-SET-01;CP-SET-02;CP-SET-03;CP-SET-15,,false,current source trace; synthetic fault contracts for CP-SET-01/02/03; pure actual-Rust probe where cited,"actual OS consumer/codegen exists, platform effect remains unverified; TUN overall contains confirmed defects, see runtime report",v2rayN/ServiceLib/Models/Configs/ConfigItems.cs::TunModeItem.AutoRoute,ToggleButton; apps/desktop/lib/features/settings/option_setting_window.dart:1191; apps/desktop/lib/features/settings/option_setting_window.dart:1192,"crates/application/src/codegen.rs:432; docs/evidence/repair/R4-13.S22/README.md (historical evidence, not fresh real-OS validation)"
FLD-CFG-097,TunModeItem.StrictRoute,TunModeItem,leaf,implemented,crates/application/src/codegen.rs:421; crates/application/src/tun_plan.rs; services/net_host/src/session.rs; helper effects incomplete/unverified,apps/desktop/lib/features/settings/option_setting_window.dart:1196;apps/desktop/lib/features/settings/option_setting_window.dart:1197;apps/desktop/lib/features/settings/settings_defaults.dart:68,CP-SET-01;CP-SET-02;CP-SET-03;CP-SET-15,,false,current source trace; synthetic fault contracts for CP-SET-01/02/03; pure actual-Rust probe where cited,"actual OS consumer/codegen exists, platform effect remains unverified; TUN overall contains confirmed defects, see runtime report",v2rayN/ServiceLib/Models/Configs/ConfigItems.cs::TunModeItem.StrictRoute,ToggleButton; apps/desktop/lib/features/settings/option_setting_window.dart:1196; apps/desktop/lib/features/settings/option_setting_window.dart:1197,"crates/application/src/codegen.rs:433; docs/evidence/repair/R4-13.S22/README.md (historical evidence, not fresh real-OS validation)"
FLD-CFG-098,TunModeItem.Stack,TunModeItem,leaf,implemented,crates/application/src/codegen.rs:421; crates/application/src/tun_plan.rs; services/net_host/src/session.rs; helper effects incomplete/unverified,apps/desktop/lib/features/profiles/profiles_table.dart:207;apps/desktop/lib/features/profiles/profiles_table.dart:339;apps/desktop/lib/features/profiles/ui_state_store.dart:313;apps/desktop/lib/features/settings/option_setting_window.dart:1201;apps/desktop/lib/features/settings/option_setting_window.dart:1207;apps/desktop/lib/features/settings/settings_defaults.dart:69,CP-SET-01;CP-SET-02;CP-SET-03;CP-SET-15,,false,current source trace; synthetic fault contracts for CP-SET-01/02/03; pure actual-Rust probe where cited,"actual OS consumer/codegen exists, platform effect remains unverified; TUN overall contains confirmed defects, see runtime report",v2rayN/ServiceLib/Models/Configs/ConfigItems.cs::TunModeItem.Stack,ComboBox; apps/desktop/lib/features/settings/option_setting_window.dart:1201; apps/desktop/lib/features/settings/option_setting_window.dart:1207,"crates/application/src/codegen.rs:434; docs/evidence/repair/R4-13.S22/README.md (historical evidence, not fresh real-OS validation)"
FLD-CFG-099,TunModeItem.Mtu,TunModeItem,leaf,implemented,crates/application/src/codegen.rs:421; crates/application/src/tun_plan.rs; services/net_host/src/session.rs; helper effects incomplete/unverified,apps/desktop/lib/features/profiles/profile_draft.dart:54;apps/desktop/lib/features/profiles/profile_draft.dart:85;apps/desktop/lib/features/profiles/profile_draft.dart:138;apps/desktop/lib/features/profiles/profile_draft.dart:167;apps/desktop/lib/features/profiles/profile_draft.dart:217;apps/desktop/lib/features/profiles/profile_draft.dart:248;apps/desktop/lib/features/profiles/profile_editor_dialog.dart:88;apps/desktop/lib/features/profiles/profile_editor_dialog.dart:89,CP-SET-01;CP-SET-02;CP-SET-03;CP-SET-15,,false,current source trace; synthetic fault contracts for CP-SET-01/02/03; pure actual-Rust probe where cited,"actual OS consumer/codegen exists, platform effect remains unverified; TUN overall contains confirmed defects, see runtime report",v2rayN/ServiceLib/Models/Configs/ConfigItems.cs::TunModeItem.Mtu,ComboBox(IsEditable); apps/desktop/lib/features/settings/option_setting_window.dart:776; apps/desktop/lib/features/settings/option_setting_window.dart:777; apps/desktop/lib/features/settings/option_setting_window.dart:1211,"crates/application/src/codegen.rs:386; crates/application/src/codegen.rs:427; docs/evidence/repair/R4-13.S22/README.md (historical evidence, not fresh real-OS validation)"
FLD-CFG-100,TunModeItem.EnableIPv6Address,TunModeItem,leaf,identified,crates/application/src/codegen.rs:421; crates/application/src/tun_plan.rs; services/net_host/src/session.rs; helper effects incomplete/unverified,apps/desktop/lib/features/settings/option_setting_window.dart:1228;apps/desktop/lib/features/settings/option_setting_window.dart:1229;apps/desktop/lib/features/settings/settings_defaults.dart:71,CP-SET-01;CP-SET-02;CP-SET-03;CP-SET-15,CP-SET-13,false,current source trace; synthetic fault contracts for CP-SET-01/02/03; pure actual-Rust probe where cited,"projection exists, production global IPv6 context always false",v2rayN/ServiceLib/Models/Configs/ConfigItems.cs::TunModeItem.EnableIPv6Address,ToggleButton; apps/desktop/lib/features/settings/option_setting_window.dart:1228; apps/desktop/lib/features/settings/option_setting_window.dart:1229,"crates/application/src/codegen.rs:429; docs/evidence/repair/R4-13.S22/README.md (historical evidence, not fresh real-OS validation); docs/evidence/tun-settings-audit-2026-10-05/engine-probe/locked-replay.log (fresh pure reproduction)"
FLD-CFG-101,TunModeItem.IcmpRouting,TunModeItem,leaf,implemented,crates/application/src/codegen.rs:421; crates/application/src/tun_plan.rs; services/net_host/src/session.rs; helper effects incomplete/unverified,apps/desktop/lib/features/settings/option_setting_window.dart:1216;apps/desktop/lib/features/settings/option_setting_window.dart:1224;apps/desktop/lib/features/settings/settings_defaults.dart:72,CP-SET-01;CP-SET-02;CP-SET-03;CP-SET-15,,false,current source trace; synthetic fault contracts for CP-SET-01/02/03; pure actual-Rust probe where cited,"actual OS consumer/codegen exists, platform effect remains unverified; TUN overall contains confirmed defects, see runtime report",v2rayN/ServiceLib/Models/Configs/ConfigItems.cs::TunModeItem.IcmpRouting,ComboBox; apps/desktop/lib/features/settings/option_setting_window.dart:1216; apps/desktop/lib/features/settings/option_setting_window.dart:1224,"crates/application/src/codegen.rs:435; docs/evidence/repair/R4-13.S22/README.md (historical evidence, not fresh real-OS validation)"
FLD-CFG-102,TunModeItem.EnableLegacyProtect,TunModeItem,leaf,identified,crates/application/src/codegen.rs:421; crates/application/src/tun_plan.rs; services/net_host/src/session.rs; helper effects incomplete/unverified,apps/desktop/lib/features/settings/option_setting_window.dart:1233;apps/desktop/lib/features/settings/option_setting_window.dart:1234;apps/desktop/lib/features/settings/settings_defaults.dart:73,CP-SET-01;CP-SET-02;CP-SET-03;CP-SET-15,CP-SET-13,false,current source trace; synthetic fault contracts for CP-SET-01/02/03; pure actual-Rust probe where cited,protection context lacks production core executable paths,v2rayN/ServiceLib/Models/Configs/ConfigItems.cs::TunModeItem.EnableLegacyProtect,ToggleButton; apps/desktop/lib/features/settings/option_setting_window.dart:1233; apps/desktop/lib/features/settings/option_setting_window.dart:1234,"crates/application/src/engine.rs:2838 pre_socks_of; docs/evidence/repair/R4-13.S22/README.md (historical evidence, not fresh real-OS validation)"
FLD-CFG-103,TunModeItem.RouteExcludeAddress,TunModeItem,leaf,identified,crates/application/src/codegen.rs:421; crates/application/src/tun_plan.rs; services/net_host/src/session.rs; helper effects incomplete/unverified,apps/desktop/lib/features/settings/option_setting_window.dart:1238;apps/desktop/lib/features/settings/option_setting_window.dart:1242;apps/desktop/lib/features/settings/settings_defaults.dart:74,CP-SET-01;CP-SET-02;CP-SET-03;CP-SET-15,CP-SET-13,false,current source trace; synthetic fault contracts for CP-SET-01/02/03; pure actual-Rust probe where cited,"UI split retains empty trailing item, CIDR validation rejects upstream-accepted trailing comma",v2rayN/ServiceLib/Models/Configs/ConfigItems.cs::TunModeItem.RouteExcludeAddress,TextBox(多行); apps/desktop/lib/features/settings/option_setting_window.dart:1238; apps/desktop/lib/features/settings/option_setting_window.dart:1242,"crates/application/src/codegen.rs:431; docs/evidence/repair/R4-13.S22/README.md (historical evidence, not fresh real-OS validation); docs/evidence/tun-settings-audit-2026-10-05/engine-probe/locked-replay.log (fresh pure reproduction)"
FLD-CFG-104,TunModeItem.IPv4Address,TunModeItem,leaf,implemented,crates/application/src/codegen.rs:421; crates/application/src/tun_plan.rs; services/net_host/src/session.rs; helper effects incomplete/unverified,apps/desktop/lib/features/settings/option_setting_window.dart:1248;apps/desktop/lib/features/settings/option_setting_window.dart:1249;apps/desktop/lib/features/settings/settings_defaults.dart:75;crates/application/src/tun_plan.rs:185;crates/application/src/tun_plan.rs:413,CP-SET-01;CP-SET-02;CP-SET-03;CP-SET-15,,false,current source trace; synthetic fault contracts for CP-SET-01/02/03; pure actual-Rust probe where cited,"actual OS consumer/codegen exists, platform effect remains unverified; TUN overall contains confirmed defects, see runtime report",v2rayN/ServiceLib/Models/Configs/ConfigItems.cs::TunModeItem.IPv4Address,ComboBox; apps/desktop/lib/features/settings/option_setting_window.dart:1248; apps/desktop/lib/features/settings/option_setting_window.dart:1249,"crates/application/src/codegen.rs:428; docs/evidence/repair/R4-13.S22/README.md (historical evidence, not fresh real-OS validation)"
FLD-CFG-105,TunModeItem.IPv6Address,TunModeItem,leaf,identified,crates/application/src/codegen.rs:421; crates/application/src/tun_plan.rs; services/net_host/src/session.rs; helper effects incomplete/unverified,apps/desktop/lib/features/settings/option_setting_window.dart:1228;apps/desktop/lib/features/settings/option_setting_window.dart:1229;apps/desktop/lib/features/settings/option_setting_window.dart:1253;apps/desktop/lib/features/settings/option_setting_window.dart:1254;apps/desktop/lib/features/settings/settings_defaults.dart:71;apps/desktop/lib/features/settings/settings_defaults.dart:76;crates/application/src/tun_plan.rs:192,CP-SET-01;CP-SET-02;CP-SET-03;CP-SET-15,CP-SET-13,false,current source trace; synthetic fault contracts for CP-SET-01/02/03; pure actual-Rust probe where cited,production global IPv6 context remains false,v2rayN/ServiceLib/Models/Configs/ConfigItems.cs::TunModeItem.IPv6Address,ComboBox; apps/desktop/lib/features/settings/option_setting_window.dart:1253; apps/desktop/lib/features/settings/option_setting_window.dart:1254,"crates/application/src/codegen.rs:430; docs/evidence/repair/R4-13.S22/README.md (historical evidence, not fresh real-OS validation); docs/evidence/tun-settings-audit-2026-10-05/engine-probe/locked-replay.log (fresh pure reproduction)"
FLD-CFG-106,SpeedTestItem.SpeedTestTimeout,SpeedTestItem,leaf,implemented,apps/desktop/lib/features/profiles/profiles_controller.dart:480; crates/application/src/speedtest.rs:96; crates/bridge_api/src/api/speedtest.rs:408,apps/desktop/lib/features/profiles/profiles_controller.dart:502;apps/desktop/lib/features/settings/option_setting_window.dart:949;apps/desktop/lib/features/settings/option_setting_window.dart:950;apps/desktop/lib/features/settings/settings_defaults.dart:135;crates/application/src/settings.rs:104,CP-SET-01;CP-SET-02;CP-SET-03;CP-SET-15,,false,current source trace; synthetic fault contracts for CP-SET-01/02/03; pure actual-Rust probe where cited,production consumer traced statically; no complete UI->Rust->persist->reopen->actual-effect acceptance in this audit,v2rayN/ServiceLib/Models/Configs/ConfigItems.cs::SpeedTestItem.SpeedTestTimeout,ComboBox; apps/desktop/lib/features/settings/option_setting_window.dart:949; apps/desktop/lib/features/settings/option_setting_window.dart:950,"apps/desktop/lib/features/profiles/profiles_controller.dart:502; docs/evidence/repair/R4-13.S20/README.md (historical evidence, not fresh real-OS validation)"
FLD-CFG-107,SpeedTestItem.SpeedTestUrl,SpeedTestItem,leaf,implemented,apps/desktop/lib/features/profiles/profiles_controller.dart:480; crates/application/src/speedtest.rs:96; crates/bridge_api/src/api/speedtest.rs:408,apps/desktop/lib/features/profiles/profiles_controller.dart:503;apps/desktop/lib/features/settings/option_setting_window.dart:959;apps/desktop/lib/features/settings/option_setting_window.dart:961;apps/desktop/lib/features/settings/settings_defaults.dart:136,CP-SET-01;CP-SET-02;CP-SET-03;CP-SET-15,,false,current source trace; synthetic fault contracts for CP-SET-01/02/03; pure actual-Rust probe where cited,production consumer traced statically; no complete UI->Rust->persist->reopen->actual-effect acceptance in this audit,v2rayN/ServiceLib/Models/Configs/ConfigItems.cs::SpeedTestItem.SpeedTestUrl,ComboBox(IsEditable); apps/desktop/lib/features/settings/option_setting_window.dart:959; apps/desktop/lib/features/settings/option_setting_window.dart:961,"apps/desktop/lib/features/profiles/profiles_controller.dart:503; docs/evidence/repair/R4-13.S20/README.md (historical evidence, not fresh real-OS validation)"
FLD-CFG-108,SpeedTestItem.SpeedPingTestUrl,SpeedTestItem,leaf,implemented,apps/desktop/lib/features/profiles/profiles_controller.dart:480; crates/application/src/speedtest.rs:96; crates/bridge_api/src/api/speedtest.rs:408,apps/desktop/lib/features/profiles/profiles_controller.dart:505;apps/desktop/lib/features/settings/option_setting_window.dart:965;apps/desktop/lib/features/settings/option_setting_window.dart:967;apps/desktop/lib/features/settings/settings_defaults.dart:137,CP-SET-01;CP-SET-02;CP-SET-03;CP-SET-15,,false,current source trace; synthetic fault contracts for CP-SET-01/02/03; pure actual-Rust probe where cited,production consumer traced statically; no complete UI->Rust->persist->reopen->actual-effect acceptance in this audit,v2rayN/ServiceLib/Models/Configs/ConfigItems.cs::SpeedTestItem.SpeedPingTestUrl,ComboBox(IsEditable); apps/desktop/lib/features/settings/option_setting_window.dart:965; apps/desktop/lib/features/settings/option_setting_window.dart:967,"apps/desktop/lib/features/profiles/profiles_controller.dart:505; docs/evidence/repair/R4-13.S20/README.md (historical evidence, not fresh real-OS validation)"
FLD-CFG-109,SpeedTestItem.MixedConcurrencyCount,SpeedTestItem,leaf,implemented,apps/desktop/lib/features/profiles/profiles_controller.dart:480; crates/application/src/speedtest.rs:96; crates/bridge_api/src/api/speedtest.rs:408,apps/desktop/lib/features/profiles/profiles_controller.dart:501;apps/desktop/lib/features/settings/option_setting_window.dart:954;apps/desktop/lib/features/settings/option_setting_window.dart:955;apps/desktop/lib/features/settings/settings_defaults.dart:138,CP-SET-01;CP-SET-02;CP-SET-03;CP-SET-15,,false,current source trace; synthetic fault contracts for CP-SET-01/02/03; pure actual-Rust probe where cited,production consumer traced statically; no complete UI->Rust->persist->reopen->actual-effect acceptance in this audit,v2rayN/ServiceLib/Models/Configs/ConfigItems.cs::SpeedTestItem.MixedConcurrencyCount,ComboBox; apps/desktop/lib/features/settings/option_setting_window.dart:954; apps/desktop/lib/features/settings/option_setting_window.dart:955,"apps/desktop/lib/features/profiles/profiles_controller.dart:501; docs/evidence/repair/R4-13.S20/README.md (historical evidence, not fresh real-OS validation)"
FLD-CFG-110,SpeedTestItem.IPAPIUrl,SpeedTestItem,leaf,implemented,apps/desktop/lib/features/profiles/profiles_controller.dart:480; crates/application/src/speedtest.rs:96; crates/bridge_api/src/api/speedtest.rs:408,apps/desktop/lib/features/profiles/profiles_controller.dart:506;apps/desktop/lib/features/settings/option_setting_window.dart:977;apps/desktop/lib/features/settings/option_setting_window.dart:979;apps/desktop/lib/features/settings/settings_defaults.dart:139,CP-SET-01;CP-SET-02;CP-SET-03;CP-SET-15,,false,current source trace; synthetic fault contracts for CP-SET-01/02/03; pure actual-Rust probe where cited,production consumer traced statically; no complete UI->Rust->persist->reopen->actual-effect acceptance in this audit,v2rayN/ServiceLib/Models/Configs/ConfigItems.cs::SpeedTestItem.IPAPIUrl,ComboBox(IsEditable); apps/desktop/lib/features/settings/option_setting_window.dart:977; apps/desktop/lib/features/settings/option_setting_window.dart:979,"apps/desktop/lib/features/profiles/profiles_controller.dart:506; docs/evidence/repair/R4-13.S20/README.md (historical evidence, not fresh real-OS validation)"
FLD-CFG-111,SpeedTestItem.UdpTestTarget,SpeedTestItem,leaf,implemented,apps/desktop/lib/features/profiles/profiles_controller.dart:480; crates/application/src/speedtest.rs:96; crates/bridge_api/src/api/speedtest.rs:408,apps/desktop/lib/features/profiles/profiles_controller.dart:507;apps/desktop/lib/features/settings/option_setting_window.dart:971;apps/desktop/lib/features/settings/option_setting_window.dart:973;apps/desktop/lib/features/settings/settings_defaults.dart:140,CP-SET-01;CP-SET-02;CP-SET-03;CP-SET-15,,false,current source trace; synthetic fault contracts for CP-SET-01/02/03; pure actual-Rust probe where cited,production consumer traced statically; no complete UI->Rust->persist->reopen->actual-effect acceptance in this audit,v2rayN/ServiceLib/Models/Configs/ConfigItems.cs::SpeedTestItem.UdpTestTarget,ComboBox(IsEditable); apps/desktop/lib/features/settings/option_setting_window.dart:971; apps/desktop/lib/features/settings/option_setting_window.dart:973,"apps/desktop/lib/features/profiles/profiles_controller.dart:507; docs/evidence/repair/R4-13.S20/README.md (historical evidence, not fresh real-OS validation)"
FLD-CFG-112,SpeedTestItem.SpeedTestPageSize,SpeedTestItem,leaf,implemented,apps/desktop/lib/features/profiles/profiles_controller.dart:480; crates/application/src/speedtest.rs:96; crates/bridge_api/src/api/speedtest.rs:408,apps/desktop/lib/features/profiles/profiles_controller.dart:499;apps/desktop/lib/features/settings/settings_defaults.dart:141,CP-SET-01;CP-SET-02;CP-SET-03;CP-SET-15,,false,current source trace; synthetic fault contracts for CP-SET-01/02/03; pure actual-Rust probe where cited,production consumer traced statically; no complete UI->Rust->persist->reopen->actual-effect acceptance in this audit,v2rayN/ServiceLib/Models/Configs/ConfigItems.cs::SpeedTestItem.SpeedTestPageSize,None; no original dedicated OptionSettingWindow control; typed setting preserved/editable through config or relevant window,"apps/desktop/lib/features/profiles/profiles_controller.dart:499; docs/evidence/repair/R4-13.S20/README.md (historical evidence, not fresh real-OS validation)"
FLD-CFG-113,SpeedTestItem.SpeedTestDelayInterval,SpeedTestItem,leaf,implemented,apps/desktop/lib/features/profiles/profiles_controller.dart:480; crates/application/src/speedtest.rs:96; crates/bridge_api/src/api/speedtest.rs:408,apps/desktop/lib/features/profiles/profiles_controller.dart:509;apps/desktop/lib/features/settings/settings_defaults.dart:142,CP-SET-01;CP-SET-02;CP-SET-03;CP-SET-15,,false,current source trace; synthetic fault contracts for CP-SET-01/02/03; pure actual-Rust probe where cited,production consumer traced statically; no complete UI->Rust->persist->reopen->actual-effect acceptance in this audit,v2rayN/ServiceLib/Models/Configs/ConfigItems.cs::SpeedTestItem.SpeedTestDelayInterval,None; no original dedicated OptionSettingWindow control; typed setting preserved/editable through config or relevant window,"apps/desktop/lib/features/profiles/profiles_controller.dart:509; docs/evidence/repair/R4-13.S20/README.md (historical evidence, not fresh real-OS validation)"
FLD-CFG-114,RoutingBasicItem.DomainStrategy,RoutingBasicItem,leaf,implemented,"crates/application/src/codegen.rs:436; crates/config_codegen/src/{xray,singbox}/routing.rs",apps/desktop/lib/features/routing/dns_window.dart:569;apps/desktop/lib/features/routing/routing_actions.dart:80;apps/desktop/lib/features/routing/routing_actions.dart:81;apps/desktop/lib/features/routing/routing_actions.dart:140;apps/desktop/lib/features/routing/routing_actions.dart:141;apps/desktop/lib/features/routing/routing_actions.dart:203;apps/desktop/lib/features/routing/routing_actions.dart:204;apps/desktop/lib/features/routing/routing_windows.dart:300,CP-SET-01;CP-SET-02;CP-SET-03;CP-SET-15,,false,current source trace; synthetic fault contracts for CP-SET-01/02/03; pure actual-Rust probe where cited,production consumer traced statically; no complete UI->Rust->persist->reopen->actual-effect acceptance in this audit,v2rayN/ServiceLib/Models/Configs/ConfigItems.cs::RoutingBasicItem.DomainStrategy,None; no original dedicated OptionSettingWindow control; typed setting preserved/editable through config or relevant window,"crates/application/src/codegen.rs:437; crates/application/src/codegen.rs:438; crates/application/src/codegen.rs:441; docs/evidence/repair/R4-13.S18/README.md (historical evidence, not fresh real-OS validation)"
FLD-CFG-115,RoutingBasicItem.DomainStrategy4Singbox,RoutingBasicItem,leaf,implemented,"crates/application/src/codegen.rs:436; crates/config_codegen/src/{xray,singbox}/routing.rs",apps/desktop/lib/features/routing/routing_actions.dart:81;apps/desktop/lib/features/routing/routing_actions.dart:141;apps/desktop/lib/features/routing/routing_actions.dart:204;apps/desktop/lib/features/routing/routing_windows.dart:308;apps/desktop/lib/features/routing/routing_windows.dart:326;apps/desktop/lib/features/settings/settings_defaults.dart:94;crates/application/src/routing.rs:49;crates/application/src/routing.rs:70,CP-SET-01;CP-SET-02;CP-SET-03;CP-SET-15,,false,current source trace; synthetic fault contracts for CP-SET-01/02/03; pure actual-Rust probe where cited,production consumer traced statically; no complete UI->Rust->persist->reopen->actual-effect acceptance in this audit,v2rayN/ServiceLib/Models/Configs/ConfigItems.cs::RoutingBasicItem.DomainStrategy4Singbox,None; no original dedicated OptionSettingWindow control; typed setting preserved/editable through config or relevant window,"crates/application/src/codegen.rs:441; docs/evidence/repair/R4-13.S18/README.md (historical evidence, not fresh real-OS validation)"
FLD-CFG-116,RoutingBasicItem.RoutingIndexId,RoutingBasicItem,leaf,identified,"crates/application/src/codegen.rs:436; crates/config_codegen/src/{xray,singbox}/routing.rs",apps/desktop/lib/features/settings/settings_defaults.dart:95,CP-SET-01;CP-SET-02;CP-SET-03;CP-SET-15,CP-SET-14,false,current source trace; synthetic fault contracts for CP-SET-01/02/03; pure actual-Rust probe where cited,legacy RoutingIndexId -> IsActive migration missing; ordinary current default setter works,v2rayN/ServiceLib/Models/Configs/ConfigItems.cs::RoutingBasicItem.RoutingIndexId,None; no original dedicated OptionSettingWindow control; typed setting preserved/editable through config or relevant window,"crates/domain/src/settings.rs:358 (serialization only; no application reads); docs/evidence/repair/R4-13.S18/README.md (historical evidence, not fresh real-OS validation)"
FLD-CFG-117,UiItem.MainColumnItem[].Name,ColumnItem,leaf,identified,profiles_controller column_layout UI cache; canonical MainColumnItem has no UI consumer,apps/desktop/lib/features/backup/backup_and_restore_view.dart:28;apps/desktop/lib/features/backup/backup_and_restore_view.dart:30;apps/desktop/lib/features/backup/backup_and_restore_view.dart:37;apps/desktop/lib/features/backup/backup_and_restore_view.dart:39;apps/desktop/lib/features/backup/backup_and_restore_view.dart:48;apps/desktop/lib/features/backup/backup_and_restore_view.dart:50;apps/desktop/lib/features/backup/backup_and_restore_view.dart:56;apps/desktop/lib/features/backup/backup_and_restore_view.dart:58,CP-SET-01;CP-SET-02;CP-SET-03;CP-SET-15,CP-SET-10,false,current source trace; synthetic fault contracts for CP-SET-01/02/03; pure actual-Rust probe where cited,canonical column/geometry children stored but not consumed by actual UI,v2rayN/ServiceLib/Models/Configs/ConfigItems.cs :: ColumnItem.Name,internal/preserved,Current HEAD 672e666 static audit; desktop_repro.log only for AUD-DESK-01/02
FLD-CFG-118,UiItem.MainColumnItem[].Width,ColumnItem,leaf,identified,profiles_controller column_layout UI cache; canonical MainColumnItem has no UI consumer,apps/desktop/lib/features/profiles/group_editor_dialog.dart:838;apps/desktop/lib/features/profiles/group_editor_dialog.dart:1153;apps/desktop/lib/features/profiles/group_editor_dialog.dart:1314;apps/desktop/lib/features/profiles/group_editor_dialog.dart:1319;apps/desktop/lib/features/profiles/profiles_controller.dart:763;apps/desktop/lib/features/profiles/profiles_controller.dart:1684;apps/desktop/lib/features/profiles/profiles_controller.dart:1685;apps/desktop/lib/features/profiles/profiles_controller.dart:1688,CP-SET-01;CP-SET-02;CP-SET-03;CP-SET-15,CP-SET-10,false,current source trace; synthetic fault contracts for CP-SET-01/02/03; pure actual-Rust probe where cited,canonical column/geometry children stored but not consumed by actual UI,v2rayN/ServiceLib/Models/Configs/ConfigItems.cs :: ColumnItem.Width,internal/preserved,Current HEAD 672e666 static audit; desktop_repro.log only for AUD-DESK-01/02
FLD-CFG-119,UiItem.MainColumnItem[].Index,ColumnItem,leaf,identified,profiles_controller column_layout UI cache; canonical MainColumnItem has no UI consumer,apps/desktop/lib/features/profiles/profiles_controller.dart:1767;apps/desktop/lib/features/profiles/profiles_controller.dart:1770;apps/desktop/lib/features/profiles/profiles_controller.dart:1774;apps/desktop/lib/features/profiles/profiles_controller.dart:1777;apps/desktop/lib/features/profiles/profiles_table.dart:79;apps/desktop/lib/features/profiles/profiles_table.dart:308;apps/desktop/lib/features/profiles/profiles_table.dart:309;apps/desktop/lib/features/profiles/profiles_table.dart:310,CP-SET-01;CP-SET-02;CP-SET-03;CP-SET-15,CP-SET-10,false,current source trace; synthetic fault contracts for CP-SET-01/02/03; pure actual-Rust probe where cited,canonical column/geometry children stored but not consumed by actual UI,v2rayN/ServiceLib/Models/Configs/ConfigItems.cs :: ColumnItem.Index,internal/preserved,Current HEAD 672e666 static audit; desktop_repro.log only for AUD-DESK-01/02
FLD-CFG-120,Mux4RayItem.Concurrency,Mux4RayItem,leaf,implemented,crates/application/src/codegen.rs:375; crates/config_codegen/src/xray/outbound.rs,apps/desktop/lib/features/profiles/profiles_controller.dart:150;apps/desktop/lib/features/profiles/profiles_controller.dart:160;apps/desktop/lib/features/profiles/profiles_controller.dart:500;apps/desktop/lib/features/profiles/profiles_controller.dart:501;apps/desktop/lib/features/profiles/profiles_controller.dart:1420;apps/desktop/lib/features/profiles/profile_draft.dart:64;apps/desktop/lib/features/profiles/profile_draft.dart:148;apps/desktop/lib/features/profiles/profile_draft.dart:227,CP-SET-01;CP-SET-02;CP-SET-03;CP-SET-15,,false,current source trace; synthetic fault contracts for CP-SET-01/02/03; pure actual-Rust probe where cited,production consumer traced statically; no complete UI->Rust->persist->reopen->actual-effect acceptance in this audit,v2rayN/ServiceLib/Models/Configs/ConfigItems.cs::Mux4RayItem.Concurrency,TextBox; apps/desktop/lib/features/settings/option_setting_window.dart:663; apps/desktop/lib/features/settings/option_setting_window.dart:664,"crates/application/src/codegen.rs:376; docs/evidence/repair/R4-13.S16/README.md (historical evidence, not fresh real-OS validation)"
FLD-CFG-121,Mux4RayItem.XudpConcurrency,Mux4RayItem,leaf,implemented,crates/application/src/codegen.rs:375; crates/config_codegen/src/xray/outbound.rs,apps/desktop/lib/features/settings/option_setting_window.dart:668;apps/desktop/lib/features/settings/option_setting_window.dart:669;apps/desktop/lib/features/settings/settings_defaults.dart:146,CP-SET-01;CP-SET-02;CP-SET-03;CP-SET-15,,false,current source trace; synthetic fault contracts for CP-SET-01/02/03; pure actual-Rust probe where cited,production consumer traced statically; no complete UI->Rust->persist->reopen->actual-effect acceptance in this audit,v2rayN/ServiceLib/Models/Configs/ConfigItems.cs::Mux4RayItem.XudpConcurrency,TextBox; apps/desktop/lib/features/settings/option_setting_window.dart:668; apps/desktop/lib/features/settings/option_setting_window.dart:669,"crates/application/src/codegen.rs:377; docs/evidence/repair/R4-13.S16/README.md (historical evidence, not fresh real-OS validation)"
FLD-CFG-122,Mux4RayItem.XudpProxyUDP443,Mux4RayItem,leaf,implemented,crates/application/src/codegen.rs:375; crates/config_codegen/src/xray/outbound.rs,apps/desktop/lib/features/settings/option_setting_window.dart:673;apps/desktop/lib/features/settings/option_setting_window.dart:678;apps/desktop/lib/features/settings/settings_defaults.dart:147,CP-SET-01;CP-SET-02;CP-SET-03;CP-SET-15,,false,current source trace; synthetic fault contracts for CP-SET-01/02/03; pure actual-Rust probe where cited,production consumer traced statically; no complete UI->Rust->persist->reopen->actual-effect acceptance in this audit,v2rayN/ServiceLib/Models/Configs/ConfigItems.cs::Mux4RayItem.XudpProxyUDP443,ComboBox; apps/desktop/lib/features/settings/option_setting_window.dart:673; apps/desktop/lib/features/settings/option_setting_window.dart:678,"crates/application/src/codegen.rs:378; crates/application/src/codegen.rs:379; docs/evidence/repair/R4-13.S16/README.md (historical evidence, not fresh real-OS validation)"
FLD-CFG-123,Mux4SboxItem.Protocol,Mux4SboxItem,leaf,implemented,crates/application/src/codegen.rs:382; crates/config_codegen/src/singbox/outbound.rs,apps/desktop/lib/features/profiles/profile_draft.dart:204;apps/desktop/lib/features/routing/routing_controller.dart:162;apps/desktop/lib/features/routing/routing_controller.dart:201;apps/desktop/lib/features/routing/routing_controller.dart:226;apps/desktop/lib/features/routing/routing_controller.dart:479;apps/desktop/lib/features/routing/routing_windows.dart:902;apps/desktop/lib/features/routing/routing_windows.dart:1343;apps/desktop/lib/features/routing/routing_windows.dart:1368,CP-SET-01;CP-SET-02;CP-SET-03;CP-SET-15,,false,current source trace; synthetic fault contracts for CP-SET-01/02/03; pure actual-Rust probe where cited,production consumer traced statically; no complete UI->Rust->persist->reopen->actual-effect acceptance in this audit,v2rayN/ServiceLib/Models/Configs/ConfigItems.cs::Mux4SboxItem.Protocol,ComboBox; apps/desktop/lib/features/settings/option_setting_window.dart:682; apps/desktop/lib/features/settings/option_setting_window.dart:689,"crates/application/src/codegen.rs:383; crates/application/src/codegen.rs:419; docs/evidence/repair/R4-13.S17/README.md (historical evidence, not fresh real-OS validation)"
FLD-CFG-124,Mux4SboxItem.MaxConnections,Mux4SboxItem,leaf,implemented,crates/application/src/codegen.rs:382; crates/config_codegen/src/singbox/outbound.rs,apps/desktop/lib/features/settings/settings_defaults.dart:151,CP-SET-01;CP-SET-02;CP-SET-03;CP-SET-15,,false,current source trace; synthetic fault contracts for CP-SET-01/02/03; pure actual-Rust probe where cited,production consumer traced statically; no complete UI->Rust->persist->reopen->actual-effect acceptance in this audit,v2rayN/ServiceLib/Models/Configs/ConfigItems.cs::Mux4SboxItem.MaxConnections,None; no original dedicated OptionSettingWindow control; typed setting preserved/editable through config or relevant window,"crates/application/src/codegen.rs:384; docs/evidence/repair/R4-13.S17/README.md (historical evidence, not fresh real-OS validation)"
FLD-CFG-125,Mux4SboxItem.Padding,Mux4SboxItem,leaf,implemented,crates/application/src/codegen.rs:382; crates/config_codegen/src/singbox/outbound.rs,apps/desktop/lib/features/backup/backup_and_restore_view.dart:68;apps/desktop/lib/features/backup/backup_and_restore_view.dart:86;apps/desktop/lib/features/backup/backup_and_restore_view.dart:151;apps/desktop/lib/features/backup/backup_and_restore_view.dart:235;apps/desktop/lib/features/backup/backup_and_restore_view.dart:263;apps/desktop/lib/features/backup/backup_and_restore_view.dart:315;apps/desktop/lib/features/backup/backup_and_restore_view.dart:330;apps/desktop/lib/features/backup/backup_and_restore_view.dart:364,CP-SET-01;CP-SET-02;CP-SET-03;CP-SET-15,,false,current source trace; synthetic fault contracts for CP-SET-01/02/03; pure actual-Rust probe where cited,production consumer traced statically; no complete UI->Rust->persist->reopen->actual-effect acceptance in this audit,v2rayN/ServiceLib/Models/Configs/ConfigItems.cs::Mux4SboxItem.Padding,None; no original dedicated OptionSettingWindow control; typed setting preserved/editable through config or relevant window,"crates/application/src/codegen.rs:385; docs/evidence/repair/R4-13.S17/README.md (historical evidence, not fresh real-OS validation)"
FLD-CFG-126,HysteriaItem.UpMbps,HysteriaItem,leaf,implemented,crates/application/src/codegen.rs:396; crates/config_codegen/src/singbox/outbound.rs,apps/desktop/lib/features/settings/option_setting_window.dart:703;apps/desktop/lib/features/settings/option_setting_window.dart:704;apps/desktop/lib/features/settings/settings_defaults.dart:155,CP-SET-01;CP-SET-02;CP-SET-03;CP-SET-15,,false,current source trace; synthetic fault contracts for CP-SET-01/02/03; pure actual-Rust probe where cited,production consumer traced statically; no complete UI->Rust->persist->reopen->actual-effect acceptance in this audit,v2rayN/ServiceLib/Models/Configs/ConfigItems.cs::HysteriaItem.UpMbps,TextBox; apps/desktop/lib/features/settings/option_setting_window.dart:703; apps/desktop/lib/features/settings/option_setting_window.dart:704,"crates/application/src/codegen.rs:396; docs/evidence/repair/R4-13.S12/README.md (historical evidence, not fresh real-OS validation)"
FLD-CFG-127,HysteriaItem.DownMbps,HysteriaItem,leaf,implemented,crates/application/src/codegen.rs:396; crates/config_codegen/src/singbox/outbound.rs,apps/desktop/lib/features/settings/option_setting_window.dart:708;apps/desktop/lib/features/settings/option_setting_window.dart:709;apps/desktop/lib/features/settings/settings_defaults.dart:156,CP-SET-01;CP-SET-02;CP-SET-03;CP-SET-15,,false,current source trace; synthetic fault contracts for CP-SET-01/02/03; pure actual-Rust probe where cited,production consumer traced statically; no complete UI->Rust->persist->reopen->actual-effect acceptance in this audit,v2rayN/ServiceLib/Models/Configs/ConfigItems.cs::HysteriaItem.DownMbps,TextBox; apps/desktop/lib/features/settings/option_setting_window.dart:708; apps/desktop/lib/features/settings/option_setting_window.dart:709,"crates/application/src/codegen.rs:397; docs/evidence/repair/R4-13.S12/README.md (historical evidence, not fresh real-OS validation)"
FLD-CFG-128,HysteriaItem.HopInterval,HysteriaItem,leaf,implemented,crates/application/src/codegen.rs:396; crates/config_codegen/src/singbox/outbound.rs,apps/desktop/lib/features/settings/option_setting_window.dart:713;apps/desktop/lib/features/settings/option_setting_window.dart:714;apps/desktop/lib/features/settings/settings_defaults.dart:157,CP-SET-01;CP-SET-02;CP-SET-03;CP-SET-15,,false,current source trace; synthetic fault contracts for CP-SET-01/02/03; pure actual-Rust probe where cited,production consumer traced statically; no complete UI->Rust->persist->reopen->actual-effect acceptance in this audit,v2rayN/ServiceLib/Models/Configs/ConfigItems.cs::HysteriaItem.HopInterval,None; apps/desktop/lib/features/settings/option_setting_window.dart:713; apps/desktop/lib/features/settings/option_setting_window.dart:714,"crates/application/src/codegen.rs:398; docs/evidence/repair/R4-13.S12/README.md (historical evidence, not fresh real-OS validation)"
FLD-CFG-129,ClashUIItem.EnableIPv6,ClashUIItem,leaf,identified,"apps/desktop/lib/features/monitor/{proxies_view,connections_view}.dart; codegen Mixin projection only",apps/desktop/lib/features/settings/option_setting_window.dart:1091;apps/desktop/lib/features/settings/option_setting_window.dart:1092;apps/desktop/lib/features/settings/option_setting_window.dart:1228;apps/desktop/lib/features/settings/option_setting_window.dart:1229;apps/desktop/lib/features/settings/settings_defaults.dart:71;apps/desktop/lib/features/settings/settings_defaults.dart:160;crates/application/src/codegen.rs:1077,CP-SET-01;CP-SET-02;CP-SET-03;CP-SET-15,CP-SET-08,false,current source trace; synthetic fault contracts for CP-SET-01/02/03; pure actual-Rust probe where cited,Mixin options projection exists only in tests; native Mihomo runtime bypasses merge,v2rayN/ServiceLib/Models/Configs/ConfigItems.cs :: ClashUIItem.EnableIPv6,internal/preserved,Current HEAD 672e666 static audit; desktop_repro.log only for AUD-DESK-01/02
FLD-CFG-130,ClashUIItem.EnableMixinContent,ClashUIItem,leaf,identified,"apps/desktop/lib/features/monitor/{proxies_view,connections_view}.dart; codegen Mixin projection only",apps/desktop/lib/features/settings/option_setting_window.dart:1096;apps/desktop/lib/features/settings/option_setting_window.dart:1097;apps/desktop/lib/features/settings/settings_defaults.dart:161;crates/application/src/codegen.rs:1080;crates/application/src/codegen.rs:1096,CP-SET-01;CP-SET-02;CP-SET-03;CP-SET-15,CP-SET-08,false,current source trace; synthetic fault contracts for CP-SET-01/02/03; pure actual-Rust probe where cited,Mixin options projection exists only in tests; native Mihomo runtime bypasses merge,v2rayN/ServiceLib/Models/Configs/ConfigItems.cs :: ClashUIItem.EnableMixinContent,internal/preserved,Current HEAD 672e666 static audit; desktop_repro.log only for AUD-DESK-01/02
FLD-CFG-131,ClashUIItem.ProxiesSorting,ClashUIItem,leaf,identified,"apps/desktop/lib/features/monitor/{proxies_view,connections_view}.dart; codegen Mixin projection only",apps/desktop/lib/features/monitor/clash_ui_config.dart:61;apps/desktop/lib/features/monitor/proxies_view.dart:90;apps/desktop/lib/features/settings/option_setting_window.dart:1101;apps/desktop/lib/features/settings/option_setting_window.dart:1103;apps/desktop/lib/features/settings/settings_defaults.dart:162,CP-SET-01;CP-SET-02;CP-SET-03;CP-SET-15,CP-SET-03,false,current source trace; synthetic fault contracts for CP-SET-01/02/03; pure actual-Rust probe where cited,local option changed before saveGroup; unsuccessful persistence not shown/rolled back,v2rayN/ServiceLib/Models/Configs/ConfigItems.cs :: ClashUIItem.ProxiesSorting,internal/preserved,Current HEAD 672e666 static audit; desktop_repro.log only for AUD-DESK-01/02
FLD-CFG-132,ClashUIItem.ProxiesAutoRefresh,ClashUIItem,leaf,identified,"apps/desktop/lib/features/monitor/{proxies_view,connections_view}.dart; codegen Mixin projection only",apps/desktop/lib/features/monitor/clash_ui_config.dart:59;apps/desktop/lib/features/monitor/proxies_view.dart:84;apps/desktop/lib/features/settings/option_setting_window.dart:1107;apps/desktop/lib/features/settings/option_setting_window.dart:1108;apps/desktop/lib/features/settings/settings_defaults.dart:163,CP-SET-01;CP-SET-02;CP-SET-03;CP-SET-15,CP-SET-03,false,current source trace; synthetic fault contracts for CP-SET-01/02/03; pure actual-Rust probe where cited,local option changed before saveGroup; unsuccessful persistence not shown/rolled back,v2rayN/ServiceLib/Models/Configs/ConfigItems.cs :: ClashUIItem.ProxiesAutoRefresh,internal/preserved,Current HEAD 672e666 static audit; desktop_repro.log only for AUD-DESK-01/02
FLD-CFG-133,ClashUIItem.ProxiesRefreshInterval,ClashUIItem,leaf,implemented,"apps/desktop/lib/features/monitor/{proxies_view,connections_view}.dart; codegen Mixin projection only",apps/desktop/lib/features/monitor/clash_ui_config.dart:60;apps/desktop/lib/features/settings/option_setting_window.dart:1112;apps/desktop/lib/features/settings/option_setting_window.dart:1113;apps/desktop/lib/features/settings/settings_defaults.dart:164,CP-SET-01;CP-SET-02;CP-SET-03;CP-SET-15,,false,current source trace; synthetic fault contracts for CP-SET-01/02/03; pure actual-Rust probe where cited,production consumer traced statically; no complete UI->Rust->persist->reopen->actual-effect acceptance in this audit,v2rayN/ServiceLib/Models/Configs/ConfigItems.cs :: ClashUIItem.ProxiesRefreshInterval,internal/preserved,Current HEAD 672e666 static audit; desktop_repro.log only for AUD-DESK-01/02
FLD-CFG-134,ClashUIItem.ConnectionsAutoRefresh,ClashUIItem,leaf,identified,"apps/desktop/lib/features/monitor/{proxies_view,connections_view}.dart; codegen Mixin projection only",apps/desktop/lib/features/monitor/clash_ui_config.dart:62;apps/desktop/lib/features/monitor/connections_view.dart:89;apps/desktop/lib/features/settings/option_setting_window.dart:1117;apps/desktop/lib/features/settings/option_setting_window.dart:1118;apps/desktop/lib/features/settings/settings_defaults.dart:165,CP-SET-01;CP-SET-02;CP-SET-03;CP-SET-15,CP-SET-03,false,current source trace; synthetic fault contracts for CP-SET-01/02/03; pure actual-Rust probe where cited,local option changed before saveGroup; unsuccessful persistence not shown/rolled back,v2rayN/ServiceLib/Models/Configs/ConfigItems.cs :: ClashUIItem.ConnectionsAutoRefresh,internal/preserved,Current HEAD 672e666 static audit; desktop_repro.log only for AUD-DESK-01/02
FLD-CFG-135,ClashUIItem.ConnectionsRefreshInterval,ClashUIItem,leaf,implemented,"apps/desktop/lib/features/monitor/{proxies_view,connections_view}.dart; codegen Mixin projection only",apps/desktop/lib/features/monitor/clash_ui_config.dart:63;apps/desktop/lib/features/settings/option_setting_window.dart:1122;apps/desktop/lib/features/settings/option_setting_window.dart:1124;apps/desktop/lib/features/settings/settings_defaults.dart:166,CP-SET-01;CP-SET-02;CP-SET-03;CP-SET-15,,false,current source trace; synthetic fault contracts for CP-SET-01/02/03; pure actual-Rust probe where cited,production consumer traced statically; no complete UI->Rust->persist->reopen->actual-effect acceptance in this audit,v2rayN/ServiceLib/Models/Configs/ConfigItems.cs :: ClashUIItem.ConnectionsRefreshInterval,internal/preserved,Current HEAD 672e666 static audit; desktop_repro.log only for AUD-DESK-01/02
FLD-CFG-136,ClashUIItem.ConnectionsColumnItem,ClashUIItem,leaf,identified,"apps/desktop/lib/features/monitor/{proxies_view,connections_view}.dart; codegen Mixin projection only",apps/desktop/lib/features/settings/settings_defaults.dart:167,CP-SET-01;CP-SET-02;CP-SET-03;CP-SET-15,CP-SET-10,false,current source trace; synthetic fault contracts for CP-SET-01/02/03; pure actual-Rust probe where cited,connections table DataColumns fixed; canonical column width/order ignored,v2rayN/ServiceLib/Models/Configs/ConfigItems.cs :: ClashUIItem.ConnectionsColumnItem,internal/preserved,Current HEAD 672e666 static audit; desktop_repro.log only for AUD-DESK-01/02
FLD-CFG-137,SystemProxyItem.SysProxyType,SystemProxyItem,leaf,implemented,apps/desktop/lib/features/settings/platform_controller.dart:247; crates/application/src/platform_service.rs; native OS outcome not verified here,apps/desktop/lib/features/settings/option_setting_window.dart:1137;apps/desktop/lib/features/settings/option_setting_window.dart:1144;apps/desktop/lib/features/settings/platform_controller.dart:107;apps/desktop/lib/features/settings/proxy_settings_view.dart:82;apps/desktop/lib/features/settings/proxy_settings_view.dart:189;apps/desktop/lib/features/settings/settings_defaults.dart:170;crates/application/src/platform_service.rs:453;crates/application/src/platform_service.rs:455,CP-SET-01;CP-SET-02;CP-SET-03;CP-SET-15,,false,current source trace; synthetic fault contracts for CP-SET-01/02/03; pure actual-Rust probe where cited,"actual OS consumer/codegen exists, platform effect remains unverified; TUN overall contains confirmed defects, see runtime report",v2rayN/ServiceLib/Models/Configs/ConfigItems.cs :: SystemProxyItem.SysProxyType,internal/preserved,Current HEAD 672e666 static audit; root_contract_repro.log fourth test confirms ignored proxy failure with fake backend
FLD-CFG-138,SystemProxyItem.SystemProxyExceptions,SystemProxyItem,leaf,identified,apps/desktop/lib/features/settings/platform_controller.dart:247; crates/application/src/platform_service.rs; native OS outcome not verified here,apps/desktop/lib/features/settings/option_setting_window.dart:1153;apps/desktop/lib/features/settings/option_setting_window.dart:1155;apps/desktop/lib/features/settings/proxy_settings_view.dart:83;apps/desktop/lib/features/settings/settings_defaults.dart:171,CP-SET-01;CP-SET-02;CP-SET-03;CP-SET-15,CP-SET-09,false,current source trace; synthetic fault contracts for CP-SET-01/02/03; pure actual-Rust probe where cited,OS consumer exists but sync key ignores changed bypass content,v2rayN/ServiceLib/Models/Configs/ConfigItems.cs :: SystemProxyItem.SystemProxyExceptions,TextBox(多行),Current HEAD 672e666 static audit; root_contract_repro.log fourth test confirms ignored proxy failure with fake backend
FLD-CFG-139,SystemProxyItem.NotProxyLocalAddress,SystemProxyItem,leaf,identified,apps/desktop/lib/features/settings/platform_controller.dart:247; crates/application/src/platform_service.rs; native OS outcome not verified here,apps/desktop/lib/features/settings/option_setting_window.dart:1148;apps/desktop/lib/features/settings/option_setting_window.dart:1149;apps/desktop/lib/features/settings/proxy_settings_view.dart:84;apps/desktop/lib/features/settings/settings_defaults.dart:175,CP-SET-01;CP-SET-02;CP-SET-03;CP-SET-15,CP-SET-09,false,current source trace; synthetic fault contracts for CP-SET-01/02/03; pure actual-Rust probe where cited,OS consumer exists but sync key ignores changed local bypass flag,v2rayN/ServiceLib/Models/Configs/ConfigItems.cs :: SystemProxyItem.NotProxyLocalAddress,ToggleButton（WPF）/ ToggleSwitch（Avalonia）,Current HEAD 672e666 static audit; root_contract_repro.log fourth test confirms ignored proxy failure with fake backend
FLD-CFG-140,SystemProxyItem.SystemProxyAdvancedProtocol,SystemProxyItem,leaf,identified,apps/desktop/lib/features/settings/platform_controller.dart:247; crates/application/src/platform_service.rs; native OS outcome not verified here,apps/desktop/lib/features/settings/option_setting_window.dart:1159;apps/desktop/lib/features/settings/option_setting_window.dart:1161;apps/desktop/lib/features/settings/proxy_settings_view.dart:86;apps/desktop/lib/features/settings/settings_defaults.dart:176,CP-SET-01;CP-SET-02;CP-SET-03;CP-SET-15,CP-SET-09,false,current source trace; synthetic fault contracts for CP-SET-01/02/03; pure actual-Rust probe where cited,OS consumer exists but sync key ignores changed advanced protocol,v2rayN/ServiceLib/Models/Configs/ConfigItems.cs :: SystemProxyItem.SystemProxyAdvancedProtocol,ComboBox,Current HEAD 672e666 static audit; root_contract_repro.log fourth test confirms ignored proxy failure with fake backend
FLD-CFG-141,SystemProxyItem.CustomSystemProxyPacPath,SystemProxyItem,leaf,identified,apps/desktop/lib/features/settings/platform_controller.dart:247; crates/application/src/platform_service.rs; native OS outcome not verified here,apps/desktop/lib/features/settings/option_setting_window.dart:1165;apps/desktop/lib/features/settings/option_setting_window.dart:1168;apps/desktop/lib/features/settings/proxy_settings_view.dart:88;apps/desktop/lib/features/settings/settings_defaults.dart:177;crates/platform/src/script.rs:16,CP-SET-01;CP-SET-02;CP-SET-03;CP-SET-15,CP-SET-09,false,current source trace; synthetic fault contracts for CP-SET-01/02/03; pure actual-Rust probe where cited,PAC sync key ignores custom path; nonexistent custom path is created rather than upstream fallback,v2rayN/ServiceLib/Models/Configs/ConfigItems.cs :: SystemProxyItem.CustomSystemProxyPacPath,TextBox + 浏览按钮,Current HEAD 672e666 static audit; root_contract_repro.log fourth test confirms ignored proxy failure with fake backend
FLD-CFG-142,SystemProxyItem.CustomSystemProxyScriptPath,SystemProxyItem,leaf,identified,apps/desktop/lib/features/settings/platform_controller.dart:247; crates/application/src/platform_service.rs; native OS outcome not verified here,apps/desktop/lib/features/settings/option_setting_window.dart:1172;apps/desktop/lib/features/settings/option_setting_window.dart:1175;apps/desktop/lib/features/settings/proxy_settings_view.dart:90;apps/desktop/lib/features/settings/settings_defaults.dart:178;crates/platform/src/script.rs:18,CP-SET-01;CP-SET-02;CP-SET-03;CP-SET-15,CP-SET-12,false,current source trace; synthetic fault contracts for CP-SET-01/02/03; pure actual-Rust probe where cited,OSX/Linux custom proxy script only path validation; execution consumer absent; Windows original does not use,v2rayN/ServiceLib/Models/Configs/ConfigItems.cs :: SystemProxyItem.CustomSystemProxyScriptPath,TextBox + 浏览按钮,Current HEAD 672e666 static audit; root_contract_repro.log fourth test confirms ignored proxy failure with fake backend
FLD-CFG-143,WebDavItem.Url,WebDavItem,leaf,implemented,apps/desktop/lib/features/backup/backup_controller.dart; crates/application/src/webdav.rs,apps/desktop/lib/features/monitor/monitor_bridge.dart:50;apps/desktop/lib/features/monitor/monitor_bridge.dart:149;apps/desktop/lib/features/monitor/monitor_controller.dart:559;apps/desktop/lib/features/profiles/context_menu.dart:101;apps/desktop/lib/features/profiles/context_menu.dart:102;apps/desktop/lib/features/profiles/profiles_controller.dart:152;apps/desktop/lib/features/profiles/profiles_controller.dart:153;apps/desktop/lib/features/profiles/profiles_controller.dart:154,CP-SET-01;CP-SET-02;CP-SET-03;CP-SET-15,,false,current source trace; synthetic fault contracts for CP-SET-01/02/03; pure actual-Rust probe where cited,production consumer traced statically; no complete UI->Rust->persist->reopen->actual-effect acceptance in this audit,v2rayN/ServiceLib/Models/Configs/ConfigItems.cs :: WebDavItem.Url,internal/preserved,Current HEAD 672e666 static audit; desktop_repro.log only for AUD-DESK-01/02
FLD-CFG-144,WebDavItem.UserName,WebDavItem,leaf,implemented,apps/desktop/lib/features/backup/backup_controller.dart; crates/application/src/webdav.rs,apps/desktop/lib/features/settings/settings_defaults.dart:182,CP-SET-01;CP-SET-02;CP-SET-03;CP-SET-15,,false,current source trace; synthetic fault contracts for CP-SET-01/02/03; pure actual-Rust probe where cited,production consumer traced statically; no complete UI->Rust->persist->reopen->actual-effect acceptance in this audit,v2rayN/ServiceLib/Models/Configs/ConfigItems.cs :: WebDavItem.UserName,internal/preserved,Current HEAD 672e666 static audit; desktop_repro.log only for AUD-DESK-01/02
FLD-CFG-145,WebDavItem.Password,WebDavItem,leaf,implemented,apps/desktop/lib/features/backup/backup_controller.dart; crates/application/src/webdav.rs,apps/desktop/lib/features/settings/settings_defaults.dart:183;crates/application/src/store_repo.rs:461;crates/application/src/store_repo.rs:571;crates/updater/src/signature.rs:512;crates/updater/src/signature.rs:527;crates/updater/src/signature.rs:541;crates/updater/src/signature.rs:554,CP-SET-01;CP-SET-02;CP-SET-03;CP-SET-15,,false,current source trace; synthetic fault contracts for CP-SET-01/02/03; pure actual-Rust probe where cited,production consumer traced statically; no complete UI->Rust->persist->reopen->actual-effect acceptance in this audit,v2rayN/ServiceLib/Models/Configs/ConfigItems.cs :: WebDavItem.Password,internal/preserved,Current HEAD 672e666 static audit; desktop_repro.log only for AUD-DESK-01/02
FLD-CFG-146,WebDavItem.DirName,WebDavItem,leaf,implemented,apps/desktop/lib/features/backup/backup_controller.dart; crates/application/src/webdav.rs,apps/desktop/lib/features/settings/settings_defaults.dart:184,CP-SET-01;CP-SET-02;CP-SET-03;CP-SET-15,,false,current source trace; synthetic fault contracts for CP-SET-01/02/03; pure actual-Rust probe where cited,production consumer traced statically; no complete UI->Rust->persist->reopen->actual-effect acceptance in this audit,v2rayN/ServiceLib/Models/Configs/ConfigItems.cs :: WebDavItem.DirName,internal/preserved,Current HEAD 672e666 static audit; desktop_repro.log only for AUD-DESK-01/02
FLD-CFG-147,CheckUpdateItem.CheckPreReleaseUpdate,CheckUpdateItem,leaf,identified,"apps/desktop/lib/features/update/update_controller.dart:122,175; crates/bridge_api/src/api/t16.rs:850",apps/desktop/lib/features/settings/settings_defaults.dart:187;apps/desktop/lib/features/update/update_controller.dart:149;apps/desktop/lib/features/update/update_controller.dart:182,CP-SET-01;CP-SET-02;CP-SET-03;CP-SET-15,CP-SET-03,false,current source trace; synthetic fault contracts for CP-SET-01/02/03; pure actual-Rust probe where cited,local option changed before saveGroup; unsuccessful persistence not shown/rolled back,v2rayN/ServiceLib/Models/Configs/ConfigItems.cs :: CheckUpdateItem.CheckPreReleaseUpdate,internal/preserved,Current HEAD 672e666 static audit; desktop_repro.log only for AUD-DESK-01/02
FLD-CFG-148,CheckUpdateItem.UpdateViaProxy,CheckUpdateItem,leaf,identified,"apps/desktop/lib/features/update/update_controller.dart:122,175; crates/bridge_api/src/api/t16.rs:850",apps/desktop/lib/features/settings/settings_defaults.dart:188;apps/desktop/lib/features/update/update_controller.dart:150;apps/desktop/lib/features/update/update_controller.dart:183;apps/desktop/lib/app/menu/main_menu.dart:182;apps/desktop/lib/app/menu/main_menu.dart:192,CP-SET-01;CP-SET-02;CP-SET-03;CP-SET-15,CP-SET-03,false,current source trace; synthetic fault contracts for CP-SET-01/02/03; pure actual-Rust probe where cited,local option changed before saveGroup; unsuccessful persistence not shown/rolled back,v2rayN/ServiceLib/Models/Configs/ConfigItems.cs :: CheckUpdateItem.UpdateViaProxy,internal/preserved,Current HEAD 672e666 static audit; desktop_repro.log only for AUD-DESK-01/02
FLD-CFG-149,CheckUpdateItem.SelectedCoreTypes,CheckUpdateItem,leaf,implemented,"apps/desktop/lib/features/update/update_controller.dart:122,175; crates/bridge_api/src/api/t16.rs:850",apps/desktop/lib/features/settings/settings_defaults.dart:189;apps/desktop/lib/features/update/update_controller.dart:137;apps/desktop/lib/features/update/update_controller.dart:184,CP-SET-01;CP-SET-02;CP-SET-03;CP-SET-15,CP-SET-03,false,current source trace; synthetic fault contracts for CP-SET-01/02/03; pure actual-Rust probe where cited,backend null-vs-empty fixed; option save failure still silently ignored,v2rayN/ServiceLib/Models/Configs/ConfigItems.cs :: CheckUpdateItem.SelectedCoreTypes,internal/preserved,Current HEAD 672e666 static audit; desktop_repro.log only for AUD-DESK-01/02
FLD-CFG-150,Fragment4RayItem.Packets,Fragment4RayItem,leaf,implemented,crates/application/src/codegen.rs:443; crates/application/src/settings.rs:91; crates/config_codegen/src/xray/outbound.rs,apps/desktop/lib/features/settings/option_setting_window.dart:728;apps/desktop/lib/features/settings/option_setting_window.dart:737;apps/desktop/lib/features/settings/settings_defaults.dart:192,CP-SET-01;CP-SET-02;CP-SET-03;CP-SET-15,,false,current source trace; synthetic fault contracts for CP-SET-01/02/03; pure actual-Rust probe where cited,production consumer traced statically; no complete UI->Rust->persist->reopen->actual-effect acceptance in this audit,v2rayN/ServiceLib/Models/Configs/ConfigItems.cs::Fragment4RayItem.Packets,ComboBox; apps/desktop/lib/features/settings/option_setting_window.dart:728; apps/desktop/lib/features/settings/option_setting_window.dart:737,"crates/application/src/codegen.rs:444; docs/evidence/repair/R4-13.S07/README.md (historical evidence, not fresh real-OS validation)"
FLD-CFG-151,Fragment4RayItem.Lengths,Fragment4RayItem,leaf,implemented,crates/application/src/codegen.rs:443; crates/application/src/settings.rs:91; crates/config_codegen/src/xray/outbound.rs,apps/desktop/lib/features/settings/option_setting_window.dart:353;apps/desktop/lib/features/settings/option_setting_window.dart:741;apps/desktop/lib/features/settings/option_setting_window.dart:745;apps/desktop/lib/features/settings/settings_defaults.dart:193;apps/desktop/lib/features/settings/settings_defaults.dart:293;apps/desktop/lib/features/settings/settings_defaults.dart:296,CP-SET-01;CP-SET-02;CP-SET-03;CP-SET-15,,false,current source trace; synthetic fault contracts for CP-SET-01/02/03; pure actual-Rust probe where cited,production consumer traced statically; no complete UI->Rust->persist->reopen->actual-effect acceptance in this audit,v2rayN/ServiceLib/Models/Configs/ConfigItems.cs::Fragment4RayItem.Lengths,TextBox; apps/desktop/lib/features/settings/option_setting_window.dart:741; apps/desktop/lib/features/settings/option_setting_window.dart:745,"crates/application/src/codegen.rs:445; docs/evidence/repair/R4-13.S07/README.md (historical evidence, not fresh real-OS validation)"
FLD-CFG-152,Fragment4RayItem.Delays,Fragment4RayItem,leaf,implemented,crates/application/src/codegen.rs:443; crates/application/src/settings.rs:91; crates/config_codegen/src/xray/outbound.rs,apps/desktop/lib/features/monitor/monitor_controller.dart:35;apps/desktop/lib/features/monitor/monitor_controller.dart:82;apps/desktop/lib/features/monitor/monitor_controller.dart:159;apps/desktop/lib/features/monitor/monitor_controller.dart:199;apps/desktop/lib/features/monitor/monitor_controller.dart:328;apps/desktop/lib/features/monitor/monitor_controller.dart:571;apps/desktop/lib/features/monitor/monitor_controller.dart:573;apps/desktop/lib/features/monitor/monitor_controller.dart:582,CP-SET-01;CP-SET-02;CP-SET-03;CP-SET-15,,false,current source trace; synthetic fault contracts for CP-SET-01/02/03; pure actual-Rust probe where cited,production consumer traced statically; no complete UI->Rust->persist->reopen->actual-effect acceptance in this audit,v2rayN/ServiceLib/Models/Configs/ConfigItems.cs::Fragment4RayItem.Delays,TextBox; apps/desktop/lib/features/settings/option_setting_window.dart:751; apps/desktop/lib/features/settings/option_setting_window.dart:755,"crates/application/src/codegen.rs:446; docs/evidence/repair/R4-13.S07/README.md (historical evidence, not fresh real-OS validation)"
FLD-CFG-153,Fragment4RayItem.MaxSplit,Fragment4RayItem,leaf,identified,crates/application/src/codegen.rs:443; crates/application/src/settings.rs:91; crates/config_codegen/src/xray/outbound.rs,apps/desktop/lib/features/settings/option_setting_window.dart:358;apps/desktop/lib/features/settings/option_setting_window.dart:761;apps/desktop/lib/features/settings/option_setting_window.dart:762;apps/desktop/lib/features/settings/settings_defaults.dart:195;crates/application/src/settings.rs:96,CP-SET-01;CP-SET-02;CP-SET-03;CP-SET-15,CP-SET-06,false,current source trace; synthetic fault contracts for CP-SET-01/02/03; pure actual-Rust probe where cited,upstream-valid string range 1-3 still rejected by UI/Rust integer-only validation,v2rayN/ServiceLib/Models/Configs/ConfigItems.cs::Fragment4RayItem.MaxSplit,TextBox; apps/desktop/lib/features/settings/option_setting_window.dart:761; apps/desktop/lib/features/settings/option_setting_window.dart:762,"crates/application/src/codegen.rs:447; docs/evidence/repair/R4-13.S07/README.md (historical evidence, not fresh real-OS validation); docs/evidence/tun-settings-audit-2026-10-05/engine-probe/locked-replay.log (fresh pure reproduction)"
FLD-CFG-154,Fragment4RayItem.Length,Fragment4RayItem,leaf,implemented,crates/application/src/codegen.rs:443; crates/application/src/settings.rs:91; crates/config_codegen/src/xray/outbound.rs,apps/desktop/lib/features/profiles/profile_fields.dart:978;apps/desktop/lib/features/profiles/profile_fields.dart:981;apps/desktop/lib/features/profiles/profile_fields.dart:982;apps/desktop/lib/features/profiles/profile_fields.dart:983;apps/desktop/lib/features/settings/option_setting_window.dart:353;apps/desktop/lib/features/settings/option_setting_window.dart:741;apps/desktop/lib/features/settings/option_setting_window.dart:745;apps/desktop/lib/features/settings/settings_defaults.dart:193,CP-SET-01;CP-SET-02;CP-SET-03;CP-SET-15,,false,current source trace; synthetic fault contracts for CP-SET-01/02/03; pure actual-Rust probe where cited,production consumer traced statically; no complete UI->Rust->persist->reopen->actual-effect acceptance in this audit,v2rayN/ServiceLib/Models/Configs/ConfigItems.cs::Fragment4RayItem.Length,None; no original dedicated OptionSettingWindow control; typed setting preserved/editable through config or relevant window,"crates/domain/src/settings.rs:1074 (apply_load_defaults legacy fallback); docs/evidence/repair/R4-13.S07/README.md (historical evidence, not fresh real-OS validation)"
FLD-CFG-155,Fragment4RayItem.Interval,Fragment4RayItem,leaf,implemented,crates/application/src/codegen.rs:443; crates/application/src/settings.rs:91; crates/config_codegen/src/xray/outbound.rs,apps/desktop/lib/features/monitor/clash_ui_config.dart:16;apps/desktop/lib/features/monitor/clash_ui_config.dart:19;apps/desktop/lib/features/monitor/clash_ui_config.dart:25;apps/desktop/lib/features/monitor/clash_ui_config.dart:33;apps/desktop/lib/features/monitor/clash_ui_config.dart:36;apps/desktop/lib/features/monitor/clash_ui_config.dart:39;apps/desktop/lib/features/monitor/clash_ui_config.dart:42;apps/desktop/lib/features/monitor/clash_ui_config.dart:45,CP-SET-01;CP-SET-02;CP-SET-03;CP-SET-15,,false,current source trace; synthetic fault contracts for CP-SET-01/02/03; pure actual-Rust probe where cited,production consumer traced statically; no complete UI->Rust->persist->reopen->actual-effect acceptance in this audit,v2rayN/ServiceLib/Models/Configs/ConfigItems.cs::Fragment4RayItem.Interval,None; no original dedicated OptionSettingWindow control; typed setting preserved/editable through config or relevant window,"crates/domain/src/settings.rs:1074 (apply_load_defaults legacy fallback); docs/evidence/repair/R4-13.S07/README.md (historical evidence, not fresh real-OS validation)"
FLD-CFG-156,UiItem.WindowSizeItem[].TypeName,WindowSizeItem,leaf,identified,native INI geometry cache; canonical WindowSizeItem has no native UI consumer,apps/desktop/lib/features/profiles/ui_state_store.dart:138;apps/desktop/lib/features/profiles/ui_state_store.dart:139;apps/desktop/lib/features/profiles/ui_state_store.dart:268;apps/desktop/lib/features/profiles/ui_state_store.dart:306,CP-SET-01;CP-SET-02;CP-SET-03;CP-SET-15,CP-SET-10,false,current source trace; synthetic fault contracts for CP-SET-01/02/03; pure actual-Rust probe where cited,canonical column/geometry children stored but not consumed by actual UI,v2rayN/ServiceLib/Models/Configs/ConfigItems.cs :: WindowSizeItem.TypeName,internal/preserved,Current HEAD 672e666 static audit; desktop_repro.log only for AUD-DESK-01/02
FLD-CFG-157,UiItem.WindowSizeItem[].Width,WindowSizeItem,leaf,identified,native INI geometry cache; canonical WindowSizeItem has no native UI consumer,apps/desktop/lib/features/profiles/group_editor_dialog.dart:838;apps/desktop/lib/features/profiles/group_editor_dialog.dart:1153;apps/desktop/lib/features/profiles/group_editor_dialog.dart:1314;apps/desktop/lib/features/profiles/group_editor_dialog.dart:1319;apps/desktop/lib/features/profiles/profiles_controller.dart:763;apps/desktop/lib/features/profiles/profiles_controller.dart:1684;apps/desktop/lib/features/profiles/profiles_controller.dart:1685;apps/desktop/lib/features/profiles/profiles_controller.dart:1688,CP-SET-01;CP-SET-02;CP-SET-03;CP-SET-15,CP-SET-10,false,current source trace; synthetic fault contracts for CP-SET-01/02/03; pure actual-Rust probe where cited,canonical column/geometry children stored but not consumed by actual UI,v2rayN/ServiceLib/Models/Configs/ConfigItems.cs :: WindowSizeItem.Width,internal/preserved,Current HEAD 672e666 static audit; desktop_repro.log only for AUD-DESK-01/02
FLD-CFG-158,UiItem.WindowSizeItem[].Height,WindowSizeItem,leaf,identified,native INI geometry cache; canonical WindowSizeItem has no native UI consumer,apps/desktop/lib/features/profiles/profiles_page.dart:315;apps/desktop/lib/features/profiles/profiles_table.dart:41;apps/desktop/lib/features/profiles/profiles_table.dart:45;apps/desktop/lib/features/profiles/profiles_table.dart:53;apps/desktop/lib/features/profiles/profiles_table.dart:55;apps/desktop/lib/features/profiles/profiles_table.dart:63;apps/desktop/lib/features/profiles/profiles_table.dart:242;apps/desktop/lib/features/profiles/profiles_table.dart:285,CP-SET-01;CP-SET-02;CP-SET-03;CP-SET-15,CP-SET-10,false,current source trace; synthetic fault contracts for CP-SET-01/02/03; pure actual-Rust probe where cited,canonical column/geometry children stored but not consumed by actual UI,v2rayN/ServiceLib/Models/Configs/ConfigItems.cs :: WindowSizeItem.Height,internal/preserved,Current HEAD 672e666 static audit; desktop_repro.log only for AUD-DESK-01/02
FLD-CFG-159,SimpleDNSItem.UseSystemHosts,SimpleDNSItem,leaf,implemented,"crates/application/src/codegen.rs:548; crates/config_codegen/src/{xray,singbox}/dns.rs",apps/desktop/lib/features/routing/dns_window.dart:60;apps/desktop/lib/features/routing/dns_window.dart:146;apps/desktop/lib/features/routing/dns_window.dart:147;apps/desktop/lib/features/routing/dns_window.dart:251;apps/desktop/lib/features/routing/dns_window.dart:252;apps/desktop/lib/features/routing/dns_window.dart:253;apps/desktop/lib/features/routing/dns_window.dart:333;apps/desktop/lib/features/routing/dns_window.dart:334,CP-SET-01;CP-SET-02;CP-SET-03;CP-SET-15,,false,current source trace; synthetic fault contracts for CP-SET-01/02/03; pure actual-Rust probe where cited,production consumer traced statically; no complete UI->Rust->persist->reopen->actual-effect acceptance in this audit,v2rayN/ServiceLib/Models/Configs/ConfigItems.cs::SimpleDNSItem.UseSystemHosts,None; apps/desktop/lib/features/routing/dns_window.dart:751; apps/desktop/lib/features/routing/dns_controller.dart:94; ,"crates/application/src/codegen.rs:557; crates/application/src/codegen.rs:573; docs/evidence/repair/R4-13.S19/README.md (historical evidence, not fresh real-OS validation)"
FLD-CFG-160,SimpleDNSItem.AddCommonHosts,SimpleDNSItem,leaf,implemented,"crates/application/src/codegen.rs:548; crates/config_codegen/src/{xray,singbox}/dns.rs",apps/desktop/lib/features/settings/settings_defaults.dart:218;crates/application/src/dns.rs:379,CP-SET-01;CP-SET-02;CP-SET-03;CP-SET-15,,false,current source trace; synthetic fault contracts for CP-SET-01/02/03; pure actual-Rust probe where cited,production consumer traced statically; no complete UI->Rust->persist->reopen->actual-effect acceptance in this audit,v2rayN/ServiceLib/Models/Configs/ConfigItems.cs::SimpleDNSItem.AddCommonHosts,None; apps/desktop/lib/features/routing/dns_window.dart:751; apps/desktop/lib/features/routing/dns_controller.dart:94; ,"crates/application/src/codegen.rs:572; docs/evidence/repair/R4-13.S19/README.md (historical evidence, not fresh real-OS validation)"
FLD-CFG-161,SimpleDNSItem.FakeIP,SimpleDNSItem,leaf,implemented,"crates/application/src/codegen.rs:548; crates/config_codegen/src/{xray,singbox}/dns.rs",apps/desktop/lib/features/routing/dns_window.dart:469;apps/desktop/lib/features/settings/option_setting_window.dart:1042;apps/desktop/lib/features/settings/option_setting_window.dart:1043;apps/desktop/lib/features/settings/option_setting_window.dart:1044;apps/desktop/lib/features/settings/option_setting_window.dart:1048;apps/desktop/lib/features/settings/option_setting_window.dart:1051;apps/desktop/lib/features/settings/settings_defaults.dart:219;apps/desktop/lib/features/settings/settings_defaults.dart:221,CP-SET-01;CP-SET-02;CP-SET-03;CP-SET-15,,false,current source trace; synthetic fault contracts for CP-SET-01/02/03; pure actual-Rust probe where cited,production consumer traced statically; no complete UI->Rust->persist->reopen->actual-effect acceptance in this audit,v2rayN/ServiceLib/Models/Configs/ConfigItems.cs::SimpleDNSItem.FakeIP,None; apps/desktop/lib/features/routing/dns_window.dart:751; apps/desktop/lib/features/routing/dns_controller.dart:94; apps/desktop/lib/features/settings/option_setting_window.dart:1043; apps/desktop/lib/features/settings/option_setting_window.dart:1044; apps/desktop/lib/features/settings/option_setting_window.dart:1048,"crates/application/src/codegen.rs:575; crates/application/src/codegen.rs:577; docs/evidence/repair/R4-13.S19/README.md (historical evidence, not fresh real-OS validation)"
FLD-CFG-162,SimpleDNSItem.GlobalFakeIp,SimpleDNSItem,leaf,implemented,"crates/application/src/codegen.rs:548; crates/config_codegen/src/{xray,singbox}/dns.rs",apps/desktop/lib/features/settings/option_setting_window.dart:1052;apps/desktop/lib/features/settings/option_setting_window.dart:1053;apps/desktop/lib/features/settings/settings_defaults.dart:220;crates/application/src/dns.rs:381;crates/application/src/dns.rs:535,CP-SET-01;CP-SET-02;CP-SET-03;CP-SET-15,,false,current source trace; synthetic fault contracts for CP-SET-01/02/03; pure actual-Rust probe where cited,production consumer traced statically; no complete UI->Rust->persist->reopen->actual-effect acceptance in this audit,v2rayN/ServiceLib/Models/Configs/ConfigItems.cs::SimpleDNSItem.GlobalFakeIp,None; apps/desktop/lib/features/routing/dns_window.dart:751; apps/desktop/lib/features/routing/dns_controller.dart:94; apps/desktop/lib/features/settings/option_setting_window.dart:1052; apps/desktop/lib/features/settings/option_setting_window.dart:1053,"crates/application/src/codegen.rs:576; docs/evidence/repair/R4-13.S19/README.md (historical evidence, not fresh real-OS validation)"
FLD-CFG-163,SimpleDNSItem.FakeIPRange,SimpleDNSItem,leaf,implemented,"crates/application/src/codegen.rs:548; crates/config_codegen/src/{xray,singbox}/dns.rs",apps/desktop/lib/features/settings/settings_defaults.dart:221;crates/application/src/dns.rs:382,CP-SET-01;CP-SET-02;CP-SET-03;CP-SET-15,,false,current source trace; synthetic fault contracts for CP-SET-01/02/03; pure actual-Rust probe where cited,production consumer traced statically; no complete UI->Rust->persist->reopen->actual-effect acceptance in this audit,v2rayN/ServiceLib/Models/Configs/ConfigItems.cs::SimpleDNSItem.FakeIPRange,None; apps/desktop/lib/features/routing/dns_window.dart:751; apps/desktop/lib/features/routing/dns_controller.dart:94; ,"crates/application/src/codegen.rs:577; docs/evidence/repair/R4-13.S19/README.md (historical evidence, not fresh real-OS validation)"
FLD-CFG-164,SimpleDNSItem.BlockBindingQuery,SimpleDNSItem,leaf,implemented,"crates/application/src/codegen.rs:548; crates/config_codegen/src/{xray,singbox}/dns.rs",apps/desktop/lib/features/settings/settings_defaults.dart:222;crates/application/src/dns.rs:383,CP-SET-01;CP-SET-02;CP-SET-03;CP-SET-15,,false,current source trace; synthetic fault contracts for CP-SET-01/02/03; pure actual-Rust probe where cited,production consumer traced statically; no complete UI->Rust->persist->reopen->actual-effect acceptance in this audit,v2rayN/ServiceLib/Models/Configs/ConfigItems.cs::SimpleDNSItem.BlockBindingQuery,None; apps/desktop/lib/features/routing/dns_window.dart:751; apps/desktop/lib/features/routing/dns_controller.dart:94; ,"crates/application/src/codegen.rs:571; docs/evidence/repair/R4-13.S19/README.md (historical evidence, not fresh real-OS validation)"
FLD-CFG-165,SimpleDNSItem.BlockAAAAQuery,SimpleDNSItem,leaf,implemented,"crates/application/src/codegen.rs:548; crates/config_codegen/src/{xray,singbox}/dns.rs",apps/desktop/lib/features/settings/settings_defaults.dart:223;crates/application/src/dns.rs:384;crates/application/src/dns.rs:537,CP-SET-01;CP-SET-02;CP-SET-03;CP-SET-15,,false,current source trace; synthetic fault contracts for CP-SET-01/02/03; pure actual-Rust probe where cited,production consumer traced statically; no complete UI->Rust->persist->reopen->actual-effect acceptance in this audit,v2rayN/ServiceLib/Models/Configs/ConfigItems.cs::SimpleDNSItem.BlockAAAAQuery,None; apps/desktop/lib/features/routing/dns_window.dart:751; apps/desktop/lib/features/routing/dns_controller.dart:94; ,"crates/application/src/codegen.rs:570; docs/evidence/repair/R4-13.S19/README.md (historical evidence, not fresh real-OS validation)"
FLD-CFG-166,SimpleDNSItem.DirectDNS,SimpleDNSItem,leaf,implemented,"crates/application/src/codegen.rs:548; crates/config_codegen/src/{xray,singbox}/dns.rs",apps/desktop/lib/features/settings/settings_defaults.dart:224;crates/application/src/dns.rs:385;crates/application/src/dns.rs:536,CP-SET-01;CP-SET-02;CP-SET-03;CP-SET-15,,false,current source trace; synthetic fault contracts for CP-SET-01/02/03; pure actual-Rust probe where cited,production consumer traced statically; no complete UI->Rust->persist->reopen->actual-effect acceptance in this audit,v2rayN/ServiceLib/Models/Configs/ConfigItems.cs::SimpleDNSItem.DirectDNS,None; apps/desktop/lib/features/routing/dns_window.dart:751; apps/desktop/lib/features/routing/dns_controller.dart:94; ,"crates/application/src/codegen.rs:561; docs/evidence/repair/R4-13.S19/README.md (historical evidence, not fresh real-OS validation)"
FLD-CFG-167,SimpleDNSItem.RemoteDNS,SimpleDNSItem,leaf,implemented,"crates/application/src/codegen.rs:548; crates/config_codegen/src/{xray,singbox}/dns.rs",apps/desktop/lib/features/settings/settings_defaults.dart:225;crates/application/src/dns.rs:386,CP-SET-01;CP-SET-02;CP-SET-03;CP-SET-15,,false,current source trace; synthetic fault contracts for CP-SET-01/02/03; pure actual-Rust probe where cited,production consumer traced statically; no complete UI->Rust->persist->reopen->actual-effect acceptance in this audit,v2rayN/ServiceLib/Models/Configs/ConfigItems.cs::SimpleDNSItem.RemoteDNS,None; apps/desktop/lib/features/routing/dns_window.dart:751; apps/desktop/lib/features/routing/dns_controller.dart:94; ,"crates/application/src/codegen.rs:562; docs/evidence/repair/R4-13.S19/README.md (historical evidence, not fresh real-OS validation)"
FLD-CFG-168,SimpleDNSItem.BootstrapDNS,SimpleDNSItem,leaf,implemented,"crates/application/src/codegen.rs:548; crates/config_codegen/src/{xray,singbox}/dns.rs",apps/desktop/lib/features/settings/settings_defaults.dart:226;crates/application/src/dns.rs:387,CP-SET-01;CP-SET-02;CP-SET-03;CP-SET-15,,false,current source trace; synthetic fault contracts for CP-SET-01/02/03; pure actual-Rust probe where cited,production consumer traced statically; no complete UI->Rust->persist->reopen->actual-effect acceptance in this audit,v2rayN/ServiceLib/Models/Configs/ConfigItems.cs::SimpleDNSItem.BootstrapDNS,None; apps/desktop/lib/features/routing/dns_window.dart:751; apps/desktop/lib/features/routing/dns_controller.dart:94; ,"crates/application/src/codegen.rs:563; docs/evidence/repair/R4-13.S19/README.md (historical evidence, not fresh real-OS validation)"
FLD-CFG-169,SimpleDNSItem.Strategy4Freedom,SimpleDNSItem,leaf,implemented,"crates/application/src/codegen.rs:548; crates/config_codegen/src/{xray,singbox}/dns.rs",apps/desktop/lib/features/routing/dns_window.dart:125;apps/desktop/lib/features/routing/dns_window.dart:129;apps/desktop/lib/features/routing/dns_window.dart:199;apps/desktop/lib/features/routing/dns_window.dart:203;apps/desktop/lib/features/routing/dns_window.dart:508;apps/desktop/lib/features/routing/dns_window.dart:569;apps/desktop/lib/features/routing/dns_window.dart:804;apps/desktop/lib/features/routing/dns_window.dart:831,CP-SET-01;CP-SET-02;CP-SET-03;CP-SET-15,,false,current source trace; synthetic fault contracts for CP-SET-01/02/03; pure actual-Rust probe where cited,production consumer traced statically; no complete UI->Rust->persist->reopen->actual-effect acceptance in this audit,v2rayN/ServiceLib/Models/Configs/ConfigItems.cs::SimpleDNSItem.Strategy4Freedom,None; apps/desktop/lib/features/routing/dns_window.dart:751; apps/desktop/lib/features/routing/dns_controller.dart:94; ,"crates/application/src/codegen.rs:565; docs/evidence/repair/R4-13.S19/README.md (historical evidence, not fresh real-OS validation)"
FLD-CFG-170,SimpleDNSItem.Strategy4Proxy,SimpleDNSItem,leaf,implemented,"crates/application/src/codegen.rs:548; crates/config_codegen/src/{xray,singbox}/dns.rs",apps/desktop/lib/features/routing/dns_window.dart:513;apps/desktop/lib/features/routing/dns_window.dart:518;apps/desktop/lib/features/settings/settings_defaults.dart:228;apps/desktop/lib/features/settings/settings_defaults.dart:229;crates/application/src/dns.rs:394;crates/application/src/dns.rs:398,CP-SET-01;CP-SET-02;CP-SET-03;CP-SET-15,,false,current source trace; synthetic fault contracts for CP-SET-01/02/03; pure actual-Rust probe where cited,production consumer traced statically; no complete UI->Rust->persist->reopen->actual-effect acceptance in this audit,v2rayN/ServiceLib/Models/Configs/ConfigItems.cs::SimpleDNSItem.Strategy4Proxy,None; apps/desktop/lib/features/routing/dns_window.dart:751; apps/desktop/lib/features/routing/dns_controller.dart:94; ,"crates/application/src/codegen.rs:566; crates/application/src/codegen.rs:567; docs/evidence/repair/R4-13.S19/README.md (historical evidence, not fresh real-OS validation)"
FLD-CFG-171,SimpleDNSItem.Strategy4ProxyDial,SimpleDNSItem,leaf,implemented,"crates/application/src/codegen.rs:548; crates/config_codegen/src/{xray,singbox}/dns.rs",apps/desktop/lib/features/routing/dns_window.dart:518;apps/desktop/lib/features/settings/settings_defaults.dart:229;crates/application/src/dns.rs:398,CP-SET-01;CP-SET-02;CP-SET-03;CP-SET-15,,false,current source trace; synthetic fault contracts for CP-SET-01/02/03; pure actual-Rust probe where cited,production consumer traced statically; no complete UI->Rust->persist->reopen->actual-effect acceptance in this audit,v2rayN/ServiceLib/Models/Configs/ConfigItems.cs::SimpleDNSItem.Strategy4ProxyDial,None; apps/desktop/lib/features/routing/dns_window.dart:751; apps/desktop/lib/features/routing/dns_controller.dart:94; ,"crates/application/src/codegen.rs:567; docs/evidence/repair/R4-13.S19/README.md (historical evidence, not fresh real-OS validation)"
FLD-CFG-172,SimpleDNSItem.ServeStale,SimpleDNSItem,leaf,implemented,"crates/application/src/codegen.rs:548; crates/config_codegen/src/{xray,singbox}/dns.rs",apps/desktop/lib/features/routing/dns_window.dart:481;apps/desktop/lib/features/settings/settings_defaults.dart:230;crates/application/src/dns.rs:400,CP-SET-01;CP-SET-02;CP-SET-03;CP-SET-15,,false,current source trace; synthetic fault contracts for CP-SET-01/02/03; pure actual-Rust probe where cited,production consumer traced statically; no complete UI->Rust->persist->reopen->actual-effect acceptance in this audit,v2rayN/ServiceLib/Models/Configs/ConfigItems.cs::SimpleDNSItem.ServeStale,None; apps/desktop/lib/features/routing/dns_window.dart:751; apps/desktop/lib/features/routing/dns_controller.dart:94; ,"crates/application/src/codegen.rs:568; docs/evidence/repair/R4-13.S19/README.md (historical evidence, not fresh real-OS validation)"
FLD-CFG-173,SimpleDNSItem.ParallelQuery,SimpleDNSItem,leaf,implemented,"crates/application/src/codegen.rs:548; crates/config_codegen/src/{xray,singbox}/dns.rs",apps/desktop/lib/features/settings/settings_defaults.dart:231;crates/application/src/dns.rs:401;crates/config_codegen/src/xray/dns.rs:273,CP-SET-01;CP-SET-02;CP-SET-03;CP-SET-15,,false,current source trace; synthetic fault contracts for CP-SET-01/02/03; pure actual-Rust probe where cited,production consumer traced statically; no complete UI->Rust->persist->reopen->actual-effect acceptance in this audit,v2rayN/ServiceLib/Models/Configs/ConfigItems.cs::SimpleDNSItem.ParallelQuery,None; apps/desktop/lib/features/routing/dns_window.dart:751; apps/desktop/lib/features/routing/dns_controller.dart:94; ,"crates/application/src/codegen.rs:569; docs/evidence/repair/R4-13.S19/README.md (historical evidence, not fresh real-OS validation)"
FLD-CFG-174,SimpleDNSItem.Hosts,SimpleDNSItem,leaf,implemented,"crates/application/src/codegen.rs:548; crates/config_codegen/src/{xray,singbox}/dns.rs",apps/desktop/lib/features/routing/dns_window.dart:41;apps/desktop/lib/features/routing/dns_window.dart:42;apps/desktop/lib/features/routing/dns_window.dart:60;apps/desktop/lib/features/routing/dns_window.dart:133;apps/desktop/lib/features/routing/dns_window.dart:134;apps/desktop/lib/features/routing/dns_window.dart:146;apps/desktop/lib/features/routing/dns_window.dart:147;apps/desktop/lib/features/routing/dns_window.dart:209,CP-SET-01;CP-SET-02;CP-SET-03;CP-SET-15,,false,current source trace; synthetic fault contracts for CP-SET-01/02/03; pure actual-Rust probe where cited,production consumer traced statically; no complete UI->Rust->persist->reopen->actual-effect acceptance in this audit,v2rayN/ServiceLib/Models/Configs/ConfigItems.cs::SimpleDNSItem.Hosts,None; apps/desktop/lib/features/routing/dns_window.dart:751; apps/desktop/lib/features/routing/dns_controller.dart:94; ,"crates/application/src/codegen.rs:574; docs/evidence/repair/R4-13.S19/README.md (historical evidence, not fresh real-OS validation)"
FLD-CFG-175,SimpleDNSItem.DirectExpectedIPs,SimpleDNSItem,leaf,implemented,"crates/application/src/codegen.rs:548; crates/config_codegen/src/{xray,singbox}/dns.rs",apps/desktop/lib/features/routing/dns_window.dart:523;apps/desktop/lib/features/settings/settings_defaults.dart:233;crates/application/src/dns.rs:405,CP-SET-01;CP-SET-02;CP-SET-03;CP-SET-15,,false,current source trace; synthetic fault contracts for CP-SET-01/02/03; pure actual-Rust probe where cited,production consumer traced statically; no complete UI->Rust->persist->reopen->actual-effect acceptance in this audit,v2rayN/ServiceLib/Models/Configs/ConfigItems.cs::SimpleDNSItem.DirectExpectedIPs,None; apps/desktop/lib/features/routing/dns_window.dart:751; apps/desktop/lib/features/routing/dns_controller.dart:94; ,"; docs/evidence/repair/R4-13.S19/README.md (historical evidence, not fresh real-OS validation)"
FLD-CFG-176,SimpleDNSItem.EnableHappyEyeballs,SimpleDNSItem,leaf,identified,"crates/application/src/codegen.rs:548; crates/config_codegen/src/{xray,singbox}/dns.rs",apps/desktop/lib/features/settings/option_setting_window.dart:1057;apps/desktop/lib/features/settings/option_setting_window.dart:1058;apps/desktop/lib/features/settings/settings_defaults.dart:234;crates/application/src/dns.rs:407,CP-SET-01;CP-SET-02;CP-SET-03;CP-SET-15,CP-SET-05,false,current source trace; synthetic fault contracts for CP-SET-01/02/03; pure actual-Rust probe where cited,enable switch not consulted by happyEyeballs emission,v2rayN/ServiceLib/Models/Configs/ConfigItems.cs::SimpleDNSItem.EnableHappyEyeballs,None; apps/desktop/lib/features/routing/dns_window.dart:751; apps/desktop/lib/features/routing/dns_controller.dart:94; apps/desktop/lib/features/settings/option_setting_window.dart:1057; apps/desktop/lib/features/settings/option_setting_window.dart:1058,"crates/application/src/codegen.rs:578; docs/evidence/repair/R4-13.S19/README.md (historical evidence, not fresh real-OS validation); docs/evidence/tun-settings-audit-2026-10-05/engine-probe/locked-replay.log (fresh pure reproduction)"
FLD-CFG-177,HappyEyeballs4RayItem.TryDelayMs,HappyEyeballs4RayItem,leaf,identified,crates/application/src/codegen.rs:399; crates/config_codegen/src/xray/dns.rs:374; enable switch ignored,apps/desktop/lib/features/settings/option_setting_window.dart:1062;apps/desktop/lib/features/settings/option_setting_window.dart:1063;apps/desktop/lib/features/settings/settings_defaults.dart:237,CP-SET-01;CP-SET-02;CP-SET-03;CP-SET-15,CP-SET-05,false,current source trace; synthetic fault contracts for CP-SET-01/02/03; pure actual-Rust probe where cited,enable switch not consulted by happyEyeballs emission,v2rayN/ServiceLib/Models/Configs/ConfigItems.cs::HappyEyeballs4RayItem.TryDelayMs,None; apps/desktop/lib/features/settings/option_setting_window.dart:1062; apps/desktop/lib/features/settings/option_setting_window.dart:1063,"crates/application/src/codegen.rs:399; docs/evidence/repair/R4-13.S11/README.md (historical evidence, not fresh real-OS validation); docs/evidence/tun-settings-audit-2026-10-05/engine-probe/locked-replay.log (fresh pure reproduction)"
FLD-CFG-178,HappyEyeballs4RayItem.PrioritizeIPv6,HappyEyeballs4RayItem,leaf,identified,crates/application/src/codegen.rs:399; crates/config_codegen/src/xray/dns.rs:374; enable switch ignored,apps/desktop/lib/features/settings/option_setting_window.dart:1067;apps/desktop/lib/features/settings/option_setting_window.dart:1069;apps/desktop/lib/features/settings/settings_defaults.dart:238,CP-SET-01;CP-SET-02;CP-SET-03;CP-SET-15,CP-SET-05,false,current source trace; synthetic fault contracts for CP-SET-01/02/03; pure actual-Rust probe where cited,enable switch not consulted by happyEyeballs emission,v2rayN/ServiceLib/Models/Configs/ConfigItems.cs::HappyEyeballs4RayItem.PrioritizeIPv6,None; apps/desktop/lib/features/settings/option_setting_window.dart:1067; apps/desktop/lib/features/settings/option_setting_window.dart:1069,"; docs/evidence/repair/R4-13.S11/README.md (historical evidence, not fresh real-OS validation); docs/evidence/tun-settings-audit-2026-10-05/engine-probe/locked-replay.log (fresh pure reproduction)"
FLD-CFG-179,HappyEyeballs4RayItem.Interleave,HappyEyeballs4RayItem,leaf,identified,crates/application/src/codegen.rs:399; crates/config_codegen/src/xray/dns.rs:374; enable switch ignored,apps/desktop/lib/features/settings/option_setting_window.dart:1073;apps/desktop/lib/features/settings/option_setting_window.dart:1074;apps/desktop/lib/features/settings/settings_defaults.dart:239,CP-SET-01;CP-SET-02;CP-SET-03;CP-SET-15,CP-SET-05,false,current source trace; synthetic fault contracts for CP-SET-01/02/03; pure actual-Rust probe where cited,enable switch not consulted by happyEyeballs emission,v2rayN/ServiceLib/Models/Configs/ConfigItems.cs::HappyEyeballs4RayItem.Interleave,None; apps/desktop/lib/features/settings/option_setting_window.dart:1073; apps/desktop/lib/features/settings/option_setting_window.dart:1074,"crates/application/src/codegen.rs:401; docs/evidence/repair/R4-13.S11/README.md (historical evidence, not fresh real-OS validation); docs/evidence/tun-settings-audit-2026-10-05/engine-probe/locked-replay.log (fresh pure reproduction)"
FLD-CFG-180,HappyEyeballs4RayItem.MaxConcurrentTry,HappyEyeballs4RayItem,leaf,identified,crates/application/src/codegen.rs:399; crates/config_codegen/src/xray/dns.rs:374; enable switch ignored,apps/desktop/lib/features/settings/option_setting_window.dart:1078;apps/desktop/lib/features/settings/option_setting_window.dart:1080;apps/desktop/lib/features/settings/settings_defaults.dart:240,CP-SET-01;CP-SET-02;CP-SET-03;CP-SET-15,CP-SET-05,false,current source trace; synthetic fault contracts for CP-SET-01/02/03; pure actual-Rust probe where cited,enable switch not consulted by happyEyeballs emission,v2rayN/ServiceLib/Models/Configs/ConfigItems.cs::HappyEyeballs4RayItem.MaxConcurrentTry,None; apps/desktop/lib/features/settings/option_setting_window.dart:1078; apps/desktop/lib/features/settings/option_setting_window.dart:1080,"crates/application/src/codegen.rs:402; crates/application/src/codegen.rs:403; docs/evidence/repair/R4-13.S11/README.md (historical evidence, not fresh real-OS validation); docs/evidence/tun-settings-audit-2026-10-05/engine-probe/locked-replay.log (fresh pure reproduction)"
