id,group,path,ui_control,consumer,effect,effect_time,status,issue,evidence,actual_effect_verified,notes,upstream,row_kind
FLD-CFG-001,Config,IndexId,internal state,"crates/application/src/engine.rs:1612,1634,1679,1768;crates/bridge_api/src/api/settings.rs:1249,1276,1350",upstream keys retained; current selection uses active_index_id/UI store,save,preserved_only,AUD-ROOT-01;AUD-DESK-02;AUD-ROOT-03,root_contract_repro.log;desktop_repro.log;settings-engine-audit.md,no,"internal state, not an independent user toggle; upstream-key runtime alias not proven",v2rayN/ServiceLib/Models/Configs/Config.cs :: Config.IndexId,internal
FLD-CFG-002,Config,SubIndexId,internal state,"crates/application/src/engine.rs:1612,1634,1679,1768;crates/bridge_api/src/api/settings.rs:1249,1276,1350",upstream keys retained; current selection uses active_index_id/UI store,save,preserved_only,AUD-ROOT-01;AUD-DESK-02;AUD-ROOT-03,root_contract_repro.log;desktop_repro.log;settings-engine-audit.md,no,"internal state, not an independent user toggle; upstream-key runtime alias not proven",v2rayN/ServiceLib/Models/Configs/Config.cs :: Config.SubIndexId,internal
FLD-CFG-003,Config,CoreBasicItem,group container,"crates/application/src/engine.rs:1612,1634,1679,1768;crates/bridge_api/src/api/settings.rs:1249,1276,1350",settings tree persistence; child effects reviewed in leaf rows,save,implemented,AUD-ROOT-01;AUD-DESK-02;AUD-ROOT-03,root_contract_repro.log;desktop_repro.log;settings-engine-audit.md,no,container persistence is not proof that all child options work,v2rayN/ServiceLib/Models/Configs/Config.cs :: Config.CoreBasicItem,container
FLD-CFG-004,Config,TunModeItem,group container,"crates/application/src/engine.rs:1612,1634,1679,1768;crates/bridge_api/src/api/settings.rs:1249,1276,1350",settings tree persistence; child effects reviewed in leaf rows,save,implemented,AUD-ROOT-01;AUD-DESK-02;AUD-ROOT-03,root_contract_repro.log;desktop_repro.log;settings-engine-audit.md,no,container persistence is not proof that all child options work,v2rayN/ServiceLib/Models/Configs/Config.cs :: Config.TunModeItem,container
FLD-CFG-005,Config,KcpItem,group container,"crates/application/src/engine.rs:1612,1634,1679,1768;crates/bridge_api/src/api/settings.rs:1249,1276,1350",settings tree persistence; child effects reviewed in leaf rows,save,implemented,AUD-ROOT-01;AUD-DESK-02;AUD-ROOT-03,root_contract_repro.log;desktop_repro.log;settings-engine-audit.md,no,container persistence is not proof that all child options work,v2rayN/ServiceLib/Models/Configs/Config.cs :: Config.KcpItem,container
FLD-CFG-006,Config,GrpcItem,group container,"crates/application/src/engine.rs:1612,1634,1679,1768;crates/bridge_api/src/api/settings.rs:1249,1276,1350",settings tree persistence; child effects reviewed in leaf rows,save,implemented,AUD-ROOT-01;AUD-DESK-02;AUD-ROOT-03,root_contract_repro.log;desktop_repro.log;settings-engine-audit.md,no,container persistence is not proof that all child options work,v2rayN/ServiceLib/Models/Configs/Config.cs :: Config.GrpcItem,container
FLD-CFG-007,Config,RoutingBasicItem,group container,"crates/application/src/engine.rs:1612,1634,1679,1768;crates/bridge_api/src/api/settings.rs:1249,1276,1350",settings tree persistence; child effects reviewed in leaf rows,save,implemented,AUD-ROOT-01;AUD-DESK-02;AUD-ROOT-03,root_contract_repro.log;desktop_repro.log;settings-engine-audit.md,no,container persistence is not proof that all child options work,v2rayN/ServiceLib/Models/Configs/Config.cs :: Config.RoutingBasicItem,container
FLD-CFG-008,Config,GuiItem,group container,"crates/application/src/engine.rs:1612,1634,1679,1768;crates/bridge_api/src/api/settings.rs:1249,1276,1350",settings tree persistence; child effects reviewed in leaf rows,save,implemented,AUD-ROOT-01;AUD-DESK-02;AUD-ROOT-03,root_contract_repro.log;desktop_repro.log;settings-engine-audit.md,no,container persistence is not proof that all child options work,v2rayN/ServiceLib/Models/Configs/Config.cs :: Config.GuiItem,container
FLD-CFG-009,Config,MsgUIItem,group container,"crates/application/src/engine.rs:1612,1634,1679,1768;crates/bridge_api/src/api/settings.rs:1249,1276,1350",settings tree persistence; child effects reviewed in leaf rows,save,implemented,AUD-ROOT-01;AUD-DESK-02;AUD-ROOT-03,root_contract_repro.log;desktop_repro.log;settings-engine-audit.md,no,container persistence is not proof that all child options work,v2rayN/ServiceLib/Models/Configs/Config.cs :: Config.MsgUIItem,container
FLD-CFG-010,Config,UiItem,group container,"crates/application/src/engine.rs:1612,1634,1679,1768;crates/bridge_api/src/api/settings.rs:1249,1276,1350",settings tree persistence; child effects reviewed in leaf rows,save,implemented,AUD-ROOT-01;AUD-DESK-02;AUD-ROOT-03,root_contract_repro.log;desktop_repro.log;settings-engine-audit.md,no,container persistence is not proof that all child options work,v2rayN/ServiceLib/Models/Configs/Config.cs :: Config.UiItem,container
FLD-CFG-011,Config,ConstItem,group container,"crates/application/src/engine.rs:1612,1634,1679,1768;crates/bridge_api/src/api/settings.rs:1249,1276,1350",settings tree persistence; child effects reviewed in leaf rows,save,implemented,AUD-ROOT-01;AUD-DESK-02;AUD-ROOT-03,root_contract_repro.log;desktop_repro.log;settings-engine-audit.md,no,container persistence is not proof that all child options work,v2rayN/ServiceLib/Models/Configs/Config.cs :: Config.ConstItem,container
FLD-CFG-012,Config,SpeedTestItem,group container,"crates/application/src/engine.rs:1612,1634,1679,1768;crates/bridge_api/src/api/settings.rs:1249,1276,1350",settings tree persistence; child effects reviewed in leaf rows,save,implemented,AUD-ROOT-01;AUD-DESK-02;AUD-ROOT-03,root_contract_repro.log;desktop_repro.log;settings-engine-audit.md,no,container persistence is not proof that all child options work,v2rayN/ServiceLib/Models/Configs/Config.cs :: Config.SpeedTestItem,container
FLD-CFG-013,Config,Mux4RayItem,group container,"crates/application/src/engine.rs:1612,1634,1679,1768;crates/bridge_api/src/api/settings.rs:1249,1276,1350",settings tree persistence; child effects reviewed in leaf rows,save,implemented,AUD-ROOT-01;AUD-DESK-02;AUD-ROOT-03,root_contract_repro.log;desktop_repro.log;settings-engine-audit.md,no,container persistence is not proof that all child options work,v2rayN/ServiceLib/Models/Configs/Config.cs :: Config.Mux4RayItem,container
FLD-CFG-014,Config,Mux4SboxItem,group container,"crates/application/src/engine.rs:1612,1634,1679,1768;crates/bridge_api/src/api/settings.rs:1249,1276,1350",settings tree persistence; child effects reviewed in leaf rows,save,implemented,AUD-ROOT-01;AUD-DESK-02;AUD-ROOT-03,root_contract_repro.log;desktop_repro.log;settings-engine-audit.md,no,container persistence is not proof that all child options work,v2rayN/ServiceLib/Models/Configs/Config.cs :: Config.Mux4SboxItem,container
FLD-CFG-015,Config,HysteriaItem,group container,"crates/application/src/engine.rs:1612,1634,1679,1768;crates/bridge_api/src/api/settings.rs:1249,1276,1350",settings tree persistence; child effects reviewed in leaf rows,save,implemented,AUD-ROOT-01;AUD-DESK-02;AUD-ROOT-03,root_contract_repro.log;desktop_repro.log;settings-engine-audit.md,no,container persistence is not proof that all child options work,v2rayN/ServiceLib/Models/Configs/Config.cs :: Config.HysteriaItem,container
FLD-CFG-016,Config,ClashUIItem,group container,"crates/application/src/engine.rs:1612,1634,1679,1768;crates/bridge_api/src/api/settings.rs:1249,1276,1350",settings tree persistence; child effects reviewed in leaf rows,save,implemented,AUD-ROOT-01;AUD-DESK-02;AUD-ROOT-03,root_contract_repro.log;desktop_repro.log;settings-engine-audit.md,no,container persistence is not proof that all child options work,v2rayN/ServiceLib/Models/Configs/Config.cs :: Config.ClashUIItem,container
FLD-CFG-017,Config,SystemProxyItem,group container,"crates/application/src/engine.rs:1612,1634,1679,1768;crates/bridge_api/src/api/settings.rs:1249,1276,1350",settings tree persistence; child effects reviewed in leaf rows,save,implemented,AUD-ROOT-01;AUD-DESK-02;AUD-ROOT-03,root_contract_repro.log;desktop_repro.log;settings-engine-audit.md,no,container persistence is not proof that all child options work,v2rayN/ServiceLib/Models/Configs/Config.cs :: Config.SystemProxyItem,container
FLD-CFG-018,Config,WebDavItem,group container,"crates/application/src/engine.rs:1612,1634,1679,1768;crates/bridge_api/src/api/settings.rs:1249,1276,1350",settings tree persistence; child effects reviewed in leaf rows,save,implemented,AUD-ROOT-01;AUD-DESK-02;AUD-ROOT-03,root_contract_repro.log;desktop_repro.log;settings-engine-audit.md,no,container persistence is not proof that all child options work,v2rayN/ServiceLib/Models/Configs/Config.cs :: Config.WebDavItem,container
FLD-CFG-019,Config,CheckUpdateItem,group container,"crates/application/src/engine.rs:1612,1634,1679,1768;crates/bridge_api/src/api/settings.rs:1249,1276,1350",settings tree persistence; child effects reviewed in leaf rows,save,implemented,AUD-ROOT-01;AUD-DESK-02;AUD-ROOT-03,root_contract_repro.log;desktop_repro.log;settings-engine-audit.md,no,container persistence is not proof that all child options work,v2rayN/ServiceLib/Models/Configs/Config.cs :: Config.CheckUpdateItem,container
FLD-CFG-020,Config,Fragment4RayItem,group container,"crates/application/src/engine.rs:1612,1634,1679,1768;crates/bridge_api/src/api/settings.rs:1249,1276,1350",settings tree persistence; child effects reviewed in leaf rows,save,implemented,AUD-ROOT-01;AUD-DESK-02;AUD-ROOT-03,root_contract_repro.log;desktop_repro.log;settings-engine-audit.md,no,container persistence is not proof that all child options work,v2rayN/ServiceLib/Models/Configs/Config.cs :: Config.Fragment4RayItem,container
FLD-CFG-021,Config,Inbound,group container,"crates/application/src/engine.rs:1612,1634,1679,1768;crates/bridge_api/src/api/settings.rs:1249,1276,1350",settings tree persistence; child effects reviewed in leaf rows,save,implemented,AUD-ROOT-01;AUD-DESK-02;AUD-ROOT-03,root_contract_repro.log;desktop_repro.log;settings-engine-audit.md,no,container persistence is not proof that all child options work,v2rayN/ServiceLib/Models/Configs/Config.cs :: Config.Inbound,container
FLD-CFG-022,Config,GlobalHotkeys,group container,"crates/application/src/engine.rs:1612,1634,1679,1768;crates/bridge_api/src/api/settings.rs:1249,1276,1350",settings tree persistence; child effects reviewed in leaf rows,save,implemented,AUD-ROOT-01;AUD-DESK-02;AUD-ROOT-03,root_contract_repro.log;desktop_repro.log;settings-engine-audit.md,no,container persistence is not proof that all child options work,v2rayN/ServiceLib/Models/Configs/Config.cs :: Config.GlobalHotkeys,container
FLD-CFG-023,Config,CoreTypeItem,group container,"crates/application/src/engine.rs:1612,1634,1679,1768;crates/bridge_api/src/api/settings.rs:1249,1276,1350",settings tree persistence; child effects reviewed in leaf rows,save,implemented,AUD-ROOT-01;AUD-DESK-02;AUD-ROOT-03,root_contract_repro.log;desktop_repro.log;settings-engine-audit.md,no,container persistence is not proof that all child options work,v2rayN/ServiceLib/Models/Configs/Config.cs :: Config.CoreTypeItem,container
FLD-CFG-024,Config,SimpleDNSItem,group container,"crates/application/src/engine.rs:1612,1634,1679,1768;crates/bridge_api/src/api/settings.rs:1249,1276,1350",settings tree persistence; child effects reviewed in leaf rows,save,implemented,AUD-ROOT-01;AUD-DESK-02;AUD-ROOT-03,root_contract_repro.log;desktop_repro.log;settings-engine-audit.md,no,container persistence is not proof that all child options work,v2rayN/ServiceLib/Models/Configs/Config.cs :: Config.SimpleDNSItem,container
FLD-CFG-025,Config,HappyEyeballs4RayItem,group container,"crates/application/src/engine.rs:1612,1634,1679,1768;crates/bridge_api/src/api/settings.rs:1249,1276,1350",settings tree persistence; child effects reviewed in leaf rows,save,implemented,AUD-ROOT-01;AUD-DESK-02;AUD-ROOT-03,root_contract_repro.log;desktop_repro.log;settings-engine-audit.md,no,container persistence is not proof that all child options work,v2rayN/ServiceLib/Models/Configs/Config.cs :: Config.HappyEyeballs4RayItem,container
FLD-CFG-026,CoreBasicItem,CoreBasicItem.LogEnabled,ToggleButton; apps/desktop/lib/features/settings/option_setting_window.dart:609; apps/desktop/lib/features/settings/option_setting_window.dart:610,"crates/config_codegen/src/xray/log.rs:7; xray/outbound.rs:669; xray/config.rs:99,313,363; crates/config_codegen/src/singbox/log.rs:8; singbox/outbound.rs:870,880,944; singbox/config.rs:101,118; singbox/stat.rs:16","{""xray"": [""log 段开关（V2rayLogService 依据 LogEnabled 决定是否写日志）""], ""sing-box"": [""log（SingboxLogService 依据 LogEnabled）""]}",restart_core,implemented,,"crates/application/src/codegen.rs:367; docs/evidence/repair/R4-13.S05/README.md (historical evidence, not fresh real-OS validation)",false,static consumer mapped; end-to-end effect not independently verified in this audit,v2rayN/ServiceLib/Models/Configs/ConfigItems.cs::CoreBasicItem.LogEnabled,leaf
FLD-CFG-027,CoreBasicItem,CoreBasicItem.Loglevel,ComboBox; apps/desktop/lib/features/settings/option_setting_window.dart:614; apps/desktop/lib/features/settings/option_setting_window.dart:622,"crates/config_codegen/src/xray/log.rs:7; xray/outbound.rs:669; xray/config.rs:99,313,363; crates/config_codegen/src/singbox/log.rs:8; singbox/outbound.rs:870,880,944; singbox/config.rs:101,118; singbox/stat.rs:16","{""xray"": [""log.loglevel""], ""sing-box"": [""log.level""], ""clash"": [""log-level""]}",restart_core,implemented,,"crates/application/src/codegen.rs:366; docs/evidence/repair/R4-13.S05/README.md (historical evidence, not fresh real-OS validation)",false,static consumer mapped; end-to-end effect not independently verified in this audit,v2rayN/ServiceLib/Models/Configs/ConfigItems.cs::CoreBasicItem.Loglevel,leaf
FLD-CFG-028,CoreBasicItem,CoreBasicItem.DefFingerprint,ComboBox(IsEditable); apps/desktop/lib/features/settings/option_setting_window.dart:626; apps/desktop/lib/features/settings/option_setting_window.dart:627,"crates/config_codegen/src/xray/log.rs:7; xray/outbound.rs:669; xray/config.rs:99,313,363; crates/config_codegen/src/singbox/log.rs:8; singbox/outbound.rs:870,880,944; singbox/config.rs:101,118; singbox/stat.rs:16","{""xray"": [""outbound streamSettings tlsSettings.fingerprint""], ""sing-box"": [""outbound tls.utls.fingerprint""]}",restart_core,implemented,,"crates/application/src/codegen.rs:368; docs/evidence/repair/R4-13.S05/README.md (historical evidence, not fresh real-OS validation)",false,static consumer mapped; end-to-end effect not independently verified in this audit,v2rayN/ServiceLib/Models/Configs/ConfigItems.cs::CoreBasicItem.DefFingerprint,leaf
FLD-CFG-029,CoreBasicItem,CoreBasicItem.DefUserAgent,ComboBox(IsEditable); apps/desktop/lib/features/settings/option_setting_window.dart:631; apps/desktop/lib/features/settings/option_setting_window.dart:632,"crates/config_codegen/src/xray/log.rs:7; xray/outbound.rs:669; xray/config.rs:99,313,363; crates/config_codegen/src/singbox/log.rs:8; singbox/outbound.rs:870,880,944; singbox/config.rs:101,118; singbox/stat.rs:16","{""xray"": [""outbound streamSettings 默认 user-agent""], ""sing-box"": [""outbound transport 默认 user-agent""]}",restart_core,implemented,,"crates/application/src/codegen.rs:369; docs/evidence/repair/R4-13.S05/README.md (historical evidence, not fresh real-OS validation)",false,static consumer mapped; end-to-end effect not independently verified in this audit,v2rayN/ServiceLib/Models/Configs/ConfigItems.cs::CoreBasicItem.DefUserAgent,leaf
FLD-CFG-030,CoreBasicItem,CoreBasicItem.SendThrough,TextBox; apps/desktop/lib/features/settings/option_setting_window.dart:648; apps/desktop/lib/features/settings/option_setting_window.dart:649,"crates/config_codegen/src/xray/log.rs:7; xray/outbound.rs:669; xray/config.rs:99,313,363; crates/config_codegen/src/singbox/log.rs:8; singbox/outbound.rs:870,880,944; singbox/config.rs:101,118; singbox/stat.rs:16","{""xray"": [""outbound sendThrough""], ""sing-box"": [""outbound inet4_bind_address/inet6_bind_address""]}",restart_core,implemented,,"crates/application/src/codegen.rs:370; docs/evidence/repair/R4-13.S05/README.md (historical evidence, not fresh real-OS validation)",false,static consumer mapped; end-to-end effect not independently verified in this audit,v2rayN/ServiceLib/Models/Configs/ConfigItems.cs::CoreBasicItem.SendThrough,leaf
FLD-CFG-031,CoreBasicItem,CoreBasicItem.BindInterface,TextBox; apps/desktop/lib/features/settings/option_setting_window.dart:653; apps/desktop/lib/features/settings/option_setting_window.dart:654,"crates/config_codegen/src/xray/log.rs:7; xray/outbound.rs:669; xray/config.rs:99,313,363; crates/config_codegen/src/singbox/log.rs:8; singbox/outbound.rs:870,880,944; singbox/config.rs:101,118; singbox/stat.rs:16","{""xray"": [""outbound streamSettings.sockopt.interface / tun autoOutboundsInterface""], ""sing-box"": [""outbound bind_interface""]}",restart_core,implemented,,"crates/application/src/codegen.rs:371; docs/evidence/repair/R4-13.S05/README.md (historical evidence, not fresh real-OS validation)",false,static consumer mapped; end-to-end effect not independently verified in this audit,v2rayN/ServiceLib/Models/Configs/ConfigItems.cs::CoreBasicItem.BindInterface,leaf
FLD-CFG-032,CoreBasicItem,CoreBasicItem.EnableFragment,ToggleButton; apps/desktop/lib/features/settings/option_setting_window.dart:723; apps/desktop/lib/features/settings/option_setting_window.dart:724,"crates/config_codegen/src/xray/log.rs:7; xray/outbound.rs:669; xray/config.rs:99,313,363; crates/config_codegen/src/singbox/log.rs:8; singbox/outbound.rs:870,880,944; singbox/config.rs:101,118; singbox/stat.rs:16","{""xray"": [""outbound 分片（ApplyOutboundFragment）""], ""sing-box"": [""outbound tls fragment""]}",restart_core,implemented,,"crates/application/src/codegen.rs:372; docs/evidence/repair/R4-13.S05/README.md (historical evidence, not fresh real-OS validation)",false,static consumer mapped; end-to-end effect not independently verified in this audit,v2rayN/ServiceLib/Models/Configs/ConfigItems.cs::CoreBasicItem.EnableFragment,leaf
FLD-CFG-033,CoreBasicItem,CoreBasicItem.EnableFinalFragment,ToggleButton; apps/desktop/lib/features/settings/option_setting_window.dart:766; apps/desktop/lib/features/settings/option_setting_window.dart:767,"crates/config_codegen/src/xray/log.rs:7; xray/outbound.rs:669; xray/config.rs:99,313,363; crates/config_codegen/src/singbox/log.rs:8; singbox/outbound.rs:870,880,944; singbox/config.rs:101,118; singbox/stat.rs:16","{""xray"": [""routing final 分片（ApplyFinalFragment）""], ""sing-box"": [""route final 分片""]}",restart_core,implemented,,"crates/application/src/codegen.rs:373; docs/evidence/repair/R4-13.S05/README.md (historical evidence, not fresh real-OS validation)",false,static consumer mapped; end-to-end effect not independently verified in this audit,v2rayN/ServiceLib/Models/Configs/ConfigItems.cs::CoreBasicItem.EnableFinalFragment,leaf
FLD-CFG-034,CoreBasicItem,CoreBasicItem.EnableCacheFile4Sbox,ToggleButton; apps/desktop/lib/features/settings/option_setting_window.dart:693; apps/desktop/lib/features/settings/option_setting_window.dart:694,"crates/config_codegen/src/xray/log.rs:7; xray/outbound.rs:669; xray/config.rs:99,313,363; crates/config_codegen/src/singbox/log.rs:8; singbox/outbound.rs:870,880,944; singbox/config.rs:101,118; singbox/stat.rs:16","{""xray"": [], ""sing-box"": [""experimental.cache_file.enabled""]}",restart_core,implemented,,"crates/application/src/codegen.rs:374; docs/evidence/repair/R4-13.S05/README.md (historical evidence, not fresh real-OS validation)",false,static consumer mapped; end-to-end effect not independently verified in this audit,v2rayN/ServiceLib/Models/Configs/ConfigItems.cs::CoreBasicItem.EnableCacheFile4Sbox,leaf
FLD-CFG-035,Inbound,InItem.LocalPort,TextBox; apps/desktop/lib/features/settings/option_setting_window.dart:494; apps/desktop/lib/features/settings/option_setting_window.dart:495,crates/application/src/engine.rs:2744 runtime_codegen_options; crates/config_codegen/src/xray/inbound.rs:14; crates/config_codegen/src/singbox/inbound.rs:13; singbox/routing.rs:125,"{""xray"": [""inbounds-any.port = LocalPort + protocol 偏移""], ""sing-box"": [""inbounds-0.listen_port = LocalPort + 偏移""], ""clash"": [""mixed-port""]}",restart_core,implemented,,"crates/application/src/codegen.rs:406; docs/evidence/repair/R4-13.S13/README.md (historical evidence, not fresh real-OS validation)",false,static consumer mapped; end-to-end effect not independently verified in this audit,v2rayN/ServiceLib/Models/Configs/ConfigItems.cs::InItem.LocalPort,leaf
FLD-CFG-036,Inbound,InItem.Protocol,None; apps/desktop/lib/features/settings/option_setting_window.dart:682; apps/desktop/lib/features/settings/option_setting_window.dart:689,crates/application/src/engine.rs:2744 runtime_codegen_options; crates/config_codegen/src/xray/inbound.rs:14; crates/config_codegen/src/singbox/inbound.rs:13; singbox/routing.rs:125,"{""xray"": [""inbounds-any.protocol 固定 mixed""], ""sing-box"": [""inbounds-any.type 固定 mixed""]}",restart_core,implemented,,"crates/application/src/codegen.rs:383; crates/application/src/codegen.rs:419; docs/evidence/repair/R4-13.S13/README.md (historical evidence, not fresh real-OS validation)",false,internal SOCKS/SOCKS2/SOCKS3 identities map to mixed listener; no user-visible protocol selector upstream,v2rayN/ServiceLib/Models/Configs/ConfigItems.cs::InItem.Protocol,leaf
FLD-CFG-037,Inbound,InItem.UdpEnabled,ToggleButton; apps/desktop/lib/features/settings/option_setting_window.dart:514; apps/desktop/lib/features/settings/option_setting_window.dart:515,crates/application/src/engine.rs:2744 runtime_codegen_options; crates/config_codegen/src/xray/inbound.rs:14; crates/config_codegen/src/singbox/inbound.rs:13; singbox/routing.rs:125,"{""xray"": [""inbounds-any.settings.udp""], ""sing-box"": [""inbounds-any.udp""]}",restart_core,implemented,,"crates/application/src/codegen.rs:415; docs/evidence/repair/R4-13.S13/README.md (historical evidence, not fresh real-OS validation)",false,static consumer mapped; end-to-end effect not independently verified in this audit; Xray consumes directly; sing-box parity uses sniff routing action and does not consume all Xray-only inbound options,v2rayN/ServiceLib/Models/Configs/ConfigItems.cs::InItem.UdpEnabled,leaf
FLD-CFG-038,Inbound,InItem.SniffingEnabled,ToggleButton; apps/desktop/lib/features/settings/option_setting_window.dart:520; apps/desktop/lib/features/settings/option_setting_window.dart:521,crates/application/src/engine.rs:2744 runtime_codegen_options; crates/config_codegen/src/xray/inbound.rs:14; crates/config_codegen/src/singbox/inbound.rs:13; singbox/routing.rs:125,"{""xray"": [""inbounds-any.sniffing.enabled""], ""sing-box"": [""route 嗅探规则开关""]}",restart_core,implemented,,"crates/application/src/codegen.rs:416; docs/evidence/repair/R4-13.S13/README.md (historical evidence, not fresh real-OS validation)",false,static consumer mapped; end-to-end effect not independently verified in this audit,v2rayN/ServiceLib/Models/Configs/ConfigItems.cs::InItem.SniffingEnabled,leaf
FLD-CFG-039,Inbound,InItem.DestOverride,ListBox(多选); apps/desktop/lib/features/settings/option_setting_window.dart:549; apps/desktop/lib/features/settings/option_setting_window.dart:552; apps/desktop/lib/features/settings/option_setting_window.dart:558,crates/application/src/engine.rs:2744 runtime_codegen_options; crates/config_codegen/src/xray/inbound.rs:14; crates/config_codegen/src/singbox/inbound.rs:13; singbox/routing.rs:125,"{""xray"": [""inbounds-any.sniffing.destOverride""], ""sing-box"": []}",restart_core,implemented,,"crates/application/src/codegen.rs:417; docs/evidence/repair/R4-13.S13/README.md (historical evidence, not fresh real-OS validation)",false,static consumer mapped; end-to-end effect not independently verified in this audit; Xray consumes directly; sing-box parity uses sniff routing action and does not consume all Xray-only inbound options,v2rayN/ServiceLib/Models/Configs/ConfigItems.cs::InItem.DestOverride,leaf
FLD-CFG-040,Inbound,InItem.RouteOnly,ToggleButton; apps/desktop/lib/features/settings/option_setting_window.dart:570; apps/desktop/lib/features/settings/option_setting_window.dart:571,crates/application/src/engine.rs:2744 runtime_codegen_options; crates/config_codegen/src/xray/inbound.rs:14; crates/config_codegen/src/singbox/inbound.rs:13; singbox/routing.rs:125,"{""xray"": [""inbounds-any.sniffing.routeOnly""], ""sing-box"": []}",restart_core,implemented,,"crates/application/src/codegen.rs:418; docs/evidence/repair/R4-13.S13/README.md (historical evidence, not fresh real-OS validation)",false,static consumer mapped; end-to-end effect not independently verified in this audit; Xray consumes directly; sing-box parity uses sniff routing action and does not consume all Xray-only inbound options,v2rayN/ServiceLib/Models/Configs/ConfigItems.cs::InItem.RouteOnly,leaf
FLD-CFG-041,Inbound,InItem.AllowLANConn,ToggleButton; apps/desktop/lib/features/settings/option_setting_window.dart:576; apps/desktop/lib/features/settings/option_setting_window.dart:577,crates/application/src/engine.rs:2744 runtime_codegen_options; crates/config_codegen/src/xray/inbound.rs:14; crates/config_codegen/src/singbox/inbound.rs:13; singbox/routing.rs:125,"{""xray"": [""inbounds-any.listen=0.0.0.0""], ""sing-box"": [""inbounds-any.listen=0.0.0.0""], ""clash"": [""allow-lan/bind-address""]}",restart_core,implemented,,"crates/application/src/codegen.rs:411; docs/evidence/repair/R4-13.S13/README.md (historical evidence, not fresh real-OS validation)",false,static consumer mapped; end-to-end effect not independently verified in this audit,v2rayN/ServiceLib/Models/Configs/ConfigItems.cs::InItem.AllowLANConn,leaf
FLD-CFG-042,Inbound,InItem.NewPort4LAN,ToggleButton; apps/desktop/lib/features/settings/option_setting_window.dart:583; apps/desktop/lib/features/settings/option_setting_window.dart:584; apps/desktop/lib/features/settings/option_setting_window.dart:593,crates/application/src/engine.rs:2744 runtime_codegen_options; crates/config_codegen/src/xray/inbound.rs:14; crates/config_codegen/src/singbox/inbound.rs:13; singbox/routing.rs:125,"{""xray"": [""额外 socks3 入站""], ""sing-box"": [""额外 socks3 入站""]}",restart_core,implemented,,"crates/application/src/codegen.rs:412; docs/evidence/repair/R4-13.S13/README.md (historical evidence, not fresh real-OS validation)",false,static consumer mapped; end-to-end effect not independently verified in this audit,v2rayN/ServiceLib/Models/Configs/ConfigItems.cs::InItem.NewPort4LAN,leaf
FLD-CFG-043,Inbound,InItem.User,TextBox; apps/desktop/lib/features/settings/option_setting_window.dart:592; apps/desktop/lib/features/settings/option_setting_window.dart:594,crates/application/src/engine.rs:2744 runtime_codegen_options; crates/config_codegen/src/xray/inbound.rs:14; crates/config_codegen/src/singbox/inbound.rs:13; singbox/routing.rs:125,"{""xray"": [""inbounds-any.settings.accounts-any.user""], ""sing-box"": [""inbounds-any.users-any.username""]}",restart_core,implemented,,"crates/application/src/codegen.rs:413; docs/evidence/repair/R4-13.S13/README.md (historical evidence, not fresh real-OS validation)",false,static consumer mapped; end-to-end effect not independently verified in this audit,v2rayN/ServiceLib/Models/Configs/ConfigItems.cs::InItem.User,leaf
FLD-CFG-044,Inbound,InItem.Pass,TextBox; apps/desktop/lib/features/settings/option_setting_window.dart:598; apps/desktop/lib/features/settings/option_setting_window.dart:600,crates/application/src/engine.rs:2744 runtime_codegen_options; crates/config_codegen/src/xray/inbound.rs:14; crates/config_codegen/src/singbox/inbound.rs:13; singbox/routing.rs:125,"{""xray"": [""inbounds-any.settings.accounts-any.pass""], ""sing-box"": [""inbounds-any.users-any.password""]}",restart_core,implemented,,"crates/application/src/codegen.rs:414; docs/evidence/repair/R4-13.S13/README.md (historical evidence, not fresh real-OS validation)",false,static consumer mapped; end-to-end effect not independently verified in this audit,v2rayN/ServiceLib/Models/Configs/ConfigItems.cs::InItem.Pass,leaf
FLD-CFG-045,Inbound,InItem.SecondLocalPortEnabled,ToggleButton; apps/desktop/lib/features/settings/option_setting_window.dart:508; apps/desktop/lib/features/settings/option_setting_window.dart:509,crates/application/src/engine.rs:2744 runtime_codegen_options; crates/config_codegen/src/xray/inbound.rs:14; crates/config_codegen/src/singbox/inbound.rs:13; singbox/routing.rs:125,"{""xray"": [""额外 socks2 入站""], ""sing-box"": [""额外 socks2 入站""]}",restart_core,implemented,,"crates/application/src/codegen.rs:410; docs/evidence/repair/R4-13.S13/README.md (historical evidence, not fresh real-OS validation)",false,static consumer mapped; end-to-end effect not independently verified in this audit,v2rayN/ServiceLib/Models/Configs/ConfigItems.cs::InItem.SecondLocalPortEnabled,leaf
FLD-CFG-046,KcpItem,KcpItem.Mtu,None; apps/desktop/lib/features/settings/option_setting_window.dart:776; apps/desktop/lib/features/settings/option_setting_window.dart:777; apps/desktop/lib/features/settings/option_setting_window.dart:1211,crates/config_codegen/src/xray/outbound.rs:760 (network=kcp branch),"{""xray"": [""outbound streamSettings.kcpSettings.mtu""], ""sing-box"": []}",restart_core,implemented,,"crates/application/src/codegen.rs:386; crates/application/src/codegen.rs:427; docs/evidence/repair/R4-13.S14/README.md (historical evidence, not fresh real-OS validation)",false,"static consumer mapped; end-to-end effect not independently verified in this audit; Xray-specific, and matching transport/mux/domain strategy must be active",v2rayN/ServiceLib/Models/Configs/ConfigItems.cs::KcpItem.Mtu,leaf
FLD-CFG-047,KcpItem,KcpItem.Tti,None; apps/desktop/lib/features/settings/option_setting_window.dart:781; apps/desktop/lib/features/settings/option_setting_window.dart:782,crates/config_codegen/src/xray/outbound.rs:760 (network=kcp branch),"{""xray"": [""outbound streamSettings.kcpSettings.tti""], ""sing-box"": []}",restart_core,implemented,,"crates/application/src/codegen.rs:387; docs/evidence/repair/R4-13.S14/README.md (historical evidence, not fresh real-OS validation)",false,"static consumer mapped; end-to-end effect not independently verified in this audit; Xray-specific, and matching transport/mux/domain strategy must be active",v2rayN/ServiceLib/Models/Configs/ConfigItems.cs::KcpItem.Tti,leaf
FLD-CFG-048,KcpItem,KcpItem.UplinkCapacity,None; apps/desktop/lib/features/settings/option_setting_window.dart:786; apps/desktop/lib/features/settings/option_setting_window.dart:787,crates/config_codegen/src/xray/outbound.rs:760 (network=kcp branch),"{""xray"": [""outbound streamSettings.kcpSettings.uplinkCapacity""], ""sing-box"": []}",restart_core,implemented,,"crates/application/src/codegen.rs:388; docs/evidence/repair/R4-13.S14/README.md (historical evidence, not fresh real-OS validation)",false,"static consumer mapped; end-to-end effect not independently verified in this audit; Xray-specific, and matching transport/mux/domain strategy must be active",v2rayN/ServiceLib/Models/Configs/ConfigItems.cs::KcpItem.UplinkCapacity,leaf
FLD-CFG-049,KcpItem,KcpItem.DownlinkCapacity,None; apps/desktop/lib/features/settings/option_setting_window.dart:791; apps/desktop/lib/features/settings/option_setting_window.dart:792,crates/config_codegen/src/xray/outbound.rs:760 (network=kcp branch),"{""xray"": [""outbound streamSettings.kcpSettings.downlinkCapacity""], ""sing-box"": []}",restart_core,implemented,,"crates/application/src/codegen.rs:389; docs/evidence/repair/R4-13.S14/README.md (historical evidence, not fresh real-OS validation)",false,"static consumer mapped; end-to-end effect not independently verified in this audit; Xray-specific, and matching transport/mux/domain strategy must be active",v2rayN/ServiceLib/Models/Configs/ConfigItems.cs::KcpItem.DownlinkCapacity,leaf
FLD-CFG-050,KcpItem,KcpItem.CwndMultiplier,None; apps/desktop/lib/features/settings/option_setting_window.dart:796; apps/desktop/lib/features/settings/option_setting_window.dart:797,crates/config_codegen/src/xray/outbound.rs:760 (network=kcp branch),"{""xray"": [""outbound streamSettings.kcpSettings.cwndMultiplier""], ""sing-box"": []}",restart_core,implemented,,"crates/application/src/codegen.rs:390; docs/evidence/repair/R4-13.S14/README.md (historical evidence, not fresh real-OS validation)",false,"static consumer mapped; end-to-end effect not independently verified in this audit; Xray-specific, and matching transport/mux/domain strategy must be active",v2rayN/ServiceLib/Models/Configs/ConfigItems.cs::KcpItem.CwndMultiplier,leaf
FLD-CFG-051,KcpItem,KcpItem.MaxSendingWindow,None; apps/desktop/lib/features/settings/option_setting_window.dart:801; apps/desktop/lib/features/settings/option_setting_window.dart:802,crates/config_codegen/src/xray/outbound.rs:760 (network=kcp branch),"{""xray"": [""outbound streamSettings.kcpSettings.maxSendingWindow""], ""sing-box"": []}",restart_core,implemented,,"crates/application/src/codegen.rs:391; docs/evidence/repair/R4-13.S14/README.md (historical evidence, not fresh real-OS validation)",false,"static consumer mapped; end-to-end effect not independently verified in this audit; Xray-specific, and matching transport/mux/domain strategy must be active",v2rayN/ServiceLib/Models/Configs/ConfigItems.cs::KcpItem.MaxSendingWindow,leaf
FLD-CFG-052,GrpcItem,GrpcItem.IdleTimeout,None; no original dedicated OptionSettingWindow control; typed setting preserved/editable through config or relevant window,crates/config_codegen/src/xray/outbound.rs:824 (network=grpc branch),"{""xray"": [""outbound streamSettings.grpcSettings.idle_timeout""], ""sing-box"": [""outbound transport.idle_timeout""]}",restart_core,implemented,,"crates/application/src/codegen.rs:392; docs/evidence/repair/R4-13.S09/README.md (historical evidence, not fresh real-OS validation)",false,"static consumer mapped; end-to-end effect not independently verified in this audit; Xray-specific, and matching transport/mux/domain strategy must be active",v2rayN/ServiceLib/Models/Configs/ConfigItems.cs::GrpcItem.IdleTimeout,leaf
FLD-CFG-053,GrpcItem,GrpcItem.HealthCheckTimeout,None; no original dedicated OptionSettingWindow control; typed setting preserved/editable through config or relevant window,crates/config_codegen/src/xray/outbound.rs:824 (network=grpc branch),"{""xray"": [""outbound streamSettings.grpcSettings.health_check_timeout""], ""sing-box"": [""outbound transport.ping_timeout""]}",restart_core,implemented,,"crates/application/src/codegen.rs:393; docs/evidence/repair/R4-13.S09/README.md (historical evidence, not fresh real-OS validation)",false,"static consumer mapped; end-to-end effect not independently verified in this audit; Xray-specific, and matching transport/mux/domain strategy must be active",v2rayN/ServiceLib/Models/Configs/ConfigItems.cs::GrpcItem.HealthCheckTimeout,leaf
FLD-CFG-054,GrpcItem,GrpcItem.PermitWithoutStream,None; no original dedicated OptionSettingWindow control; typed setting preserved/editable through config or relevant window,crates/config_codegen/src/xray/outbound.rs:824 (network=grpc branch),"{""xray"": [""outbound streamSettings.grpcSettings.permit_without_stream""], ""sing-box"": [""outbound transport.permit_without_stream""]}",restart_core,implemented,,"crates/application/src/codegen.rs:394; docs/evidence/repair/R4-13.S09/README.md (historical evidence, not fresh real-OS validation)",false,"static consumer mapped; end-to-end effect not independently verified in this audit; Xray-specific, and matching transport/mux/domain strategy must be active",v2rayN/ServiceLib/Models/Configs/ConfigItems.cs::GrpcItem.PermitWithoutStream,leaf
FLD-CFG-055,GrpcItem,GrpcItem.InitialWindowsSize,None; no original dedicated OptionSettingWindow control; typed setting preserved/editable through config or relevant window,crates/config_codegen/src/xray/outbound.rs:824 (network=grpc branch),"{""xray"": [""outbound streamSettings.grpcSettings.initial_windows_size""], ""sing-box"": []}",restart_core,implemented,,"crates/application/src/codegen.rs:395; docs/evidence/repair/R4-13.S09/README.md (historical evidence, not fresh real-OS validation)",false,"static consumer mapped; end-to-end effect not independently verified in this audit; Xray-specific, and matching transport/mux/domain strategy must be active",v2rayN/ServiceLib/Models/Configs/ConfigItems.cs::GrpcItem.InitialWindowsSize,leaf
FLD-CFG-056,GUIItem,GuiItem.AutoRun,ToggleButton,settings_controller.dart:204-261,Windows Run-key desired-change write,immediate,identified,AUD-DESK-01,Current HEAD 672e666 static audit; desktop_repro.log only for AUD-DESK-01/02,no,"Fault reproduced: first write fails, unchanged retry skips OS write and reports success",v2rayN/ServiceLib/Models/Configs/ConfigItems.cs :: GUIItem.AutoRun,leaf
FLD-CFG-057,GUIItem,GuiItem.EnableStatistics,ToggleButton,crates/application/src/engine.rs:2037-2046;crates/application/src/codegen.rs:404,statistics collector/config; UiShell.showStatistics has no UI readers,restart_app,implemented,AUD-DESK-07,Current HEAD 672e666 static audit; desktop_repro.log only for AUD-DESK-01/02,no,Native statistics endpoint and visible statistic-column behavior not validated in this audit,v2rayN/ServiceLib/Models/Configs/ConfigItems.cs :: GUIItem.EnableStatistics,leaf
FLD-CFG-058,GUIItem,GuiItem.DisplayRealTimeSpeed,ToggleButton,crates/application/src/engine.rs:2037-2046;crates/application/src/codegen.rs:405,monitor pipeline/codegen,restart_app,implemented,,Current HEAD 672e666 static audit; desktop_repro.log only for AUD-DESK-01/02,no,"Current audit: static consumer confirmed, real effect unverified",v2rayN/ServiceLib/Models/Configs/ConfigItems.cs :: GUIItem.DisplayRealTimeSpeed,leaf
FLD-CFG-059,GUIItem,GuiItem.KeepOlderDedupl,ToggleButton,"apps/desktop/lib/features/profiles/profiles_controller.dart:64,1612;crates/application/src/subs.rs",dedup command/subscription transaction,save,implemented,,Current HEAD 672e666 static audit; desktop_repro.log only for AUD-DESK-01/02,no,Static consumer confirmed; no real dedup scenario run,v2rayN/ServiceLib/Models/Configs/ConfigItems.cs :: GUIItem.KeepOlderDedupl,leaf
FLD-CFG-060,GUIItem,GuiItem.AutoUpdateInterval,TextBox,"crates/application/src/engine.rs:265-271,3242",hourly ResourceScheduler/run_resource_pass,immediate,implemented,,Current HEAD 672e666 static audit; desktop_repro.log only for AUD-DESK-01/02,no,Static schedule/download consumer confirmed; wall-clock task not executed,v2rayN/ServiceLib/Models/Configs/ConfigItems.cs :: GUIItem.AutoUpdateInterval,leaf
FLD-CFG-061,GUIItem,GuiItem.TrayMenuServersLimit,TextBox,apps/desktop/lib/app/shell/desktop_integration.dart:461;apps/desktop/lib/app/shell/tray_menu_model.dart:199,tray server count,save,implemented,,Current HEAD 672e666 static audit; desktop_repro.log only for AUD-DESK-01/02,no,Native tray rendering not executed,v2rayN/ServiceLib/Models/Configs/ConfigItems.cs :: GUIItem.TrayMenuServersLimit,leaf
FLD-CFG-062,GUIItem,GuiItem.EnableHWA,ToggleButton,crates/domain/src/settings.rs:390-391,No Windows Flutter renderer consumer,restart_app,identified,AUD-DESK-04,Current HEAD 672e666 static audit; desktop_repro.log only for AUD-DESK-01/02,no,Only persistence/DTO/timing found; restart cannot implement absent launch setting,v2rayN/ServiceLib/Models/Configs/ConfigItems.cs :: GUIItem.EnableHWA,leaf
FLD-CFG-063,GUIItem,GuiItem.EnableLog,internal/preserved,crates/domain/src/settings.rs:392-393,No application logging switch consumer,restart_app,identified,AUD-DESK-04,Current HEAD 672e666 static audit; desktop_repro.log only for AUD-DESK-01/02,no,Distinct from CoreBasicItem.LogEnabled; frozen AppManager enables/disables app logging,v2rayN/ServiceLib/Models/Configs/ConfigItems.cs :: GUIItem.EnableLog,leaf
FLD-CFG-064,GUIItem,GuiItem.RootCertProvider,ComboBox,crates/platform/src/cert/mod.rs:84;crates/subscriptions/src/download.rs:119;crates/updater/src/fetch.rs:36,Provider mapping API only; HTTP client builders ignore field,immediate,identified,AUD-DESK-04,Current HEAD 672e666 static audit; desktop_repro.log only for AUD-DESK-01/02,no,"Chrome/Mozilla selection is not wired to TLS trust; upstream is app HTTPS trust, not OS cert installation",v2rayN/ServiceLib/Models/Configs/ConfigItems.cs :: GUIItem.RootCertProvider,leaf
FLD-CFG-065,MsgUIItem,MsgUIItem.MainMsgFilter,internal/preserved,crates/domain/src/settings.rs:422;apps/desktop/lib/features/monitor/monitor_controller.dart:605,No MsgUIItem load/save consumer,immediate,identified,AUD-DESK-04,Current HEAD 672e666 static audit; desktop_repro.log only for AUD-DESK-01/02,no,Monitor keyword exists but does not read/persist MsgUIItem,v2rayN/ServiceLib/Models/Configs/ConfigItems.cs :: MsgUIItem.MainMsgFilter,leaf
FLD-CFG-066,MsgUIItem,MsgUIItem.AutoRefresh,internal/preserved,crates/domain/src/settings.rs:424;apps/desktop/lib/features/monitor/monitor_controller.dart:609,No MsgUIItem load/save consumer,immediate,identified,AUD-DESK-04,Current HEAD 672e666 static audit; desktop_repro.log only for AUD-DESK-01/02,no,Local log auto-refresh toggle not persisted in MsgUIItem,v2rayN/ServiceLib/Models/Configs/ConfigItems.cs :: MsgUIItem.AutoRefresh,leaf
FLD-CFG-067,UIItem,UiItem.EnableAutoAdjustMainLvColWidth,ToggleButton,apps/desktop/lib/app/shell/ui_shell_controller.dart:243,Assigned to state.autoAdjustColWidth only; no readers,immediate,identified,AUD-DESK-07,Current HEAD 672e666 static audit; desktop_repro.log only for AUD-DESK-01/02,no,Actual table fit function runs independently of this flag,v2rayN/ServiceLib/Models/Configs/ConfigItems.cs :: UIItem.EnableAutoAdjustMainLvColWidth,leaf
FLD-CFG-068,UIItem,UiItem.MainGirdHeight1,internal/preserved,"apps/desktop/lib/app/shell/ui_shell_controller.dart:189-207,212-246",Shell uses ui_state layout.horizontal_split/vertical_split instead,immediate,identified,AUD-DESK-05,Current HEAD 672e666 static audit; desktop_repro.log only for AUD-DESK-01/02,no,Imported canonical splitter proportions ignored,v2rayN/ServiceLib/Models/Configs/ConfigItems.cs :: UIItem.MainGirdHeight1,leaf
FLD-CFG-069,UIItem,UiItem.MainGirdHeight2,internal/preserved,"apps/desktop/lib/app/shell/ui_shell_controller.dart:189-207,212-246",Shell uses ui_state layout.horizontal_split/vertical_split instead,immediate,identified,AUD-DESK-05,Current HEAD 672e666 static audit; desktop_repro.log only for AUD-DESK-01/02,no,Imported canonical splitter proportions ignored,v2rayN/ServiceLib/Models/Configs/ConfigItems.cs :: UIItem.MainGirdHeight2,leaf
FLD-CFG-070,UIItem,UiItem.MainGirdOrientation,ComboBox,apps/desktop/lib/app/shell/ui_shell_controller.dart:217-234,live shell layout,restart_app,implemented,,Current HEAD 672e666 static audit; desktop_repro.log only for AUD-DESK-01/02,no,Static consumer confirmed; main-menu layout uses separate ui_state store and canonical reconciliation requires validation,v2rayN/ServiceLib/Models/Configs/ConfigItems.cs :: UIItem.MainGirdOrientation,leaf
FLD-CFG-071,UIItem,UiItem.ColorPrimaryName,internal/preserved,apps/desktop/lib/app/shell/ui_shell_controller.dart:224-233;apps/desktop/lib/app/app.dart:37-50,main-app theme builder,immediate,implemented,AUD-DESK-08,Current HEAD 672e666 static audit; desktop_repro.log only for AUD-DESK-01/02,no,Independent option window uses default light theme,v2rayN/ServiceLib/Models/Configs/ConfigItems.cs :: UIItem.ColorPrimaryName,leaf
FLD-CFG-072,UIItem,UiItem.CurrentTheme,internal/preserved,"apps/desktop/lib/app/shell/ui_shell_controller.dart:191-203,231;apps/desktop/lib/app/app.dart:50",main-app light/dark/system,immediate,implemented,AUD-DESK-08,Current HEAD 672e666 static audit; desktop_repro.log only for AUD-DESK-01/02,no,Independent option window ignores theme; WPF only exposes three theme modes,v2rayN/ServiceLib/Models/Configs/ConfigItems.cs :: UIItem.CurrentTheme,leaf
FLD-CFG-073,UIItem,UiItem.CurrentLanguage,internal/preserved,apps/desktop/lib/app/app.dart:31-57;apps/desktop/lib/shared/l10n/l10n.dart,main-app locale/resources,restart_app,implemented,AUD-DESK-02;AUD-DESK-08,Current HEAD 672e666 static audit; desktop_repro.log only for AUD-DESK-01/02,no,Old full draft overwrites changed language (reproduced); option window uses no locale/l10n delegates,v2rayN/ServiceLib/Models/Configs/ConfigItems.cs :: UIItem.CurrentLanguage,leaf
FLD-CFG-074,UIItem,UiItem.CurrentFontFamily,ComboBox,apps/desktop/lib/app/app.dart:38-47;apps/desktop/lib/shared/theme/app_theme.dart:381-398,main-app theme font,restart_app,implemented,AUD-DESK-08,Current HEAD 672e666 static audit; desktop_repro.log only for AUD-DESK-01/02,no,Independent option window ignores configured font; many widgets retain explicit font sizes,v2rayN/ServiceLib/Models/Configs/ConfigItems.cs :: UIItem.CurrentFontFamily,leaf
FLD-CFG-075,UIItem,UiItem.CurrentFontSize,internal/preserved,apps/desktop/lib/app/app.dart:39-48;apps/desktop/lib/shared/theme/app_theme.dart:378-398,main-app theme size,immediate,implemented,AUD-DESK-08,Current HEAD 672e666 static audit; desktop_repro.log only for AUD-DESK-01/02,no,Independent option window ignores configured size,v2rayN/ServiceLib/Models/Configs/ConfigItems.cs :: UIItem.CurrentFontSize,leaf
FLD-CFG-076,UIItem,UiItem.EnableDragDropSort,ToggleButton,apps/desktop/lib/features/profiles/profiles_controller.dart:34-51;apps/desktop/lib/features/profiles/profiles_table.dart:167,row drag handlers at provider initialization,restart_app,implemented,,Current HEAD 672e666 static audit; desktop_repro.log only for AUD-DESK-01/02,no,"Upstream requires app restart; cached provider does not watch saved settings, consistent only after full restart",v2rayN/ServiceLib/Models/Configs/ConfigItems.cs :: UIItem.EnableDragDropSort,leaf
FLD-CFG-077,UIItem,UiItem.DoubleClick2Activate,ToggleButton,apps/desktop/lib/features/settings/settings_controller.dart:365-372;apps/desktop/lib/features/profiles/profiles_controller.dart:1268,live profiles double-click activation,immediate,implemented,,Current HEAD 672e666 static audit; desktop_repro.log only for AUD-DESK-01/02,no,Static consumer confirmed; canonical-vs-ui_state reopening still needs actual process validation,v2rayN/ServiceLib/Models/Configs/ConfigItems.cs :: UIItem.DoubleClick2Activate,leaf
FLD-CFG-078,UIItem,UiItem.AutoHideStartup,ToggleButton,apps/desktop/lib/app/shell/desktop_integration.dart:181-198,native startup hide,immediate,implemented,,Current HEAD 672e666 static audit; desktop_repro.log only for AUD-DESK-01/02,no,Real launch/first-frame flicker unverified,v2rayN/ServiceLib/Models/Configs/ConfigItems.cs :: UIItem.AutoHideStartup,leaf
FLD-CFG-079,UIItem,UiItem.Hide2TrayWhenClose,ToggleSwitch,"apps/desktop/lib/app/shell/desktop_integration.dart:153-156,208",Non-Windows close behavior; Windows always hide per WPF,immediate,implemented,,Current HEAD 672e666 static audit; desktop_repro.log only for AUD-DESK-01/02,no,Windows ignores field intentionally like WPF; non-Windows live change/restart effect unverified,v2rayN/ServiceLib/Models/Configs/ConfigItems.cs :: UIItem.Hide2TrayWhenClose,leaf
FLD-CFG-080,UIItem,UiItem.MacOSShowInDock,ToggleSwitch,crates/domain/src/settings.rs,No MacOS app activation-policy consumer,restart_app,blocked,AUD-DESK-06,Current HEAD 672e666 static audit; desktop_repro.log only for AUD-DESK-01/02,no,Windows not applicable; required MacOS behavior lacks implementation and target build,v2rayN/ServiceLib/Models/Configs/ConfigItems.cs :: UIItem.MacOSShowInDock,leaf
FLD-CFG-081,UIItem,UiItem.MainColumnItem,internal/preserved,apps/desktop/lib/features/profiles/profiles_controller.dart:760-790,node columns use ui_state column_layout instead,immediate,identified,AUD-DESK-05,Current HEAD 672e666 static audit; desktop_repro.log only for AUD-DESK-01/02,no,Canonical imported Name/Width/Index not consumed,v2rayN/ServiceLib/Models/Configs/ConfigItems.cs :: UIItem.MainColumnItem,leaf
FLD-CFG-082,UIItem,UiItem.WindowSizeItem,internal/preserved,apps/desktop/windows/runner/main.cpp:46-83;apps/desktop/lib/features/profiles/ui_state_store.dart:20-24,Win32 INI size instead; public AppSettings helper uncalled,immediate,identified,AUD-DESK-05,Current HEAD 672e666 static audit; desktop_repro.log only for AUD-DESK-01/02,no,Canonical window geometry not consumed by native startup,v2rayN/ServiceLib/Models/Configs/ConfigItems.cs :: UIItem.WindowSizeItem,leaf
FLD-CFG-083,UIItem,UiItem.HideColumnIpInfo,internal/preserved,apps/desktop/lib/app/shell/ui_shell_controller.dart:241,Assigned to state.hideIpInfo only; no readers,immediate,identified,AUD-DESK-07,Current HEAD 672e666 static audit; desktop_repro.log only for AUD-DESK-01/02,no,Does not hide IP-info column,v2rayN/ServiceLib/Models/Configs/ConfigItems.cs :: UIItem.HideColumnIpInfo,leaf
FLD-CFG-084,ConstItem,ConstItem.SubConvertUrl,ComboBox(IsEditable),"crates/application/src/subs.rs:324,547",conversion request URL,save,implemented,,Current HEAD 672e666 static audit; desktop_repro.log only for AUD-DESK-01/02,no,Only invoked when subscription conversion enabled; real external request unverified,v2rayN/ServiceLib/Models/Configs/ConfigItems.cs :: ConstItem.SubConvertUrl,leaf
FLD-CFG-085,ConstItem,ConstItem.GeoSourceUrl,ComboBox(IsEditable),crates/application/src/engine.rs:224;crates/application/src/dns.rs:233,Geo resource update/download URL,save,implemented,,Current HEAD 672e666 static audit; desktop_repro.log only for AUD-DESK-01/02,no,Static real download path confirmed; no external source request run,v2rayN/ServiceLib/Models/Configs/ConfigItems.cs :: ConstItem.GeoSourceUrl,leaf
FLD-CFG-086,ConstItem,ConstItem.SrsSourceUrl,ComboBox(IsEditable),"crates/application/src/engine.rs:225,2683;crates/application/src/dns.rs:241",SRS download/ruleset source,save,implemented,,Current HEAD 672e666 static audit; desktop_repro.log only for AUD-DESK-01/02,no,Static real config/update consumer confirmed; no external source request run,v2rayN/ServiceLib/Models/Configs/ConfigItems.cs :: ConstItem.SrsSourceUrl,leaf
FLD-CFG-087,ConstItem,ConstItem.RouteRulesTemplateSourceUrl,ComboBox(IsEditable),crates/bridge_api/src/api/routing.rs:407-427,Nonempty external URL returns error.routing_external_template,save,identified,AUD-DESK-06,Current HEAD 672e666 static audit; desktop_repro.log only for AUD-DESK-01/02,no,"External template download/import missing, not merely unverified remote",v2rayN/ServiceLib/Models/Configs/ConfigItems.cs :: ConstItem.RouteRulesTemplateSourceUrl,leaf
FLD-CFG-088,KeyEventItem,GlobalHotkeys[].EGlobalHotkey,internal/preserved,"apps/desktop/lib/features/settings/hotkeys.dart:490-508,538-568,582-611",native registration + grouped action dispatch,next_launch,blocked,,Current HEAD 672e666 static audit; desktop_repro.log only for AUD-DESK-01/02,no,Static consumer confirmed; real OS registration/conflicts not run,v2rayN/ServiceLib/Models/Configs/ConfigItems.cs :: KeyEventItem.EGlobalHotkey,leaf
FLD-CFG-089,KeyEventItem,GlobalHotkeys[].Alt,internal/preserved,"apps/desktop/lib/features/settings/hotkeys.dart:490-508,538-568,582-611",native registration + grouped action dispatch,next_launch,blocked,,Current HEAD 672e666 static audit; desktop_repro.log only for AUD-DESK-01/02,no,Static consumer confirmed; real OS registration/conflicts not run,v2rayN/ServiceLib/Models/Configs/ConfigItems.cs :: KeyEventItem.Alt,leaf
FLD-CFG-090,KeyEventItem,GlobalHotkeys[].Control,internal/preserved,"apps/desktop/lib/features/settings/hotkeys.dart:490-508,538-568,582-611",native registration + grouped action dispatch,next_launch,blocked,,Current HEAD 672e666 static audit; desktop_repro.log only for AUD-DESK-01/02,no,Static consumer confirmed; real OS registration/conflicts not run,v2rayN/ServiceLib/Models/Configs/ConfigItems.cs :: KeyEventItem.Control,leaf
FLD-CFG-091,KeyEventItem,GlobalHotkeys[].Shift,internal/preserved,"apps/desktop/lib/features/settings/hotkeys.dart:490-508,538-568,582-611",native registration + grouped action dispatch,next_launch,blocked,,Current HEAD 672e666 static audit; desktop_repro.log only for AUD-DESK-01/02,no,Static consumer confirmed; real OS registration/conflicts not run,v2rayN/ServiceLib/Models/Configs/ConfigItems.cs :: KeyEventItem.Shift,leaf
FLD-CFG-092,KeyEventItem,GlobalHotkeys[].KeyCode,internal/preserved,"apps/desktop/lib/features/settings/hotkeys.dart:490-508,538-568,582-611",native registration + grouped action dispatch,next_launch,blocked,,Current HEAD 672e666 static audit; desktop_repro.log only for AUD-DESK-01/02,no,Static consumer confirmed; real OS registration/conflicts not run,v2rayN/ServiceLib/Models/Configs/ConfigItems.cs :: KeyEventItem.KeyCode,leaf
FLD-CFG-093,CoreTypeItem,CoreTypeItem[].ConfigType,internal/preserved,"crates/application/src/engine.rs:2777-2791,2881-2892",protocol-to-core mapping lookup,save,implemented,,Current HEAD 672e666 static audit; desktop_repro.log only for AUD-DESK-01/02,no,Production resolve_target_core directly reads bindings; explicit per-node core wins. Actual core/protocol matrix not rerun.,v2rayN/ServiceLib/Models/Configs/ConfigItems.cs :: CoreTypeItem.ConfigType,leaf
FLD-CFG-094,CoreTypeItem,CoreTypeItem[].CoreType,ComboBox,"crates/application/src/engine.rs:2777-2791,2881-2892",selected runtime core,restart_core,implemented,,Current HEAD 672e666 static audit; desktop_repro.log only for AUD-DESK-01/02,no,Production resolve_target_core directly reads bindings; explicit per-node core wins. Actual core/protocol matrix not rerun.,v2rayN/ServiceLib/Models/Configs/ConfigItems.cs :: CoreTypeItem.CoreType,leaf
FLD-CFG-095,TunModeItem,TunModeItem.EnableTun,None; apps/desktop/lib/features/settings/option_setting_window.dart:1186; apps/desktop/lib/features/settings/option_setting_window.dart:1187,crates/config_codegen/src/xray/inbound.rs:59; crates/config_codegen/src/singbox/inbound.rs:27; singbox/routing.rs:103; crates/application/src/tun_plan.rs:183; crates/application/src/engine.rs:2838 pre_socks_of,"{""xray"": [""tun 入站生成开关""], ""sing-box"": [""tun 入站生成开关""]}",restart_core,blocked,,"crates/application/src/codegen.rs:422; docs/evidence/repair/R4-13.S22/README.md (historical evidence, not fresh real-OS validation)",false,configuration/helper projection exists; real auto-route/TUN/IPv6/cleanup effect needs isolated OS verification,v2rayN/ServiceLib/Models/Configs/ConfigItems.cs::TunModeItem.EnableTun,leaf
FLD-CFG-096,TunModeItem,TunModeItem.AutoRoute,ToggleButton; apps/desktop/lib/features/settings/option_setting_window.dart:1191; apps/desktop/lib/features/settings/option_setting_window.dart:1192,crates/config_codegen/src/xray/inbound.rs:59; crates/config_codegen/src/singbox/inbound.rs:27; singbox/routing.rs:103; crates/application/src/tun_plan.rs:183; crates/application/src/engine.rs:2838 pre_socks_of,"{""xray"": [], ""sing-box"": [""inbounds-any.auto_route""]}",restart_core,blocked,,"crates/application/src/codegen.rs:432; docs/evidence/repair/R4-13.S22/README.md (historical evidence, not fresh real-OS validation)",false,"configuration/helper projection exists; real auto-route/TUN/IPv6/cleanup effect needs isolated OS verification; frozen upstream these fields are consumed by sing-box TUN, not Xray TUN; Xray writes autoSystemRoutingTable separately",v2rayN/ServiceLib/Models/Configs/ConfigItems.cs::TunModeItem.AutoRoute,leaf
FLD-CFG-097,TunModeItem,TunModeItem.StrictRoute,ToggleButton; apps/desktop/lib/features/settings/option_setting_window.dart:1196; apps/desktop/lib/features/settings/option_setting_window.dart:1197,crates/config_codegen/src/xray/inbound.rs:59; crates/config_codegen/src/singbox/inbound.rs:27; singbox/routing.rs:103; crates/application/src/tun_plan.rs:183; crates/application/src/engine.rs:2838 pre_socks_of,"{""xray"": [], ""sing-box"": [""inbounds-any.strict_route""]}",restart_core,blocked,,"crates/application/src/codegen.rs:433; docs/evidence/repair/R4-13.S22/README.md (historical evidence, not fresh real-OS validation)",false,"configuration/helper projection exists; real auto-route/TUN/IPv6/cleanup effect needs isolated OS verification; frozen upstream these fields are consumed by sing-box TUN, not Xray TUN; Xray writes autoSystemRoutingTable separately",v2rayN/ServiceLib/Models/Configs/ConfigItems.cs::TunModeItem.StrictRoute,leaf
FLD-CFG-098,TunModeItem,TunModeItem.Stack,ComboBox; apps/desktop/lib/features/settings/option_setting_window.dart:1201; apps/desktop/lib/features/settings/option_setting_window.dart:1207,crates/config_codegen/src/xray/inbound.rs:59; crates/config_codegen/src/singbox/inbound.rs:27; singbox/routing.rs:103; crates/application/src/tun_plan.rs:183; crates/application/src/engine.rs:2838 pre_socks_of,"{""xray"": [], ""sing-box"": [""inbounds-any.stack""]}",restart_core,blocked,,"crates/application/src/codegen.rs:434; docs/evidence/repair/R4-13.S22/README.md (historical evidence, not fresh real-OS validation)",false,"configuration/helper projection exists; real auto-route/TUN/IPv6/cleanup effect needs isolated OS verification; frozen upstream these fields are consumed by sing-box TUN, not Xray TUN; Xray writes autoSystemRoutingTable separately",v2rayN/ServiceLib/Models/Configs/ConfigItems.cs::TunModeItem.Stack,leaf
FLD-CFG-099,TunModeItem,TunModeItem.Mtu,ComboBox(IsEditable); apps/desktop/lib/features/settings/option_setting_window.dart:776; apps/desktop/lib/features/settings/option_setting_window.dart:777; apps/desktop/lib/features/settings/option_setting_window.dart:1211,crates/config_codegen/src/xray/inbound.rs:59; crates/config_codegen/src/singbox/inbound.rs:27; singbox/routing.rs:103; crates/application/src/tun_plan.rs:183; crates/application/src/engine.rs:2838 pre_socks_of,"{""xray"": [""inbounds-any.settings.MTU""], ""sing-box"": [""inbounds-any.mtu""]}",restart_core,blocked,,"crates/application/src/codegen.rs:386; crates/application/src/codegen.rs:427; docs/evidence/repair/R4-13.S22/README.md (historical evidence, not fresh real-OS validation)",false,configuration/helper projection exists; real auto-route/TUN/IPv6/cleanup effect needs isolated OS verification,v2rayN/ServiceLib/Models/Configs/ConfigItems.cs::TunModeItem.Mtu,leaf
FLD-CFG-100,TunModeItem,TunModeItem.EnableIPv6Address,ToggleButton; apps/desktop/lib/features/settings/option_setting_window.dart:1228; apps/desktop/lib/features/settings/option_setting_window.dart:1229,crates/config_codegen/src/xray/inbound.rs:59; crates/config_codegen/src/singbox/inbound.rs:27; singbox/routing.rs:103; crates/application/src/tun_plan.rs:183; crates/application/src/engine.rs:2838 pre_socks_of,"{""xray"": [""tun gateway 追加 IPv6""], ""sing-box"": [""inbounds-any.address 追加 IPv6""]}",restart_core,identified,AUD-ENG-04,"crates/application/src/codegen.rs:429; docs/evidence/repair/R4-13.S22/README.md (historical evidence, not fresh real-OS validation); docs/evidence/tun-settings-audit-2026-10-05/engine-probe/locked-replay.log (fresh pure reproduction)",false,address reaches TUN; production global IPv6 context stays false; Xray generated system routes omit ::/0,v2rayN/ServiceLib/Models/Configs/ConfigItems.cs::TunModeItem.EnableIPv6Address,leaf
FLD-CFG-101,TunModeItem,TunModeItem.IcmpRouting,ComboBox; apps/desktop/lib/features/settings/option_setting_window.dart:1216; apps/desktop/lib/features/settings/option_setting_window.dart:1224,crates/config_codegen/src/xray/inbound.rs:59; crates/config_codegen/src/singbox/inbound.rs:27; singbox/routing.rs:103; crates/application/src/tun_plan.rs:183; crates/application/src/engine.rs:2838 pre_socks_of,"{""xray"": [], ""sing-box"": [""route 中 ICMP 路由策略""]}",restart_core,blocked,,"crates/application/src/codegen.rs:435; docs/evidence/repair/R4-13.S22/README.md (historical evidence, not fresh real-OS validation)",false,"configuration/helper projection exists; real auto-route/TUN/IPv6/cleanup effect needs isolated OS verification; frozen upstream these fields are consumed by sing-box TUN, not Xray TUN; Xray writes autoSystemRoutingTable separately",v2rayN/ServiceLib/Models/Configs/ConfigItems.cs::TunModeItem.IcmpRouting,leaf
FLD-CFG-102,TunModeItem,TunModeItem.EnableLegacyProtect,ToggleButton; apps/desktop/lib/features/settings/option_setting_window.dart:1233; apps/desktop/lib/features/settings/option_setting_window.dart:1234,crates/config_codegen/src/xray/inbound.rs:59; crates/config_codegen/src/singbox/inbound.rs:27; singbox/routing.rs:103; crates/application/src/tun_plan.rs:183; crates/application/src/engine.rs:2838 pre_socks_of,"{""xray"": [], ""sing-box"": []}",restart_core,identified,AUD-ENG-03,"crates/application/src/engine.rs:2838 pre_socks_of; docs/evidence/repair/R4-13.S22/README.md (historical evidence, not fresh real-OS validation)",false,sidecar decision exists; protected core executable context is always empty in production assembly,v2rayN/ServiceLib/Models/Configs/ConfigItems.cs::TunModeItem.EnableLegacyProtect,leaf
FLD-CFG-103,TunModeItem,TunModeItem.RouteExcludeAddress,TextBox(多行); apps/desktop/lib/features/settings/option_setting_window.dart:1238; apps/desktop/lib/features/settings/option_setting_window.dart:1242,crates/config_codegen/src/xray/inbound.rs:59; crates/config_codegen/src/singbox/inbound.rs:27; singbox/routing.rs:103; crates/application/src/tun_plan.rs:183; crates/application/src/engine.rs:2838 pre_socks_of,"{""xray"": [""tun autoSystemRoutingTable 排除网段""], ""sing-box"": [""inbounds-any.route_exclude_address""]}",restart_core,identified,AUD-ENG-06,"crates/application/src/codegen.rs:431; docs/evidence/repair/R4-13.S22/README.md (historical evidence, not fresh real-OS validation); docs/evidence/tun-settings-audit-2026-10-05/engine-probe/locked-replay.log (fresh pure reproduction)",false,UI split retains empty entries; trailing comma yields invalid empty CIDR,v2rayN/ServiceLib/Models/Configs/ConfigItems.cs::TunModeItem.RouteExcludeAddress,leaf
FLD-CFG-104,TunModeItem,TunModeItem.IPv4Address,ComboBox; apps/desktop/lib/features/settings/option_setting_window.dart:1248; apps/desktop/lib/features/settings/option_setting_window.dart:1249,crates/config_codegen/src/xray/inbound.rs:59; crates/config_codegen/src/singbox/inbound.rs:27; singbox/routing.rs:103; crates/application/src/tun_plan.rs:183; crates/application/src/engine.rs:2838 pre_socks_of,"{""xray"": [""tun gateway""], ""sing-box"": [""inbounds-any.address""]}",restart_core,blocked,,"crates/application/src/codegen.rs:428; docs/evidence/repair/R4-13.S22/README.md (historical evidence, not fresh real-OS validation)",false,configuration/helper projection exists; real auto-route/TUN/IPv6/cleanup effect needs isolated OS verification,v2rayN/ServiceLib/Models/Configs/ConfigItems.cs::TunModeItem.IPv4Address,leaf
FLD-CFG-105,TunModeItem,TunModeItem.IPv6Address,ComboBox; apps/desktop/lib/features/settings/option_setting_window.dart:1253; apps/desktop/lib/features/settings/option_setting_window.dart:1254,crates/config_codegen/src/xray/inbound.rs:59; crates/config_codegen/src/singbox/inbound.rs:27; singbox/routing.rs:103; crates/application/src/tun_plan.rs:183; crates/application/src/engine.rs:2838 pre_socks_of,"{""xray"": [""tun gateway IPv6""], ""sing-box"": [""inbounds-any.address IPv6""]}",restart_core,identified,AUD-ENG-04,"crates/application/src/codegen.rs:430; docs/evidence/repair/R4-13.S22/README.md (historical evidence, not fresh real-OS validation); docs/evidence/tun-settings-audit-2026-10-05/engine-probe/locked-replay.log (fresh pure reproduction)",false,address reaches TUN; route effect needs actual IPv6 context and isolated verification,v2rayN/ServiceLib/Models/Configs/ConfigItems.cs::TunModeItem.IPv6Address,leaf
FLD-CFG-106,SpeedTestItem,SpeedTestItem.SpeedTestTimeout,ComboBox; apps/desktop/lib/features/settings/option_setting_window.dart:949; apps/desktop/lib/features/settings/option_setting_window.dart:950,"apps/desktop/lib/features/profiles/profiles_controller.dart:482,1391; crates/bridge_api/src/api/speedtest.rs:402; crates/application/src/speedtest.rs:934,953,1028,1083",{},immediate,implemented,,"apps/desktop/lib/features/profiles/profiles_controller.dart:502; docs/evidence/repair/R4-13.S20/README.md (historical evidence, not fresh real-OS validation)",false,static consumer mapped; end-to-end effect not independently verified in this audit,v2rayN/ServiceLib/Models/Configs/ConfigItems.cs::SpeedTestItem.SpeedTestTimeout,leaf
FLD-CFG-107,SpeedTestItem,SpeedTestItem.SpeedTestUrl,ComboBox(IsEditable); apps/desktop/lib/features/settings/option_setting_window.dart:959; apps/desktop/lib/features/settings/option_setting_window.dart:961,"apps/desktop/lib/features/profiles/profiles_controller.dart:482,1391; crates/bridge_api/src/api/speedtest.rs:402; crates/application/src/speedtest.rs:934,953,1028,1083",{},immediate,implemented,,"apps/desktop/lib/features/profiles/profiles_controller.dart:503; docs/evidence/repair/R4-13.S20/README.md (historical evidence, not fresh real-OS validation)",false,static consumer mapped; end-to-end effect not independently verified in this audit,v2rayN/ServiceLib/Models/Configs/ConfigItems.cs::SpeedTestItem.SpeedTestUrl,leaf
FLD-CFG-108,SpeedTestItem,SpeedTestItem.SpeedPingTestUrl,ComboBox(IsEditable); apps/desktop/lib/features/settings/option_setting_window.dart:965; apps/desktop/lib/features/settings/option_setting_window.dart:967,"apps/desktop/lib/features/profiles/profiles_controller.dart:482,1391; crates/bridge_api/src/api/speedtest.rs:402; crates/application/src/speedtest.rs:934,953,1028,1083",{},immediate,implemented,,"apps/desktop/lib/features/profiles/profiles_controller.dart:505; docs/evidence/repair/R4-13.S20/README.md (historical evidence, not fresh real-OS validation)",false,static consumer mapped; end-to-end effect not independently verified in this audit,v2rayN/ServiceLib/Models/Configs/ConfigItems.cs::SpeedTestItem.SpeedPingTestUrl,leaf
FLD-CFG-109,SpeedTestItem,SpeedTestItem.MixedConcurrencyCount,ComboBox; apps/desktop/lib/features/settings/option_setting_window.dart:954; apps/desktop/lib/features/settings/option_setting_window.dart:955,"apps/desktop/lib/features/profiles/profiles_controller.dart:482,1391; crates/bridge_api/src/api/speedtest.rs:402; crates/application/src/speedtest.rs:934,953,1028,1083",{},immediate,implemented,,"apps/desktop/lib/features/profiles/profiles_controller.dart:501; docs/evidence/repair/R4-13.S20/README.md (historical evidence, not fresh real-OS validation)",false,static consumer mapped; end-to-end effect not independently verified in this audit,v2rayN/ServiceLib/Models/Configs/ConfigItems.cs::SpeedTestItem.MixedConcurrencyCount,leaf
FLD-CFG-110,SpeedTestItem,SpeedTestItem.IPAPIUrl,ComboBox(IsEditable); apps/desktop/lib/features/settings/option_setting_window.dart:977; apps/desktop/lib/features/settings/option_setting_window.dart:979,"apps/desktop/lib/features/profiles/profiles_controller.dart:482,1391; crates/bridge_api/src/api/speedtest.rs:402; crates/application/src/speedtest.rs:934,953,1028,1083",{},immediate,implemented,,"apps/desktop/lib/features/profiles/profiles_controller.dart:506; docs/evidence/repair/R4-13.S20/README.md (historical evidence, not fresh real-OS validation)",false,static consumer mapped; end-to-end effect not independently verified in this audit,v2rayN/ServiceLib/Models/Configs/ConfigItems.cs::SpeedTestItem.IPAPIUrl,leaf
FLD-CFG-111,SpeedTestItem,SpeedTestItem.UdpTestTarget,ComboBox(IsEditable); apps/desktop/lib/features/settings/option_setting_window.dart:971; apps/desktop/lib/features/settings/option_setting_window.dart:973,"apps/desktop/lib/features/profiles/profiles_controller.dart:482,1391; crates/bridge_api/src/api/speedtest.rs:402; crates/application/src/speedtest.rs:934,953,1028,1083",{},immediate,implemented,,"apps/desktop/lib/features/profiles/profiles_controller.dart:507; docs/evidence/repair/R4-13.S20/README.md (historical evidence, not fresh real-OS validation)",false,static consumer mapped; end-to-end effect not independently verified in this audit,v2rayN/ServiceLib/Models/Configs/ConfigItems.cs::SpeedTestItem.UdpTestTarget,leaf
FLD-CFG-112,SpeedTestItem,SpeedTestItem.SpeedTestPageSize,None; no original dedicated OptionSettingWindow control; typed setting preserved/editable through config or relevant window,"apps/desktop/lib/features/profiles/profiles_controller.dart:482,1391; crates/bridge_api/src/api/speedtest.rs:402; crates/application/src/speedtest.rs:934,953,1028,1083",{},immediate,implemented,,"apps/desktop/lib/features/profiles/profiles_controller.dart:499; docs/evidence/repair/R4-13.S20/README.md (historical evidence, not fresh real-OS validation)",false,static consumer mapped; end-to-end effect not independently verified in this audit,v2rayN/ServiceLib/Models/Configs/ConfigItems.cs::SpeedTestItem.SpeedTestPageSize,leaf
FLD-CFG-113,SpeedTestItem,SpeedTestItem.SpeedTestDelayInterval,None; no original dedicated OptionSettingWindow control; typed setting preserved/editable through config or relevant window,"apps/desktop/lib/features/profiles/profiles_controller.dart:482,1391; crates/bridge_api/src/api/speedtest.rs:402; crates/application/src/speedtest.rs:934,953,1028,1083",{},immediate,implemented,,"apps/desktop/lib/features/profiles/profiles_controller.dart:509; docs/evidence/repair/R4-13.S20/README.md (historical evidence, not fresh real-OS validation)",false,static consumer mapped; end-to-end effect not independently verified in this audit,v2rayN/ServiceLib/Models/Configs/ConfigItems.cs::SpeedTestItem.SpeedTestDelayInterval,leaf
FLD-CFG-114,RoutingBasicItem,RoutingBasicItem.DomainStrategy,None; no original dedicated OptionSettingWindow control; typed setting preserved/editable through config or relevant window,crates/config_codegen/src/xray/routing.rs:23; crates/config_codegen/src/singbox/routing.rs (routing_basic + active profile override),"{""xray"": [""routing.domainStrategy""], ""sing-box"": [""route 规则生成依据""]}",restart_core,implemented,,"crates/application/src/codegen.rs:437; crates/application/src/codegen.rs:438; crates/application/src/codegen.rs:441; docs/evidence/repair/R4-13.S18/README.md (historical evidence, not fresh real-OS validation)",false,static consumer mapped; end-to-end effect not independently verified in this audit,v2rayN/ServiceLib/Models/Configs/ConfigItems.cs::RoutingBasicItem.DomainStrategy,leaf
FLD-CFG-115,RoutingBasicItem,RoutingBasicItem.DomainStrategy4Singbox,None; no original dedicated OptionSettingWindow control; typed setting preserved/editable through config or relevant window,crates/config_codegen/src/xray/routing.rs:23; crates/config_codegen/src/singbox/routing.rs (routing_basic + active profile override),"{""xray"": [], ""sing-box"": [""route.default_domain_resolver / domain 策略""]}",restart_core,implemented,,"crates/application/src/codegen.rs:441; docs/evidence/repair/R4-13.S18/README.md (historical evidence, not fresh real-OS validation)",false,static consumer mapped; end-to-end effect not independently verified in this audit,v2rayN/ServiceLib/Models/Configs/ConfigItems.cs::RoutingBasicItem.DomainStrategy4Singbox,leaf
FLD-CFG-116,RoutingBasicItem,RoutingBasicItem.RoutingIndexId,None; no original dedicated OptionSettingWindow control; typed setting preserved/editable through config or relevant window,crates/config_codegen/src/xray/routing.rs:23; crates/config_codegen/src/singbox/routing.rs (routing_basic + active profile override),expected one-time legacy selected-route migration; absent; normal current route selected via RoutingProfile.is_active,save,identified,AUD-ENG-07,"crates/domain/src/settings.rs:358 (serialization only; no application reads); docs/evidence/repair/R4-13.S18/README.md (historical evidence, not fresh real-OS validation)",false,only serialized; frozen upstream one-time selected-route migration has no production consumer here,v2rayN/ServiceLib/Models/Configs/ConfigItems.cs::RoutingBasicItem.RoutingIndexId,leaf
FLD-CFG-117,ColumnItem,UiItem.MainColumnItem[].Name,internal/preserved,"apps/desktop/lib/features/profiles/profiles_controller.dart:760-790,1788",ui_state layout replaces canonical MainColumnItem,save,identified,AUD-DESK-05,Current HEAD 672e666 static audit; desktop_repro.log only for AUD-DESK-01/02,no,Canonical Name/Width/Index are only persisted,v2rayN/ServiceLib/Models/Configs/ConfigItems.cs :: ColumnItem.Name,leaf
FLD-CFG-118,ColumnItem,UiItem.MainColumnItem[].Width,internal/preserved,"apps/desktop/lib/features/profiles/profiles_controller.dart:760-790,1788",ui_state layout replaces canonical MainColumnItem,save,identified,AUD-DESK-05,Current HEAD 672e666 static audit; desktop_repro.log only for AUD-DESK-01/02,no,Canonical Name/Width/Index are only persisted,v2rayN/ServiceLib/Models/Configs/ConfigItems.cs :: ColumnItem.Width,leaf
FLD-CFG-119,ColumnItem,UiItem.MainColumnItem[].Index,internal/preserved,"apps/desktop/lib/features/profiles/profiles_controller.dart:760-790,1788",ui_state layout replaces canonical MainColumnItem,save,identified,AUD-DESK-05,Current HEAD 672e666 static audit; desktop_repro.log only for AUD-DESK-01/02,no,Canonical Name/Width/Index are only persisted,v2rayN/ServiceLib/Models/Configs/ConfigItems.cs :: ColumnItem.Index,leaf
FLD-CFG-120,Mux4RayItem,Mux4RayItem.Concurrency,TextBox; apps/desktop/lib/features/settings/option_setting_window.dart:663; apps/desktop/lib/features/settings/option_setting_window.dart:664,crates/config_codegen/src/xray/outbound.rs:577 fill_outbound_mux,"{""xray"": [""outbound.mux.concurrency""], ""sing-box"": []}",restart_core,implemented,,"crates/application/src/codegen.rs:376; docs/evidence/repair/R4-13.S16/README.md (historical evidence, not fresh real-OS validation)",false,"static consumer mapped; end-to-end effect not independently verified in this audit; Xray-specific, and matching transport/mux/domain strategy must be active",v2rayN/ServiceLib/Models/Configs/ConfigItems.cs::Mux4RayItem.Concurrency,leaf
FLD-CFG-121,Mux4RayItem,Mux4RayItem.XudpConcurrency,TextBox; apps/desktop/lib/features/settings/option_setting_window.dart:668; apps/desktop/lib/features/settings/option_setting_window.dart:669,crates/config_codegen/src/xray/outbound.rs:577 fill_outbound_mux,"{""xray"": [""outbound.mux.xudpConcurrency""], ""sing-box"": []}",restart_core,implemented,,"crates/application/src/codegen.rs:377; docs/evidence/repair/R4-13.S16/README.md (historical evidence, not fresh real-OS validation)",false,"static consumer mapped; end-to-end effect not independently verified in this audit; Xray-specific, and matching transport/mux/domain strategy must be active",v2rayN/ServiceLib/Models/Configs/ConfigItems.cs::Mux4RayItem.XudpConcurrency,leaf
FLD-CFG-122,Mux4RayItem,Mux4RayItem.XudpProxyUDP443,ComboBox; apps/desktop/lib/features/settings/option_setting_window.dart:673; apps/desktop/lib/features/settings/option_setting_window.dart:678,crates/config_codegen/src/xray/outbound.rs:577 fill_outbound_mux,"{""xray"": [""outbound.mux.xudpProxyUDP443""], ""sing-box"": []}",restart_core,implemented,,"crates/application/src/codegen.rs:378; crates/application/src/codegen.rs:379; docs/evidence/repair/R4-13.S16/README.md (historical evidence, not fresh real-OS validation)",false,"static consumer mapped; end-to-end effect not independently verified in this audit; Xray-specific, and matching transport/mux/domain strategy must be active",v2rayN/ServiceLib/Models/Configs/ConfigItems.cs::Mux4RayItem.XudpProxyUDP443,leaf
FLD-CFG-123,Mux4SboxItem,Mux4SboxItem.Protocol,ComboBox; apps/desktop/lib/features/settings/option_setting_window.dart:682; apps/desktop/lib/features/settings/option_setting_window.dart:689,crates/config_codegen/src/singbox/outbound.rs:805 fill_multiplex,"{""xray"": [], ""sing-box"": [""outbound.multiplex.protocol""]}",restart_core,implemented,,"crates/application/src/codegen.rs:383; crates/application/src/codegen.rs:419; docs/evidence/repair/R4-13.S17/README.md (historical evidence, not fresh real-OS validation)",false,static consumer mapped; end-to-end effect not independently verified in this audit; sing-box-specific and node mux must be enabled,v2rayN/ServiceLib/Models/Configs/ConfigItems.cs::Mux4SboxItem.Protocol,leaf
FLD-CFG-124,Mux4SboxItem,Mux4SboxItem.MaxConnections,None; no original dedicated OptionSettingWindow control; typed setting preserved/editable through config or relevant window,crates/config_codegen/src/singbox/outbound.rs:805 fill_multiplex,"{""xray"": [], ""sing-box"": [""outbound.multiplex.max_connections""]}",restart_core,implemented,,"crates/application/src/codegen.rs:384; docs/evidence/repair/R4-13.S17/README.md (historical evidence, not fresh real-OS validation)",false,static consumer mapped; end-to-end effect not independently verified in this audit; sing-box-specific and node mux must be enabled,v2rayN/ServiceLib/Models/Configs/ConfigItems.cs::Mux4SboxItem.MaxConnections,leaf
FLD-CFG-125,Mux4SboxItem,Mux4SboxItem.Padding,None; no original dedicated OptionSettingWindow control; typed setting preserved/editable through config or relevant window,crates/config_codegen/src/singbox/outbound.rs:805 fill_multiplex,"{""xray"": [], ""sing-box"": [""outbound.multiplex.padding""]}",restart_core,implemented,,"crates/application/src/codegen.rs:385; docs/evidence/repair/R4-13.S17/README.md (historical evidence, not fresh real-OS validation)",false,static consumer mapped; end-to-end effect not independently verified in this audit; sing-box-specific and node mux must be enabled,v2rayN/ServiceLib/Models/Configs/ConfigItems.cs::Mux4SboxItem.Padding,leaf
FLD-CFG-126,HysteriaItem,HysteriaItem.UpMbps,TextBox; apps/desktop/lib/features/settings/option_setting_window.dart:703; apps/desktop/lib/features/settings/option_setting_window.dart:704,crates/config_codegen/src/xray/outbound.rs:882 fill_hysteria; crates/config_codegen/src/singbox/outbound.rs:627 fill_hysteria2,"{""xray"": [""outbound hysteria 带宽""], ""sing-box"": [""outbound up_mbps""]}",restart_core,implemented,,"crates/application/src/codegen.rs:396; docs/evidence/repair/R4-13.S12/README.md (historical evidence, not fresh real-OS validation)",false,static consumer mapped; end-to-end effect not independently verified in this audit; Hysteria transport/protocol only; node-level nonnegative values override global defaults,v2rayN/ServiceLib/Models/Configs/ConfigItems.cs::HysteriaItem.UpMbps,leaf
FLD-CFG-127,HysteriaItem,HysteriaItem.DownMbps,TextBox; apps/desktop/lib/features/settings/option_setting_window.dart:708; apps/desktop/lib/features/settings/option_setting_window.dart:709,crates/config_codegen/src/xray/outbound.rs:882 fill_hysteria; crates/config_codegen/src/singbox/outbound.rs:627 fill_hysteria2,"{""xray"": [""outbound hysteria 带宽""], ""sing-box"": [""outbound down_mbps""]}",restart_core,implemented,,"crates/application/src/codegen.rs:397; docs/evidence/repair/R4-13.S12/README.md (historical evidence, not fresh real-OS validation)",false,static consumer mapped; end-to-end effect not independently verified in this audit; Hysteria transport/protocol only; node-level nonnegative values override global defaults,v2rayN/ServiceLib/Models/Configs/ConfigItems.cs::HysteriaItem.DownMbps,leaf
FLD-CFG-128,HysteriaItem,HysteriaItem.HopInterval,None; apps/desktop/lib/features/settings/option_setting_window.dart:713; apps/desktop/lib/features/settings/option_setting_window.dart:714,crates/config_codegen/src/xray/outbound.rs:882 fill_hysteria; crates/config_codegen/src/singbox/outbound.rs:627 fill_hysteria2,"{""xray"": [""outbound hysteria hop interval""], ""sing-box"": [""outbound hop_interval""]}",restart_core,implemented,,"crates/application/src/codegen.rs:398; docs/evidence/repair/R4-13.S12/README.md (historical evidence, not fresh real-OS validation)",false,static consumer mapped; end-to-end effect not independently verified in this audit; Hysteria transport/protocol only; node-level nonnegative values override global defaults,v2rayN/ServiceLib/Models/Configs/ConfigItems.cs::HysteriaItem.HopInterval,leaf
FLD-CFG-129,ClashUIItem,ClashUIItem.EnableIPv6,internal/preserved,crates/application/src/codegen.rs:461-477;crates/application/src/engine.rs:2923-2948,Mapping helper only called by tests; runtime custom Mihomo body copied verbatim,restart_core,identified,AUD-DESK-04,Current HEAD 672e666 static audit; desktop_repro.log only for AUD-DESK-01/02,no,EnableIPv6/EnableMixinContent have no production settings consumer; isolated helper assertion does not wire actual plan.,v2rayN/ServiceLib/Models/Configs/ConfigItems.cs :: ClashUIItem.EnableIPv6,leaf
FLD-CFG-130,ClashUIItem,ClashUIItem.EnableMixinContent,internal/preserved,crates/application/src/codegen.rs:461-477;crates/application/src/engine.rs:2923-2948,Mapping helper only called by tests; runtime custom Mihomo body copied verbatim,restart_core,identified,AUD-DESK-04,Current HEAD 672e666 static audit; desktop_repro.log only for AUD-DESK-01/02,no,EnableIPv6/EnableMixinContent have no production settings consumer; isolated helper assertion does not wire actual plan.,v2rayN/ServiceLib/Models/Configs/ConfigItems.cs :: ClashUIItem.EnableMixinContent,leaf
FLD-CFG-131,ClashUIItem,ClashUIItem.ProxiesSorting,internal/preserved,apps/desktop/lib/features/monitor/clash_ui_config.dart:61;apps/desktop/lib/features/monitor/proxies_view.dart,live proxy sort,immediate,implemented,AUD-DESK-09,Current HEAD 672e666 static audit; desktop_repro.log only for AUD-DESK-01/02,no,Actual sorting exists; immediate saveGroup result ignored after UI state changes.,v2rayN/ServiceLib/Models/Configs/ConfigItems.cs :: ClashUIItem.ProxiesSorting,leaf
FLD-CFG-132,ClashUIItem,ClashUIItem.ProxiesAutoRefresh,internal/preserved,"apps/desktop/lib/features/monitor/proxies_view.dart:33,58,79-84",live proxy timer and persistence,immediate,implemented,AUD-DESK-09,Current HEAD 672e666 static audit; desktop_repro.log only for AUD-DESK-01/02,no,saveGroup outcome is not checked; toggled UI may diverge after persist failure,v2rayN/ServiceLib/Models/Configs/ConfigItems.cs :: ClashUIItem.ProxiesAutoRefresh,leaf
FLD-CFG-133,ClashUIItem,ClashUIItem.ProxiesRefreshInterval,internal/preserved,apps/desktop/lib/features/monitor/clash_ui_config.dart:60;apps/desktop/lib/features/monitor/proxies_view.dart,proxy timer period,immediate,implemented,,Current HEAD 672e666 static audit; desktop_repro.log only for AUD-DESK-01/02,no,Static live UI consumer confirmed,v2rayN/ServiceLib/Models/Configs/ConfigItems.cs :: ClashUIItem.ProxiesRefreshInterval,leaf
FLD-CFG-134,ClashUIItem,ClashUIItem.ConnectionsAutoRefresh,internal/preserved,"apps/desktop/lib/features/monitor/connections_view.dart:35,58,77-93",live connection timer and persistence,immediate,implemented,AUD-DESK-09,Current HEAD 672e666 static audit; desktop_repro.log only for AUD-DESK-01/02,no,saveGroup outcome ignored,v2rayN/ServiceLib/Models/Configs/ConfigItems.cs :: ClashUIItem.ConnectionsAutoRefresh,leaf
FLD-CFG-135,ClashUIItem,ClashUIItem.ConnectionsRefreshInterval,internal/preserved,apps/desktop/lib/features/monitor/clash_ui_config.dart:63;apps/desktop/lib/features/monitor/connections_view.dart:64-74,connection timer period,immediate,implemented,,Current HEAD 672e666 static audit; desktop_repro.log only for AUD-DESK-01/02,no,Static live UI consumer confirmed,v2rayN/ServiceLib/Models/Configs/ConfigItems.cs :: ClashUIItem.ConnectionsRefreshInterval,leaf
FLD-CFG-136,ClashUIItem,ClashUIItem.ConnectionsColumnItem,internal/preserved,apps/desktop/lib/features/monitor/connections_view.dart:232-244,Hard-coded DataTable columns; saved list not read,immediate,identified,AUD-DESK-05,Current HEAD 672e666 static audit; desktop_repro.log only for AUD-DESK-01/02,no,No Width/Index consumer,v2rayN/ServiceLib/Models/Configs/ConfigItems.cs :: ClashUIItem.ConnectionsColumnItem,leaf
FLD-CFG-137,SystemProxyItem,SystemProxyItem.SysProxyType,internal/preserved,"apps/desktop/lib/features/settings/platform_controller.dart:80-86,252-299,311-322",native proxy mode; startup auto reconciliation,immediate,blocked,AUD-DESK-03;AUD-DESK-10,Current HEAD 672e666 static audit; root_contract_repro.log fourth test confirms ignored proxy failure with fake backend,no,Real OS effect not run; mode0 launch unconditionally clears host even without core,v2rayN/ServiceLib/Models/Configs/ConfigItems.cs :: SystemProxyItem.SysProxyType,leaf
FLD-CFG-138,SystemProxyItem,SystemProxyItem.SystemProxyExceptions,TextBox(多行),apps/desktop/lib/features/settings/proxy_settings_view.dart:83;apps/desktop/lib/features/settings/platform_controller.dart:268,native bypass builder,immediate,blocked,AUD-DESK-03,Current HEAD 672e666 static audit; root_contract_repro.log fourth test confirms ignored proxy failure with fake backend,no,Sync dedupe ignores changed value; saveAndApply ignores platform failure,v2rayN/ServiceLib/Models/Configs/ConfigItems.cs :: SystemProxyItem.SystemProxyExceptions,leaf
FLD-CFG-139,SystemProxyItem,SystemProxyItem.NotProxyLocalAddress,ToggleButton（WPF）/ ToggleSwitch（Avalonia）,apps/desktop/lib/features/settings/proxy_settings_view.dart:84;apps/desktop/lib/features/settings/platform_controller.dart:269,native bypass <local> builder,immediate,blocked,AUD-DESK-03,Current HEAD 672e666 static audit; root_contract_repro.log fourth test confirms ignored proxy failure with fake backend,no,Real OS effect not run; sync key ignores changed value,v2rayN/ServiceLib/Models/Configs/ConfigItems.cs :: SystemProxyItem.NotProxyLocalAddress,leaf
FLD-CFG-140,SystemProxyItem,SystemProxyItem.SystemProxyAdvancedProtocol,ComboBox,apps/desktop/lib/features/settings/proxy_settings_view.dart:85-87;apps/desktop/lib/features/settings/platform_controller.dart:265,native proxy server template,immediate,blocked,AUD-DESK-03,Current HEAD 672e666 static audit; root_contract_repro.log fourth test confirms ignored proxy failure with fake backend,no,Real OS effect not run; sync key ignores changed value,v2rayN/ServiceLib/Models/Configs/ConfigItems.cs :: SystemProxyItem.SystemProxyAdvancedProtocol,leaf
FLD-CFG-141,SystemProxyItem,SystemProxyItem.CustomSystemProxyPacPath,TextBox + 浏览按钮,"apps/desktop/lib/features/settings/platform_controller.dart:286,164-174",PAC file content served,immediate,blocked,AUD-DESK-03;AUD-DESK-11,Current HEAD 672e666 static audit; root_contract_repro.log fourth test confirms ignored proxy failure with fake backend,no,Missing custom path is created with default script rather than error/fallback; sync key ignores path,v2rayN/ServiceLib/Models/Configs/ConfigItems.cs :: SystemProxyItem.CustomSystemProxyPacPath,leaf
FLD-CFG-142,SystemProxyItem,SystemProxyItem.CustomSystemProxyScriptPath,TextBox + 浏览按钮,crates/application/src/platform_service.rs:391-398;apps/desktop/lib/features/settings/proxy_settings_view.dart:89-91,Validation API only; no Mac/Linux execution,immediate,blocked,AUD-DESK-06,Current HEAD 672e666 static audit; root_contract_repro.log fourth test confirms ignored proxy failure with fake backend,no,Windows upstream not applicable; required Mac/Linux behavior missing,v2rayN/ServiceLib/Models/Configs/ConfigItems.cs :: SystemProxyItem.CustomSystemProxyScriptPath,leaf
FLD-CFG-143,WebDavItem,WebDavItem.Url,internal/preserved,crates/bridge_api/src/api/t16.rs:421-470;crates/application/src/webdav.rs:91-136,WebDAV request config/auth/remote path,save,implemented,,Current HEAD 672e666 static audit; desktop_repro.log only for AUD-DESK-01/02,no,Static T16 consumer confirmed; no real remote/TLS request run; credentials never printed,v2rayN/ServiceLib/Models/Configs/ConfigItems.cs :: WebDavItem.Url,leaf
FLD-CFG-144,WebDavItem,WebDavItem.UserName,internal/preserved,crates/bridge_api/src/api/t16.rs:421-470;crates/application/src/webdav.rs:91-136,WebDAV request config/auth/remote path,save,implemented,,Current HEAD 672e666 static audit; desktop_repro.log only for AUD-DESK-01/02,no,Static T16 consumer confirmed; no real remote/TLS request run; credentials never printed,v2rayN/ServiceLib/Models/Configs/ConfigItems.cs :: WebDavItem.UserName,leaf
FLD-CFG-145,WebDavItem,WebDavItem.Password,internal/preserved,crates/bridge_api/src/api/t16.rs:421-470;crates/application/src/webdav.rs:91-136,WebDAV request config/auth/remote path,save,implemented,,Current HEAD 672e666 static audit; desktop_repro.log only for AUD-DESK-01/02,no,Static T16 consumer confirmed; no real remote/TLS request run; credentials never printed,v2rayN/ServiceLib/Models/Configs/ConfigItems.cs :: WebDavItem.Password,leaf
FLD-CFG-146,WebDavItem,WebDavItem.DirName,internal/preserved,crates/bridge_api/src/api/t16.rs:421-470;crates/application/src/webdav.rs:91-136,WebDAV request config/auth/remote path,save,implemented,,Current HEAD 672e666 static audit; desktop_repro.log only for AUD-DESK-01/02,no,Static T16 consumer confirmed; no real remote/TLS request run; credentials never printed,v2rayN/ServiceLib/Models/Configs/ConfigItems.cs :: WebDavItem.DirName,leaf
FLD-CFG-147,CheckUpdateItem,CheckUpdateItem.CheckPreReleaseUpdate,internal/preserved,"apps/desktop/lib/features/update/update_controller.dart:138,207;crates/application/src/update_service.rs:559",release channel check argument,save,implemented,AUD-DESK-09,Current HEAD 672e666 static audit; desktop_repro.log only for AUD-DESK-01/02,no,UI immediate persistence ignores save result,v2rayN/ServiceLib/Models/Configs/ConfigItems.cs :: CheckUpdateItem.CheckPreReleaseUpdate,leaf
FLD-CFG-148,CheckUpdateItem,CheckUpdateItem.UpdateViaProxy,internal/preserved,"apps/desktop/lib/features/update/update_controller.dart:139,212;crates/application/src/update_service.rs:559",applied local proxy URL resolution/update HTTP client,save,implemented,AUD-DESK-09,Current HEAD 672e666 static audit; desktop_repro.log only for AUD-DESK-01/02,no,UI immediate persistence ignores save result; real remote/TLS unverified,v2rayN/ServiceLib/Models/Configs/ConfigItems.cs :: CheckUpdateItem.UpdateViaProxy,leaf
FLD-CFG-149,CheckUpdateItem,CheckUpdateItem.SelectedCoreTypes,internal/preserved,"apps/desktop/lib/features/update/update_controller.dart:212-216,249-259;crates/bridge_api/src/api/t16.rs:869-875",update selected-target list,save,identified,AUD-DESK-09;AUD-DESK-12,Current HEAD 672e666 static audit; desktop_repro.log only for AUD-DESK-01/02,no,"Explicit zero selection becomes all BUILTIN_TARGETS in bridge, unlike upstream empty-list=no targets; saveGroup error ignored.",v2rayN/ServiceLib/Models/Configs/ConfigItems.cs :: CheckUpdateItem.SelectedCoreTypes,leaf
FLD-CFG-150,Fragment4RayItem,Fragment4RayItem.Packets,ComboBox; apps/desktop/lib/features/settings/option_setting_window.dart:728; apps/desktop/lib/features/settings/option_setting_window.dart:737,crates/config_codegen/src/xray/config.rs:237 fragment_mask; crates/application/src/settings.rs:91 validate_settings,"{""xray"": [""outbound fragment 数据包类型""], ""sing-box"": []}",restart_core,implemented,,"crates/application/src/codegen.rs:444; docs/evidence/repair/R4-13.S07/README.md (historical evidence, not fresh real-OS validation)",false,static consumer mapped; end-to-end effect not independently verified in this audit,v2rayN/ServiceLib/Models/Configs/ConfigItems.cs::Fragment4RayItem.Packets,leaf
FLD-CFG-151,Fragment4RayItem,Fragment4RayItem.Lengths,TextBox; apps/desktop/lib/features/settings/option_setting_window.dart:741; apps/desktop/lib/features/settings/option_setting_window.dart:745,crates/config_codegen/src/xray/config.rs:237 fragment_mask; crates/application/src/settings.rs:91 validate_settings,"{""xray"": [""outbound fragment lengths""], ""sing-box"": []}",restart_core,implemented,,"crates/application/src/codegen.rs:445; docs/evidence/repair/R4-13.S07/README.md (historical evidence, not fresh real-OS validation)",false,static consumer mapped; end-to-end effect not independently verified in this audit,v2rayN/ServiceLib/Models/Configs/ConfigItems.cs::Fragment4RayItem.Lengths,leaf
FLD-CFG-152,Fragment4RayItem,Fragment4RayItem.Delays,TextBox; apps/desktop/lib/features/settings/option_setting_window.dart:751; apps/desktop/lib/features/settings/option_setting_window.dart:755,crates/config_codegen/src/xray/config.rs:237 fragment_mask; crates/application/src/settings.rs:91 validate_settings,"{""xray"": [""outbound fragment delays""], ""sing-box"": []}",restart_core,implemented,,"crates/application/src/codegen.rs:446; docs/evidence/repair/R4-13.S07/README.md (historical evidence, not fresh real-OS validation)",false,static consumer mapped; end-to-end effect not independently verified in this audit,v2rayN/ServiceLib/Models/Configs/ConfigItems.cs::Fragment4RayItem.Delays,leaf
FLD-CFG-153,Fragment4RayItem,Fragment4RayItem.MaxSplit,TextBox; apps/desktop/lib/features/settings/option_setting_window.dart:761; apps/desktop/lib/features/settings/option_setting_window.dart:762,crates/config_codegen/src/xray/config.rs:237 fragment_mask; crates/application/src/settings.rs:91 validate_settings,"{""xray"": [""outbound fragment maxSplit""], ""sing-box"": []}",restart_core,identified,AUD-ENG-02,"crates/application/src/codegen.rs:447; docs/evidence/repair/R4-13.S07/README.md (historical evidence, not fresh real-OS validation); docs/evidence/tun-settings-audit-2026-10-05/engine-probe/locked-replay.log (fresh pure reproduction)",false,valid upstream range 1-3 rejected by both UI and Rust save validator,v2rayN/ServiceLib/Models/Configs/ConfigItems.cs::Fragment4RayItem.MaxSplit,leaf
FLD-CFG-154,Fragment4RayItem,Fragment4RayItem.Length,None; no original dedicated OptionSettingWindow control; typed setting preserved/editable through config or relevant window,crates/config_codegen/src/xray/config.rs:237 fragment_mask; crates/application/src/settings.rs:91 validate_settings,{},next_launch,implemented,,"crates/domain/src/settings.rs:1074 (apply_load_defaults legacy fallback); docs/evidence/repair/R4-13.S07/README.md (historical evidence, not fresh real-OS validation)",false,legacy-only migration fallback on load when modern Lengths/Delays missing; not a current UI control,v2rayN/ServiceLib/Models/Configs/ConfigItems.cs::Fragment4RayItem.Length,leaf
FLD-CFG-155,Fragment4RayItem,Fragment4RayItem.Interval,None; no original dedicated OptionSettingWindow control; typed setting preserved/editable through config or relevant window,crates/config_codegen/src/xray/config.rs:237 fragment_mask; crates/application/src/settings.rs:91 validate_settings,{},next_launch,implemented,,"crates/domain/src/settings.rs:1074 (apply_load_defaults legacy fallback); docs/evidence/repair/R4-13.S07/README.md (historical evidence, not fresh real-OS validation)",false,legacy-only migration fallback on load when modern Lengths/Delays missing; not a current UI control,v2rayN/ServiceLib/Models/Configs/ConfigItems.cs::Fragment4RayItem.Interval,leaf
FLD-CFG-156,WindowSizeItem,UiItem.WindowSizeItem[].TypeName,internal/preserved,apps/desktop/windows/runner/main.cpp:46-83;crates/application/src/settings.rs:145-171,Native runner loads INI; AppSettings geometry helper uncalled,immediate,identified,AUD-DESK-05,Current HEAD 672e666 static audit; desktop_repro.log only for AUD-DESK-01/02,no,Canonical TypeName/Width/Height not consumed,v2rayN/ServiceLib/Models/Configs/ConfigItems.cs :: WindowSizeItem.TypeName,leaf
FLD-CFG-157,WindowSizeItem,UiItem.WindowSizeItem[].Width,internal/preserved,apps/desktop/windows/runner/main.cpp:46-83;crates/application/src/settings.rs:145-171,Native runner loads INI; AppSettings geometry helper uncalled,immediate,identified,AUD-DESK-05,Current HEAD 672e666 static audit; desktop_repro.log only for AUD-DESK-01/02,no,Canonical TypeName/Width/Height not consumed,v2rayN/ServiceLib/Models/Configs/ConfigItems.cs :: WindowSizeItem.Width,leaf
FLD-CFG-158,WindowSizeItem,UiItem.WindowSizeItem[].Height,internal/preserved,apps/desktop/windows/runner/main.cpp:46-83;crates/application/src/settings.rs:145-171,Native runner loads INI; AppSettings geometry helper uncalled,immediate,identified,AUD-DESK-05,Current HEAD 672e666 static audit; desktop_repro.log only for AUD-DESK-01/02,no,Canonical TypeName/Width/Height not consumed,v2rayN/ServiceLib/Models/Configs/ConfigItems.cs :: WindowSizeItem.Height,leaf
FLD-CFG-159,SimpleDNSItem,SimpleDNSItem.UseSystemHosts,None; apps/desktop/lib/features/routing/dns_window.dart:751; apps/desktop/lib/features/routing/dns_controller.dart:94; ,"crates/config_codegen/src/xray/dns.rs:177 build_dns; crates/config_codegen/src/singbox/dns.rs:39 build_dns; singbox/routing.rs:25,156","{""xray"": [""dns hosts 使用系统 hosts""], ""sing-box"": [""dns use_system_hosts""]}",restart_core,implemented,,"crates/application/src/codegen.rs:557; crates/application/src/codegen.rs:573; docs/evidence/repair/R4-13.S19/README.md (historical evidence, not fresh real-OS validation)",false,static consumer mapped; end-to-end effect not independently verified in this audit,v2rayN/ServiceLib/Models/Configs/ConfigItems.cs::SimpleDNSItem.UseSystemHosts,leaf
FLD-CFG-160,SimpleDNSItem,SimpleDNSItem.AddCommonHosts,None; apps/desktop/lib/features/routing/dns_window.dart:751; apps/desktop/lib/features/routing/dns_controller.dart:94; ,"crates/config_codegen/src/xray/dns.rs:177 build_dns; crates/config_codegen/src/singbox/dns.rs:39 build_dns; singbox/routing.rs:25,156","{""xray"": [""dns hosts 预置常用域名""], ""sing-box"": [""dns hosts 预置""]}",restart_core,implemented,,"crates/application/src/codegen.rs:572; docs/evidence/repair/R4-13.S19/README.md (historical evidence, not fresh real-OS validation)",false,static consumer mapped; end-to-end effect not independently verified in this audit,v2rayN/ServiceLib/Models/Configs/ConfigItems.cs::SimpleDNSItem.AddCommonHosts,leaf
FLD-CFG-161,SimpleDNSItem,SimpleDNSItem.FakeIP,None; apps/desktop/lib/features/routing/dns_window.dart:751; apps/desktop/lib/features/routing/dns_controller.dart:94; apps/desktop/lib/features/settings/option_setting_window.dart:1043; apps/desktop/lib/features/settings/option_setting_window.dart:1044; apps/desktop/lib/features/settings/option_setting_window.dart:1048,"crates/config_codegen/src/xray/dns.rs:177 build_dns; crates/config_codegen/src/singbox/dns.rs:39 build_dns; singbox/routing.rs:25,156","{""xray"": [""dns fakeDns+sniffing""], ""sing-box"": [""dns fakeip 规则与 cache_file.store_fakeip""]}",restart_core,implemented,,"crates/application/src/codegen.rs:575; crates/application/src/codegen.rs:577; docs/evidence/repair/R4-13.S19/README.md (historical evidence, not fresh real-OS validation)",false,static consumer mapped; end-to-end effect not independently verified in this audit,v2rayN/ServiceLib/Models/Configs/ConfigItems.cs::SimpleDNSItem.FakeIP,leaf
FLD-CFG-162,SimpleDNSItem,SimpleDNSItem.GlobalFakeIp,None; apps/desktop/lib/features/routing/dns_window.dart:751; apps/desktop/lib/features/routing/dns_controller.dart:94; apps/desktop/lib/features/settings/option_setting_window.dart:1052; apps/desktop/lib/features/settings/option_setting_window.dart:1053,"crates/config_codegen/src/xray/dns.rs:177 build_dns; crates/config_codegen/src/singbox/dns.rs:39 build_dns; singbox/routing.rs:25,156","{""xray"": [""dns 全局 fakeip""], ""sing-box"": [""dns fakeip 规则范围""]}",restart_core,implemented,,"crates/application/src/codegen.rs:576; docs/evidence/repair/R4-13.S19/README.md (historical evidence, not fresh real-OS validation)",false,static consumer mapped; end-to-end effect not independently verified in this audit,v2rayN/ServiceLib/Models/Configs/ConfigItems.cs::SimpleDNSItem.GlobalFakeIp,leaf
FLD-CFG-163,SimpleDNSItem,SimpleDNSItem.FakeIPRange,None; apps/desktop/lib/features/routing/dns_window.dart:751; apps/desktop/lib/features/routing/dns_controller.dart:94; ,"crates/config_codegen/src/xray/dns.rs:177 build_dns; crates/config_codegen/src/singbox/dns.rs:39 build_dns; singbox/routing.rs:25,156","{""xray"": [""dns fakeip ip_pool""], ""sing-box"": [""dns fakeip inet4_range""]}",restart_core,implemented,,"crates/application/src/codegen.rs:577; docs/evidence/repair/R4-13.S19/README.md (historical evidence, not fresh real-OS validation)",false,static consumer mapped; end-to-end effect not independently verified in this audit,v2rayN/ServiceLib/Models/Configs/ConfigItems.cs::SimpleDNSItem.FakeIPRange,leaf
FLD-CFG-164,SimpleDNSItem,SimpleDNSItem.BlockBindingQuery,None; apps/desktop/lib/features/routing/dns_window.dart:751; apps/desktop/lib/features/routing/dns_controller.dart:94; ,"crates/config_codegen/src/xray/dns.rs:177 build_dns; crates/config_codegen/src/singbox/dns.rs:39 build_dns; singbox/routing.rs:25,156","{""xray"": [], ""sing-box"": [""dns 拦截 binding 查询规则""]}",restart_core,implemented,,"crates/application/src/codegen.rs:571; docs/evidence/repair/R4-13.S19/README.md (historical evidence, not fresh real-OS validation)",false,"static consumer mapped; end-to-end effect not independently verified in this audit; sing-box query-type binding rule only, same frozen upstream core scope",v2rayN/ServiceLib/Models/Configs/ConfigItems.cs::SimpleDNSItem.BlockBindingQuery,leaf
FLD-CFG-165,SimpleDNSItem,SimpleDNSItem.BlockAAAAQuery,None; apps/desktop/lib/features/routing/dns_window.dart:751; apps/desktop/lib/features/routing/dns_controller.dart:94; ,"crates/config_codegen/src/xray/dns.rs:177 build_dns; crates/config_codegen/src/singbox/dns.rs:39 build_dns; singbox/routing.rs:25,156","{""xray"": [""dns 拦截 AAAA 查询""], ""sing-box"": [""dns 拦截 AAAA 规则""]}",restart_core,implemented,,"crates/application/src/codegen.rs:570; docs/evidence/repair/R4-13.S19/README.md (historical evidence, not fresh real-OS validation)",false,static consumer mapped; end-to-end effect not independently verified in this audit,v2rayN/ServiceLib/Models/Configs/ConfigItems.cs::SimpleDNSItem.BlockAAAAQuery,leaf
FLD-CFG-166,SimpleDNSItem,SimpleDNSItem.DirectDNS,None; apps/desktop/lib/features/routing/dns_window.dart:751; apps/desktop/lib/features/routing/dns_controller.dart:94; ,"crates/config_codegen/src/xray/dns.rs:177 build_dns; crates/config_codegen/src/singbox/dns.rs:39 build_dns; singbox/routing.rs:25,156","{""xray"": [""dns servers 直连""], ""sing-box"": [""dns direct server""]}",restart_core,implemented,,"crates/application/src/codegen.rs:561; docs/evidence/repair/R4-13.S19/README.md (historical evidence, not fresh real-OS validation)",false,static consumer mapped; end-to-end effect not independently verified in this audit,v2rayN/ServiceLib/Models/Configs/ConfigItems.cs::SimpleDNSItem.DirectDNS,leaf
FLD-CFG-167,SimpleDNSItem,SimpleDNSItem.RemoteDNS,None; apps/desktop/lib/features/routing/dns_window.dart:751; apps/desktop/lib/features/routing/dns_controller.dart:94; ,"crates/config_codegen/src/xray/dns.rs:177 build_dns; crates/config_codegen/src/singbox/dns.rs:39 build_dns; singbox/routing.rs:25,156","{""xray"": [""dns servers 远程""], ""sing-box"": [""dns remote server""]}",restart_core,implemented,,"crates/application/src/codegen.rs:562; docs/evidence/repair/R4-13.S19/README.md (historical evidence, not fresh real-OS validation)",false,static consumer mapped; end-to-end effect not independently verified in this audit,v2rayN/ServiceLib/Models/Configs/ConfigItems.cs::SimpleDNSItem.RemoteDNS,leaf
FLD-CFG-168,SimpleDNSItem,SimpleDNSItem.BootstrapDNS,None; apps/desktop/lib/features/routing/dns_window.dart:751; apps/desktop/lib/features/routing/dns_controller.dart:94; ,"crates/config_codegen/src/xray/dns.rs:177 build_dns; crates/config_codegen/src/singbox/dns.rs:39 build_dns; singbox/routing.rs:25,156","{""xray"": [""dns bootstrap servers""], ""sing-box"": [""dns bootstrap server""]}",restart_core,implemented,,"crates/application/src/codegen.rs:563; docs/evidence/repair/R4-13.S19/README.md (historical evidence, not fresh real-OS validation)",false,static consumer mapped; end-to-end effect not independently verified in this audit,v2rayN/ServiceLib/Models/Configs/ConfigItems.cs::SimpleDNSItem.BootstrapDNS,leaf
FLD-CFG-169,SimpleDNSItem,SimpleDNSItem.Strategy4Freedom,None; apps/desktop/lib/features/routing/dns_window.dart:751; apps/desktop/lib/features/routing/dns_controller.dart:94; ,"crates/config_codegen/src/xray/dns.rs:177 build_dns; crates/config_codegen/src/singbox/dns.rs:39 build_dns; singbox/routing.rs:25,156","{""xray"": [], ""sing-box"": [""outbounds-direct.domain_resolver.strategy""]}",restart_core,implemented,,"crates/application/src/codegen.rs:565; docs/evidence/repair/R4-13.S19/README.md (historical evidence, not fresh real-OS validation)",false,static consumer mapped; end-to-end effect not independently verified in this audit,v2rayN/ServiceLib/Models/Configs/ConfigItems.cs::SimpleDNSItem.Strategy4Freedom,leaf
FLD-CFG-170,SimpleDNSItem,SimpleDNSItem.Strategy4Proxy,None; apps/desktop/lib/features/routing/dns_window.dart:751; apps/desktop/lib/features/routing/dns_controller.dart:94; ,"crates/config_codegen/src/xray/dns.rs:177 build_dns; crates/config_codegen/src/singbox/dns.rs:39 build_dns; singbox/routing.rs:25,156","{""xray"": [""dns outbounds-any.targetStrategy（非 AsIs 时）""], ""sing-box"": []}",restart_core,implemented,,"crates/application/src/codegen.rs:566; crates/application/src/codegen.rs:567; docs/evidence/repair/R4-13.S19/README.md (historical evidence, not fresh real-OS validation)",false,static consumer mapped; end-to-end effect not independently verified in this audit,v2rayN/ServiceLib/Models/Configs/ConfigItems.cs::SimpleDNSItem.Strategy4Proxy,leaf
FLD-CFG-171,SimpleDNSItem,SimpleDNSItem.Strategy4ProxyDial,None; apps/desktop/lib/features/routing/dns_window.dart:751; apps/desktop/lib/features/routing/dns_controller.dart:94; ,"crates/config_codegen/src/xray/dns.rs:177 build_dns; crates/config_codegen/src/singbox/dns.rs:39 build_dns; singbox/routing.rs:25,156","{""xray"": [], ""sing-box"": [""route.default_domain_resolver.strategy""]}",restart_core,implemented,,"crates/application/src/codegen.rs:567; docs/evidence/repair/R4-13.S19/README.md (historical evidence, not fresh real-OS validation)",false,static consumer mapped; end-to-end effect not independently verified in this audit,v2rayN/ServiceLib/Models/Configs/ConfigItems.cs::SimpleDNSItem.Strategy4ProxyDial,leaf
FLD-CFG-172,SimpleDNSItem,SimpleDNSItem.ServeStale,None; apps/desktop/lib/features/routing/dns_window.dart:751; apps/desktop/lib/features/routing/dns_controller.dart:94; ,"crates/config_codegen/src/xray/dns.rs:177 build_dns; crates/config_codegen/src/singbox/dns.rs:39 build_dns; singbox/routing.rs:25,156","{""xray"": [], ""sing-box"": [""dns.optimistic""]}",restart_core,implemented,,"crates/application/src/codegen.rs:568; docs/evidence/repair/R4-13.S19/README.md (historical evidence, not fresh real-OS validation)",false,static consumer mapped; end-to-end effect not independently verified in this audit,v2rayN/ServiceLib/Models/Configs/ConfigItems.cs::SimpleDNSItem.ServeStale,leaf
FLD-CFG-173,SimpleDNSItem,SimpleDNSItem.ParallelQuery,None; apps/desktop/lib/features/routing/dns_window.dart:751; apps/desktop/lib/features/routing/dns_controller.dart:94; ,"crates/config_codegen/src/xray/dns.rs:177 build_dns; crates/config_codegen/src/singbox/dns.rs:39 build_dns; singbox/routing.rs:25,156","{""xray"": [], ""sing-box"": [""dns 规则并行查询""]}",restart_core,implemented,,"crates/application/src/codegen.rs:569; docs/evidence/repair/R4-13.S19/README.md (historical evidence, not fresh real-OS validation)",false,static consumer mapped; end-to-end effect not independently verified in this audit,v2rayN/ServiceLib/Models/Configs/ConfigItems.cs::SimpleDNSItem.ParallelQuery,leaf
FLD-CFG-174,SimpleDNSItem,SimpleDNSItem.Hosts,None; apps/desktop/lib/features/routing/dns_window.dart:751; apps/desktop/lib/features/routing/dns_controller.dart:94; ,"crates/config_codegen/src/xray/dns.rs:177 build_dns; crates/config_codegen/src/singbox/dns.rs:39 build_dns; singbox/routing.rs:25,156","{""xray"": [""dns hosts""], ""sing-box"": [""dns hosts 与 route 用户 hosts""]}",restart_core,implemented,,"crates/application/src/codegen.rs:574; docs/evidence/repair/R4-13.S19/README.md (historical evidence, not fresh real-OS validation)",false,static consumer mapped; end-to-end effect not independently verified in this audit,v2rayN/ServiceLib/Models/Configs/ConfigItems.cs::SimpleDNSItem.Hosts,leaf
FLD-CFG-175,SimpleDNSItem,SimpleDNSItem.DirectExpectedIPs,None; apps/desktop/lib/features/routing/dns_window.dart:751; apps/desktop/lib/features/routing/dns_controller.dart:94; ,"crates/config_codegen/src/xray/dns.rs:177 build_dns; crates/config_codegen/src/singbox/dns.rs:39 build_dns; singbox/routing.rs:25,156","{""xray"": [""dns 直连预期 IP 规则""], ""sing-box"": [""dns 直连预期 IP 规则""]}",restart_core,implemented,,"; docs/evidence/repair/R4-13.S19/README.md (historical evidence, not fresh real-OS validation)",false,static consumer mapped; end-to-end effect not independently verified in this audit,v2rayN/ServiceLib/Models/Configs/ConfigItems.cs::SimpleDNSItem.DirectExpectedIPs,leaf
FLD-CFG-176,SimpleDNSItem,SimpleDNSItem.EnableHappyEyeballs,None; apps/desktop/lib/features/routing/dns_window.dart:751; apps/desktop/lib/features/routing/dns_controller.dart:94; apps/desktop/lib/features/settings/option_setting_window.dart:1057; apps/desktop/lib/features/settings/option_setting_window.dart:1058,"crates/config_codegen/src/xray/dns.rs:177 build_dns; crates/config_codegen/src/singbox/dns.rs:39 build_dns; singbox/routing.rs:25,156","{""xray"": [""dns Happy Eyeballs 配置""], ""sing-box"": []}",restart_core,identified,AUD-ENG-01,"crates/application/src/codegen.rs:578; docs/evidence/repair/R4-13.S19/README.md (historical evidence, not fresh real-OS validation); docs/evidence/tun-settings-audit-2026-10-05/engine-probe/locked-replay.log (fresh pure reproduction)",false,switch is serialized/projected but never read; off/on produce identical Xray config,v2rayN/ServiceLib/Models/Configs/ConfigItems.cs::SimpleDNSItem.EnableHappyEyeballs,leaf
FLD-CFG-177,HappyEyeballs4RayItem,HappyEyeballs4RayItem.TryDelayMs,None; apps/desktop/lib/features/settings/option_setting_window.dart:1062; apps/desktop/lib/features/settings/option_setting_window.dart:1063,crates/config_codegen/src/xray/dns.rs:349 set_sockopt_domain_strategy (switch gate missing),"{""xray"": [""dns Happy Eyeballs tryDelayMs""], ""sing-box"": []}",restart_core,identified,AUD-ENG-01,"crates/application/src/codegen.rs:399; docs/evidence/repair/R4-13.S11/README.md (historical evidence, not fresh real-OS validation); docs/evidence/tun-settings-audit-2026-10-05/engine-probe/locked-replay.log (fresh pure reproduction)",false,"parameters reach Xray output even when EnableHappyEyeballs is false; Xray-specific, and matching transport/mux/domain strategy must be active",v2rayN/ServiceLib/Models/Configs/ConfigItems.cs::HappyEyeballs4RayItem.TryDelayMs,leaf
FLD-CFG-178,HappyEyeballs4RayItem,HappyEyeballs4RayItem.PrioritizeIPv6,None; apps/desktop/lib/features/settings/option_setting_window.dart:1067; apps/desktop/lib/features/settings/option_setting_window.dart:1069,crates/config_codegen/src/xray/dns.rs:349 set_sockopt_domain_strategy (switch gate missing),"{""xray"": [""dns Happy Eyeballs prioritizeIPv6""], ""sing-box"": []}",restart_core,identified,AUD-ENG-01,"; docs/evidence/repair/R4-13.S11/README.md (historical evidence, not fresh real-OS validation); docs/evidence/tun-settings-audit-2026-10-05/engine-probe/locked-replay.log (fresh pure reproduction)",false,"parameters reach Xray output even when EnableHappyEyeballs is false; Xray-specific, and matching transport/mux/domain strategy must be active",v2rayN/ServiceLib/Models/Configs/ConfigItems.cs::HappyEyeballs4RayItem.PrioritizeIPv6,leaf
FLD-CFG-179,HappyEyeballs4RayItem,HappyEyeballs4RayItem.Interleave,None; apps/desktop/lib/features/settings/option_setting_window.dart:1073; apps/desktop/lib/features/settings/option_setting_window.dart:1074,crates/config_codegen/src/xray/dns.rs:349 set_sockopt_domain_strategy (switch gate missing),"{""xray"": [""dns Happy Eyeballs interleave""], ""sing-box"": []}",restart_core,identified,AUD-ENG-01,"crates/application/src/codegen.rs:401; docs/evidence/repair/R4-13.S11/README.md (historical evidence, not fresh real-OS validation); docs/evidence/tun-settings-audit-2026-10-05/engine-probe/locked-replay.log (fresh pure reproduction)",false,"parameters reach Xray output even when EnableHappyEyeballs is false; Xray-specific, and matching transport/mux/domain strategy must be active",v2rayN/ServiceLib/Models/Configs/ConfigItems.cs::HappyEyeballs4RayItem.Interleave,leaf
FLD-CFG-180,HappyEyeballs4RayItem,HappyEyeballs4RayItem.MaxConcurrentTry,None; apps/desktop/lib/features/settings/option_setting_window.dart:1078; apps/desktop/lib/features/settings/option_setting_window.dart:1080,crates/config_codegen/src/xray/dns.rs:349 set_sockopt_domain_strategy (switch gate missing),"{""xray"": [""dns Happy Eyeballs maxConcurrentTry""], ""sing-box"": []}",restart_core,identified,AUD-ENG-01,"crates/application/src/codegen.rs:402; crates/application/src/codegen.rs:403; docs/evidence/repair/R4-13.S11/README.md (historical evidence, not fresh real-OS validation); docs/evidence/tun-settings-audit-2026-10-05/engine-probe/locked-replay.log (fresh pure reproduction)",false,"parameters reach Xray output even when EnableHappyEyeballs is false; Xray-specific, and matching transport/mux/domain strategy must be active",v2rayN/ServiceLib/Models/Configs/ConfigItems.cs::HappyEyeballs4RayItem.MaxConcurrentTry,leaf
