Resolving dependencies...
Downloading packages...
  cross_file 0.3.5+5 (0.4.0 available)
  cupertino_icons 1.0.9 (2.0.0 available)
  material_color_utilities 0.13.0 (0.13.1 available)
  meta 1.18.3 (1.19.0 available)
  qr 3.0.2 (4.0.0 available)
  system_tray 0.1.1 (2.0.3 available)
  test_api 0.7.12 (0.7.14 available)
  vector_math 2.4.0 (2.4.3 available)
Got dependencies!
8 packages have newer versions incompatible with dependency constraints.
Try `flutter pub outdated` for more information.

00:00 +0: loading C:/Users/Colby/Documents/Codex/2026-10-01/v2rayn-flclash-rust-v2rayn/apps/desktop/test/context_menu_model_test.dart                                                                  
00:01 +0: loading C:/Users/Colby/Documents/Codex/2026-10-01/v2rayn-flclash-rust-v2rayn/apps/desktop/test/context_menu_model_test.dart                                                                  
00:01 +0: C:/Users/Colby/Documents/Codex/2026-10-01/v2rayn-flclash-rust-v2rayn/apps/desktop/test/context_menu_model_test.dart: context menu entries match LAY-PROFILES-004 / ACT-PROF-*                
00:01 +1: C:/Users/Colby/Documents/Codex/2026-10-01/v2rayn-flclash-rust-v2rayn/apps/desktop/test/context_menu_model_test.dart: context menu entries match LAY-PROFILES-004 / ACT-PROF-*                
00:01 +1: C:/Users/Colby/Documents/Codex/2026-10-01/v2rayn-flclash-rust-v2rayn/apps/desktop/test/context_menu_model_test.dart: restores the frozen upstream 17-root / 4-separator structure            
00:01 +2: C:/Users/Colby/Documents/Codex/2026-10-01/v2rayn-flclash-rust-v2rayn/apps/desktop/test/context_menu_model_test.dart: restores the frozen upstream 17-root / 4-separator structure            
00:01 +2: loading C:/Users/Colby/Documents/Codex/2026-10-01/v2rayn-flclash-rust-v2rayn/apps/desktop/test/context_menu_move_test.dart                                                                   
00:02 +2: loading C:/Users/Colby/Documents/Codex/2026-10-01/v2rayn-flclash-rust-v2rayn/apps/desktop/test/context_menu_move_test.dart                                                                   
00:02 +2: C:/Users/Colby/Documents/Codex/2026-10-01/v2rayn-flclash-rust-v2rayn/apps/desktop/test/context_menu_move_test.dart: move-to-group rewrites subid through the real save path                  
00:02 +3: C:/Users/Colby/Documents/Codex/2026-10-01/v2rayn-flclash-rust-v2rayn/apps/desktop/test/context_menu_move_test.dart: move-to-group rewrites subid through the real save path                  
00:02 +3: C:/Users/Colby/Documents/Codex/2026-10-01/v2rayn-flclash-rust-v2rayn/apps/desktop/test/context_menu_move_test.dart: move-to-group to no-group clears subid                                   
00:02 +4: C:/Users/Colby/Documents/Codex/2026-10-01/v2rayn-flclash-rust-v2rayn/apps/desktop/test/context_menu_move_test.dart: move-to-group to no-group clears subid                                   
00:02 +4: C:/Users/Colby/Documents/Codex/2026-10-01/v2rayn-flclash-rust-v2rayn/apps/desktop/test/context_menu_move_test.dart: move-to-group reports failure when a target vanished                     
00:02 +5: C:/Users/Colby/Documents/Codex/2026-10-01/v2rayn-flclash-rust-v2rayn/apps/desktop/test/context_menu_move_test.dart: move-to-group reports failure when a target vanished                     
00:02 +5: loading C:/Users/Colby/Documents/Codex/2026-10-01/v2rayn-flclash-rust-v2rayn/apps/desktop/test/fix02_tuic_editor_test.dart                                                                   
00:02 +5: C:/Users/Colby/Documents/Codex/2026-10-01/v2rayn-flclash-rust-v2rayn/apps/desktop/test/fix02_tuic_editor_test.dart: TUIC exposes distinct UUID (username) and password fields                
00:03 +5: C:/Users/Colby/Documents/Codex/2026-10-01/v2rayn-flclash-rust-v2rayn/apps/desktop/test/fix02_tuic_editor_test.dart: TUIC exposes distinct UUID (username) and password fields                
00:03 +6: C:/Users/Colby/Documents/Codex/2026-10-01/v2rayn-flclash-rust-v2rayn/apps/desktop/test/fix02_tuic_editor_test.dart: TUIC exposes distinct UUID (username) and password fields                
00:03 +6: C:/Users/Colby/Documents/Codex/2026-10-01/v2rayn-flclash-rust-v2rayn/apps/desktop/test/fix02_tuic_editor_test.dart: TUIC save keeps UUID and password separate across reopen                 
00:03 +7: C:/Users/Colby/Documents/Codex/2026-10-01/v2rayn-flclash-rust-v2rayn/apps/desktop/test/fix02_tuic_editor_test.dart: TUIC save keeps UUID and password separate across reopen                 
00:03 +7: C:/Users/Colby/Documents/Codex/2026-10-01/v2rayn-flclash-rust-v2rayn/apps/desktop/test/fix02_tuic_editor_test.dart: TUIC UUID must be a UUID; password must be non-empty                     
00:03 +8: C:/Users/Colby/Documents/Codex/2026-10-01/v2rayn-flclash-rust-v2rayn/apps/desktop/test/fix02_tuic_editor_test.dart: TUIC UUID must be a UUID; password must be non-empty                     
00:03 +8: C:/Users/Colby/Documents/Codex/2026-10-01/v2rayn-flclash-rust-v2rayn/apps/desktop/test/fix02_tuic_editor_test.dart: selecting Reality reveals its fields without reopening                   
00:04 +8: C:/Users/Colby/Documents/Codex/2026-10-01/v2rayn-flclash-rust-v2rayn/apps/desktop/test/fix02_tuic_editor_test.dart: selecting Reality reveals its fields without reopening                   
00:04 +9: C:/Users/Colby/Documents/Codex/2026-10-01/v2rayn-flclash-rust-v2rayn/apps/desktop/test/fix02_tuic_editor_test.dart: selecting Reality reveals its fields without reopening                   
00:04 +9: C:/Users/Colby/Documents/Codex/2026-10-01/v2rayn-flclash-rust-v2rayn/apps/desktop/test/fix02_tuic_editor_test.dart: unknown dropdown value falls back instead of asserting                   
00:04 +10: C:/Users/Colby/Documents/Codex/2026-10-01/v2rayn-flclash-rust-v2rayn/apps/desktop/test/fix02_tuic_editor_test.dart: unknown dropdown value falls back instead of asserting                  
00:04 +10: C:/Users/Colby/Documents/Codex/2026-10-01/v2rayn-flclash-rust-v2rayn/apps/desktop/test/fix02_tuic_editor_test.dart: Fingerprint candidates include randomized and empty                     
00:04 +11: C:/Users/Colby/Documents/Codex/2026-10-01/v2rayn-flclash-rust-v2rayn/apps/desktop/test/fix02_tuic_editor_test.dart: Fingerprint candidates include randomized and empty                     
00:04 +11: C:/Users/Colby/Documents/Codex/2026-10-01/v2rayn-flclash-rust-v2rayn/apps/desktop/test/fix02_tuic_editor_test.dart: VLESS encryption is an editable text field                              
00:04 +12: C:/Users/Colby/Documents/Codex/2026-10-01/v2rayn-flclash-rust-v2rayn/apps/desktop/test/fix02_tuic_editor_test.dart: VLESS encryption is an editable text field                              
00:04 +12: C:/Users/Colby/Documents/Codex/2026-10-01/v2rayn-flclash-rust-v2rayn/apps/desktop/test/fix02_tuic_editor_test.dart: remarks-only save does not reset security/transport values              
00:04 +13: C:/Users/Colby/Documents/Codex/2026-10-01/v2rayn-flclash-rust-v2rayn/apps/desktop/test/fix02_tuic_editor_test.dart: remarks-only save does not reset security/transport values              
00:04 +13: C:/Users/Colby/Documents/Codex/2026-10-01/v2rayn-flclash-rust-v2rayn/apps/desktop/test/fix02_tuic_editor_test.dart: UUID generate button fills the UUID field                               
00:04 +14: C:/Users/Colby/Documents/Codex/2026-10-01/v2rayn-flclash-rust-v2rayn/apps/desktop/test/fix02_tuic_editor_test.dart: UUID generate button fills the UUID field                               
00:04 +14: C:/Users/Colby/Documents/Codex/2026-10-01/v2rayn-flclash-rust-v2rayn/apps/desktop/test/fix02_tuic_editor_test.dart: Cert SHA-256 helpers parse PEM chains deterministically                 
00:04 +15: C:/Users/Colby/Documents/Codex/2026-10-01/v2rayn-flclash-rust-v2rayn/apps/desktop/test/fix02_tuic_editor_test.dart: Cert SHA-256 helpers parse PEM chains deterministically                 
00:04 +15: C:/Users/Colby/Documents/Codex/2026-10-01/v2rayn-flclash-rust-v2rayn/apps/desktop/test/fix02_tuic_editor_test.dart: editing Cert auto-derives CertSha on save                               
00:04 +16: C:/Users/Colby/Documents/Codex/2026-10-01/v2rayn-flclash-rust-v2rayn/apps/desktop/test/fix02_tuic_editor_test.dart: editing Cert auto-derives CertSha on save                               
00:04 +16: loading C:/Users/Colby/Documents/Codex/2026-10-01/v2rayn-flclash-rust-v2rayn/apps/desktop/test/fix03b_custom_browse_test.dart                                                               
00:05 +16: loading C:/Users/Colby/Documents/Codex/2026-10-01/v2rayn-flclash-rust-v2rayn/apps/desktop/test/fix03b_custom_browse_test.dart                                                               
00:05 +16: C:/Users/Colby/Documents/Codex/2026-10-01/v2rayn-flclash-rust-v2rayn/apps/desktop/test/fix03b_custom_browse_test.dart: resolveCustomConfigPath absolute path is used as-is                  
00:05 +17: C:/Users/Colby/Documents/Codex/2026-10-01/v2rayn-flclash-rust-v2rayn/apps/desktop/test/fix03b_custom_browse_test.dart: resolveCustomConfigPath absolute path is used as-is                  
00:05 +17: C:/Users/Colby/Documents/Codex/2026-10-01/v2rayn-flclash-rust-v2rayn/apps/desktop/test/fix03b_custom_browse_test.dart: resolveCustomConfigPath relative name joins dataDir/config           
00:05 +18: C:/Users/Colby/Documents/Codex/2026-10-01/v2rayn-flclash-rust-v2rayn/apps/desktop/test/fix03b_custom_browse_test.dart: resolveCustomConfigPath relative name joins dataDir/config           
00:05 +18: C:/Users/Colby/Documents/Codex/2026-10-01/v2rayn-flclash-rust-v2rayn/apps/desktop/test/fix03b_custom_browse_test.dart: defaultCustomRemarks matches upstream custom/outbound prefixes       
00:05 +19: C:/Users/Colby/Documents/Codex/2026-10-01/v2rayn-flclash-rust-v2rayn/apps/desktop/test/fix03b_custom_browse_test.dart: defaultCustomRemarks matches upstream custom/outbound prefixes       
00:05 +19: C:/Users/Colby/Documents/Codex/2026-10-01/v2rayn-flclash-rust-v2rayn/apps/desktop/test/fix03b_custom_browse_test.dart: ... seam records source and returns a stored name with the extension 
00:05 +20: C:/Users/Colby/Documents/Codex/2026-10-01/v2rayn-flclash-rust-v2rayn/apps/desktop/test/fix03b_custom_browse_test.dart: ... seam records source and returns a stored name with the extension 
00:05 +20: C:/Users/Colby/Documents/Codex/2026-10-01/v2rayn-flclash-rust-v2rayn/apps/desktop/test/fix03b_custom_browse_test.dart: ... custom seam reports a structured failure when forced             
00:05 +21: C:/Users/Colby/Documents/Codex/2026-10-01/v2rayn-flclash-rust-v2rayn/apps/desktop/test/fix03b_custom_browse_test.dart: ... custom seam reports a structured failure when forced             
00:05 +21: C:/Users/Colby/Documents/Codex/2026-10-01/v2rayn-flclash-rust-v2rayn/apps/desktop/test/fix03b_custom_browse_test.dart: custom editor Browse copies the picked file and rewrites Address     
00:06 +21: C:/Users/Colby/Documents/Codex/2026-10-01/v2rayn-flclash-rust-v2rayn/apps/desktop/test/fix03b_custom_browse_test.dart: custom editor Browse copies the picked file and rewrites Address     
00:06 +22: C:/Users/Colby/Documents/Codex/2026-10-01/v2rayn-flclash-rust-v2rayn/apps/desktop/test/fix03b_custom_browse_test.dart: custom editor Browse copies the picked file and rewrites Address     
00:06 +22: C:/Users/Colby/Documents/Codex/2026-10-01/v2rayn-flclash-rust-v2rayn/apps/desktop/test/fix03b_custom_browse_test.dart: custom editor Browse outbound empty remarks gets the outbound prefix 
00:07 +22: C:/Users/Colby/Documents/Codex/2026-10-01/v2rayn-flclash-rust-v2rayn/apps/desktop/test/fix03b_custom_browse_test.dart: custom editor Browse outbound empty remarks gets the outbound prefix 
00:07 +23: C:/Users/Colby/Documents/Codex/2026-10-01/v2rayn-flclash-rust-v2rayn/apps/desktop/test/fix03b_custom_browse_test.dart: custom editor Browse outbound empty remarks gets the outbound prefix 
00:07 +24: C:/Users/Colby/Documents/Codex/2026-10-01/v2rayn-flclash-rust-v2rayn/apps/desktop/test/fix03b_custom_browse_test.dart: custom editor Browse outbound empty remarks gets the outbound prefix 
00:07 +25: C:/Users/Colby/Documents/Codex/2026-10-01/v2rayn-flclash-rust-v2rayn/apps/desktop/test/fix03b_custom_browse_test.dart: custom editor Browse outbound empty remarks gets the outbound prefix 
00:07 +26: C:/Users/Colby/Documents/Codex/2026-10-01/v2rayn-flclash-rust-v2rayn/apps/desktop/test/fix03b_custom_browse_test.dart: custom editor Browse outbound empty remarks gets the outbound prefix 
00:07 +27: C:/Users/Colby/Documents/Codex/2026-10-01/v2rayn-flclash-rust-v2rayn/apps/desktop/test/fix03b_custom_browse_test.dart: custom editor Browse outbound empty remarks gets the outbound prefix 
00:08 +27: C:/Users/Colby/Documents/Codex/2026-10-01/v2rayn-flclash-rust-v2rayn/apps/desktop/test/fix03b_custom_browse_test.dart: custom editor Browse outbound empty remarks gets the outbound prefix 
00:08 +28: C:/Users/Colby/Documents/Codex/2026-10-01/v2rayn-flclash-rust-v2rayn/apps/desktop/test/fix03b_custom_browse_test.dart: custom editor Browse outbound empty remarks gets the outbound prefix 
00:08 +29: C:/Users/Colby/Documents/Codex/2026-10-01/v2rayn-flclash-rust-v2rayn/apps/desktop/test/fix03b_custom_browse_test.dart: custom editor Browse outbound empty remarks gets the outbound prefix 
00:08 +30: C:/Users/Colby/Documents/Codex/2026-10-01/v2rayn-flclash-rust-v2rayn/apps/desktop/test/fix03b_custom_browse_test.dart: custom editor Browse outbound empty remarks gets the outbound prefix 
00:09 +30: C:/Users/Colby/Documents/Codex/2026-10-01/v2rayn-flclash-rust-v2rayn/apps/desktop/test/fix03b_custom_browse_test.dart: custom editor Browse outbound empty remarks gets the outbound prefix 
00:09 +31: C:/Users/Colby/Documents/Codex/2026-10-01/v2rayn-flclash-rust-v2rayn/apps/desktop/test/fix03b_custom_browse_test.dart: custom editor Browse outbound empty remarks gets the outbound prefix 
00:09 +32: C:/Users/Colby/Documents/Codex/2026-10-01/v2rayn-flclash-rust-v2rayn/apps/desktop/test/fix03b_custom_browse_test.dart: custom editor Browse outbound empty remarks gets the outbound prefix 
00:09 +33: C:/Users/Colby/Documents/Codex/2026-10-01/v2rayn-flclash-rust-v2rayn/apps/desktop/test/fix03b_custom_browse_test.dart: custom editor Browse outbound empty remarks gets the outbound prefix 
00:09 +34: C:/Users/Colby/Documents/Codex/2026-10-01/v2rayn-flclash-rust-v2rayn/apps/desktop/test/fix03b_custom_browse_test.dart: custom editor Browse outbound empty remarks gets the outbound prefix 
00:09 +35: C:/Users/Colby/Documents/Codex/2026-10-01/v2rayn-flclash-rust-v2rayn/apps/desktop/test/fix03b_custom_browse_test.dart: custom editor Browse outbound empty remarks gets the outbound prefix 
00:09 +36: C:/Users/Colby/Documents/Codex/2026-10-01/v2rayn-flclash-rust-v2rayn/apps/desktop/test/fix03b_custom_browse_test.dart: custom editor Browse outbound empty remarks gets the outbound prefix 
00:10 +36: C:/Users/Colby/Documents/Codex/2026-10-01/v2rayn-flclash-rust-v2rayn/apps/desktop/test/fix03b_custom_browse_test.dart: custom editor Browse outbound empty remarks gets the outbound prefix 
00:11 +36: C:/Users/Colby/Documents/Codex/2026-10-01/v2rayn-flclash-rust-v2rayn/apps/desktop/test/fix03b_custom_browse_test.dart: custom editor Browse outbound empty remarks gets the outbound prefix 
00:11 +37: C:/Users/Colby/Documents/Codex/2026-10-01/v2rayn-flclash-rust-v2rayn/apps/desktop/test/fix03b_custom_browse_test.dart: custom editor Browse outbound empty remarks gets the outbound prefix 
00:11 +38: C:/Users/Colby/Documents/Codex/2026-10-01/v2rayn-flclash-rust-v2rayn/apps/desktop/test/fix03b_custom_browse_test.dart: custom editor Browse outbound empty remarks gets the outbound prefix 
00:11 +39: C:/Users/Colby/Documents/Codex/2026-10-01/v2rayn-flclash-rust-v2rayn/apps/desktop/test/fix03b_custom_browse_test.dart: custom editor Browse outbound empty remarks gets the outbound prefix 
00:11 +40: C:/Users/Colby/Documents/Codex/2026-10-01/v2rayn-flclash-rust-v2rayn/apps/desktop/test/fix03b_custom_browse_test.dart: custom editor Browse outbound empty remarks gets the outbound prefix 
00:12 +40: C:/Users/Colby/Documents/Codex/2026-10-01/v2rayn-flclash-rust-v2rayn/apps/desktop/test/fix03b_custom_browse_test.dart: custom editor Browse outbound empty remarks gets the outbound prefix 
00:13 +40: C:/Users/Colby/Documents/Codex/2026-10-01/v2rayn-flclash-rust-v2rayn/apps/desktop/test/fix03b_custom_browse_test.dart: custom editor Browse outbound empty remarks gets the outbound prefix 
00:13 +41: C:/Users/Colby/Documents/Codex/2026-10-01/v2rayn-flclash-rust-v2rayn/apps/desktop/test/fix03b_custom_browse_test.dart: custom editor Browse outbound empty remarks gets the outbound prefix 
00:14 +41: C:/Users/Colby/Documents/Codex/2026-10-01/v2rayn-flclash-rust-v2rayn/apps/desktop/test/fix03b_custom_browse_test.dart: custom editor Browse outbound empty remarks gets the outbound prefix 
00:14 +42: C:/Users/Colby/Documents/Codex/2026-10-01/v2rayn-flclash-rust-v2rayn/apps/desktop/test/fix03b_custom_browse_test.dart: custom editor Browse outbound empty remarks gets the outbound prefix 
00:14 +43: C:/Users/Colby/Documents/Codex/2026-10-01/v2rayn-flclash-rust-v2rayn/apps/desktop/test/fix03b_custom_browse_test.dart: custom editor Browse outbound empty remarks gets the outbound prefix 
00:14 +44: C:/Users/Colby/Documents/Codex/2026-10-01/v2rayn-flclash-rust-v2rayn/apps/desktop/test/fix03b_custom_browse_test.dart: custom editor Browse outbound empty remarks gets the outbound prefix 
00:14 +45: C:/Users/Colby/Documents/Codex/2026-10-01/v2rayn-flclash-rust-v2rayn/apps/desktop/test/fix03b_custom_browse_test.dart: custom editor Browse outbound empty remarks gets the outbound prefix 
00:14 +46: C:/Users/Colby/Documents/Codex/2026-10-01/v2rayn-flclash-rust-v2rayn/apps/desktop/test/fix03b_custom_browse_test.dart: custom editor Browse outbound empty remarks gets the outbound prefix 
00:14 +47: C:/Users/Colby/Documents/Codex/2026-10-01/v2rayn-flclash-rust-v2rayn/apps/desktop/test/fix03b_custom_browse_test.dart: custom editor Browse outbound empty remarks gets the outbound prefix 
00:14 +48: C:/Users/Colby/Documents/Codex/2026-10-01/v2rayn-flclash-rust-v2rayn/apps/desktop/test/fix03b_custom_browse_test.dart: custom editor Browse outbound empty remarks gets the outbound prefix 
00:15 +48: C:/Users/Colby/Documents/Codex/2026-10-01/v2rayn-flclash-rust-v2rayn/apps/desktop/test/fix03b_custom_browse_test.dart: custom editor Browse outbound empty remarks gets the outbound prefix 
00:16 +48: C:/Users/Colby/Documents/Codex/2026-10-01/v2rayn-flclash-rust-v2rayn/apps/desktop/test/fix03b_custom_browse_test.dart: custom editor Browse outbound empty remarks gets the outbound prefix 
00:16 +49: C:/Users/Colby/Documents/Codex/2026-10-01/v2rayn-flclash-rust-v2rayn/apps/desktop/test/fix03b_custom_browse_test.dart: custom editor Browse outbound empty remarks gets the outbound prefix 
00:17 +49: C:/Users/Colby/Documents/Codex/2026-10-01/v2rayn-flclash-rust-v2rayn/apps/desktop/test/fix03b_custom_browse_test.dart: custom editor Browse outbound empty remarks gets the outbound prefix 
00:17 +50: C:/Users/Colby/Documents/Codex/2026-10-01/v2rayn-flclash-rust-v2rayn/apps/desktop/test/fix03b_custom_browse_test.dart: custom editor Browse outbound empty remarks gets the outbound prefix 
00:18 +50: C:/Users/Colby/Documents/Codex/2026-10-01/v2rayn-flclash-rust-v2rayn/apps/desktop/test/fix03b_custom_browse_test.dart: custom editor Browse outbound empty remarks gets the outbound prefix 
00:18 +51: C:/Users/Colby/Documents/Codex/2026-10-01/v2rayn-flclash-rust-v2rayn/apps/desktop/test/fix03b_custom_browse_test.dart: custom editor Browse outbound empty remarks gets the outbound prefix 
00:19 +51: C:/Users/Colby/Documents/Codex/2026-10-01/v2rayn-flclash-rust-v2rayn/apps/desktop/test/fix03b_custom_browse_test.dart: custom editor Browse outbound empty remarks gets the outbound prefix 
00:20 +51: C:/Users/Colby/Documents/Codex/2026-10-01/v2rayn-flclash-rust-v2rayn/apps/desktop/test/fix03b_custom_browse_test.dart: custom editor Browse outbound empty remarks gets the outbound prefix 
00:20 +52: C:/Users/Colby/Documents/Codex/2026-10-01/v2rayn-flclash-rust-v2rayn/apps/desktop/test/fix03b_custom_browse_test.dart: custom editor Browse outbound empty remarks gets the outbound prefix 
00:20 +53: C:/Users/Colby/Documents/Codex/2026-10-01/v2rayn-flclash-rust-v2rayn/apps/desktop/test/fix03b_custom_browse_test.dart: custom editor Browse outbound empty remarks gets the outbound prefix 
00:20 +54: C:/Users/Colby/Documents/Codex/2026-10-01/v2rayn-flclash-rust-v2rayn/apps/desktop/test/fix03b_custom_browse_test.dart: custom editor Browse outbound empty remarks gets the outbound prefix 
00:21 +54: C:/Users/Colby/Documents/Codex/2026-10-01/v2rayn-flclash-rust-v2rayn/apps/desktop/test/fix03b_custom_browse_test.dart: custom editor Browse outbound empty remarks gets the outbound prefix 
00:21 +55: C:/Users/Colby/Documents/Codex/2026-10-01/v2rayn-flclash-rust-v2rayn/apps/desktop/test/fix03b_custom_browse_test.dart: custom editor Browse outbound empty remarks gets the outbound prefix 
00:21 +56: C:/Users/Colby/Documents/Codex/2026-10-01/v2rayn-flclash-rust-v2rayn/apps/desktop/test/fix03b_custom_browse_test.dart: custom editor Browse outbound empty remarks gets the outbound prefix 
00:21 +57: C:/Users/Colby/Documents/Codex/2026-10-01/v2rayn-flclash-rust-v2rayn/apps/desktop/test/fix03b_custom_browse_test.dart: custom editor Browse outbound empty remarks gets the outbound prefix 
00:21 +58: C:/Users/Colby/Documents/Codex/2026-10-01/v2rayn-flclash-rust-v2rayn/apps/desktop/test/fix03b_custom_browse_test.dart: custom editor Browse outbound empty remarks gets the outbound prefix 
00:21 +59: C:/Users/Colby/Documents/Codex/2026-10-01/v2rayn-flclash-rust-v2rayn/apps/desktop/test/fix03b_custom_browse_test.dart: custom editor Browse outbound empty remarks gets the outbound prefix 
00:21 +60: C:/Users/Colby/Documents/Codex/2026-10-01/v2rayn-flclash-rust-v2rayn/apps/desktop/test/fix03b_custom_browse_test.dart: custom editor Browse outbound empty remarks gets the outbound prefix 
00:21 +61: C:/Users/Colby/Documents/Codex/2026-10-01/v2rayn-flclash-rust-v2rayn/apps/desktop/test/fix03b_custom_browse_test.dart: custom editor Browse outbound empty remarks gets the outbound prefix 
00:21 +62: C:/Users/Colby/Documents/Codex/2026-10-01/v2rayn-flclash-rust-v2rayn/apps/desktop/test/fix03b_custom_browse_test.dart: custom editor Browse outbound empty remarks gets the outbound prefix 
00:22 +62: C:/Users/Colby/Documents/Codex/2026-10-01/v2rayn-flclash-rust-v2rayn/apps/desktop/test/fix03b_custom_browse_test.dart: custom editor Browse outbound empty remarks gets the outbound prefix 
00:22 +63: C:/Users/Colby/Documents/Codex/2026-10-01/v2rayn-flclash-rust-v2rayn/apps/desktop/test/fix03b_custom_browse_test.dart: custom editor Browse outbound empty remarks gets the outbound prefix 
00:22 +64: C:/Users/Colby/Documents/Codex/2026-10-01/v2rayn-flclash-rust-v2rayn/apps/desktop/test/fix03b_custom_browse_test.dart: custom editor Browse outbound empty remarks gets the outbound prefix 
00:22 +65: C:/Users/Colby/Documents/Codex/2026-10-01/v2rayn-flclash-rust-v2rayn/apps/desktop/test/fix03b_custom_browse_test.dart: custom editor Browse outbound empty remarks gets the outbound prefix 
00:22 +66: C:/Users/Colby/Documents/Codex/2026-10-01/v2rayn-flclash-rust-v2rayn/apps/desktop/test/fix03b_custom_browse_test.dart: custom editor Browse outbound empty remarks gets the outbound prefix 
00:22 +67: C:/Users/Colby/Documents/Codex/2026-10-01/v2rayn-flclash-rust-v2rayn/apps/desktop/test/fix03b_custom_browse_test.dart: custom editor Browse outbound empty remarks gets the outbound prefix 
00:23 +67: C:/Users/Colby/Documents/Codex/2026-10-01/v2rayn-flclash-rust-v2rayn/apps/desktop/test/fix03b_custom_browse_test.dart: custom editor Browse outbound empty remarks gets the outbound prefix 
00:23 +68: C:/Users/Colby/Documents/Codex/2026-10-01/v2rayn-flclash-rust-v2rayn/apps/desktop/test/fix03b_custom_browse_test.dart: custom editor Browse outbound empty remarks gets the outbound prefix 
00:23 +69: C:/Users/Colby/Documents/Codex/2026-10-01/v2rayn-flclash-rust-v2rayn/apps/desktop/test/fix03b_custom_browse_test.dart: custom editor Browse outbound empty remarks gets the outbound prefix 
00:23 +70: C:/Users/Colby/Documents/Codex/2026-10-01/v2rayn-flclash-rust-v2rayn/apps/desktop/test/fix03b_custom_browse_test.dart: custom editor Browse outbound empty remarks gets the outbound prefix 
00:23 +71: C:/Users/Colby/Documents/Codex/2026-10-01/v2rayn-flclash-rust-v2rayn/apps/desktop/test/fix03b_custom_browse_test.dart: custom editor Browse outbound empty remarks gets the outbound prefix 
00:23 +72: C:/Users/Colby/Documents/Codex/2026-10-01/v2rayn-flclash-rust-v2rayn/apps/desktop/test/fix03b_custom_browse_test.dart: custom editor Browse outbound empty remarks gets the outbound prefix 
00:23 +73: C:/Users/Colby/Documents/Codex/2026-10-01/v2rayn-flclash-rust-v2rayn/apps/desktop/test/fix03b_custom_browse_test.dart: custom editor Browse outbound empty remarks gets the outbound prefix 
00:23 +74: C:/Users/Colby/Documents/Codex/2026-10-01/v2rayn-flclash-rust-v2rayn/apps/desktop/test/fix03b_custom_browse_test.dart: custom editor Browse outbound empty remarks gets the outbound prefix 
00:23 +75: C:/Users/Colby/Documents/Codex/2026-10-01/v2rayn-flclash-rust-v2rayn/apps/desktop/test/fix03b_custom_browse_test.dart: custom editor Browse outbound empty remarks gets the outbound prefix 
00:23 +76: C:/Users/Colby/Documents/Codex/2026-10-01/v2rayn-flclash-rust-v2rayn/apps/desktop/test/fix03b_custom_browse_test.dart: custom editor Browse outbound empty remarks gets the outbound prefix 
00:23 +77: C:/Users/Colby/Documents/Codex/2026-10-01/v2rayn-flclash-rust-v2rayn/apps/desktop/test/fix03b_custom_browse_test.dart: custom editor Browse outbound empty remarks gets the outbound prefix 
00:23 +78: C:/Users/Colby/Documents/Codex/2026-10-01/v2rayn-flclash-rust-v2rayn/apps/desktop/test/fix03b_custom_browse_test.dart: custom editor Browse outbound empty remarks gets the outbound prefix 
00:24 +78: C:/Users/Colby/Documents/Codex/2026-10-01/v2rayn-flclash-rust-v2rayn/apps/desktop/test/fix03b_custom_browse_test.dart: custom editor Browse outbound empty remarks gets the outbound prefix 
00:24 +79: C:/Users/Colby/Documents/Codex/2026-10-01/v2rayn-flclash-rust-v2rayn/apps/desktop/test/fix03b_custom_browse_test.dart: custom editor Browse outbound empty remarks gets the outbound prefix 
00:24 +80: C:/Users/Colby/Documents/Codex/2026-10-01/v2rayn-flclash-rust-v2rayn/apps/desktop/test/fix03b_custom_browse_test.dart: custom editor Browse outbound empty remarks gets the outbound prefix 
00:24 +81: C:/Users/Colby/Documents/Codex/2026-10-01/v2rayn-flclash-rust-v2rayn/apps/desktop/test/fix03b_custom_browse_test.dart: custom editor Browse outbound empty remarks gets the outbound prefix 
00:24 +82: C:/Users/Colby/Documents/Codex/2026-10-01/v2rayn-flclash-rust-v2rayn/apps/desktop/test/fix03b_custom_browse_test.dart: custom editor Browse outbound empty remarks gets the outbound prefix 
00:24 +83: C:/Users/Colby/Documents/Codex/2026-10-01/v2rayn-flclash-rust-v2rayn/apps/desktop/test/fix03b_custom_browse_test.dart: custom editor Browse outbound empty remarks gets the outbound prefix 
00:24 +84: C:/Users/Colby/Documents/Codex/2026-10-01/v2rayn-flclash-rust-v2rayn/apps/desktop/test/fix03b_custom_browse_test.dart: custom editor Browse outbound empty remarks gets the outbound prefix 
00:24 +85: C:/Users/Colby/Documents/Codex/2026-10-01/v2rayn-flclash-rust-v2rayn/apps/desktop/test/fix03b_custom_browse_test.dart: custom editor Browse outbound empty remarks gets the outbound prefix 
00:24 +86: C:/Users/Colby/Documents/Codex/2026-10-01/v2rayn-flclash-rust-v2rayn/apps/desktop/test/fix03b_custom_browse_test.dart: custom editor Browse outbound empty remarks gets the outbound prefix 
00:24 +87: C:/Users/Colby/Documents/Codex/2026-10-01/v2rayn-flclash-rust-v2rayn/apps/desktop/test/fix03b_custom_browse_test.dart: custom editor Browse outbound empty remarks gets the outbound prefix 
00:24 +88: C:/Users/Colby/Documents/Codex/2026-10-01/v2rayn-flclash-rust-v2rayn/apps/desktop/test/fix03b_custom_browse_test.dart: custom editor Browse outbound empty remarks gets the outbound prefix 
00:25 +88: C:/Users/Colby/Documents/Codex/2026-10-01/v2rayn-flclash-rust-v2rayn/apps/desktop/test/fix03b_custom_browse_test.dart: custom editor Browse outbound empty remarks gets the outbound prefix 
00:25 +89: C:/Users/Colby/Documents/Codex/2026-10-01/v2rayn-flclash-rust-v2rayn/apps/desktop/test/fix03b_custom_browse_test.dart: custom editor Browse outbound empty remarks gets the outbound prefix 
00:25 +90: C:/Users/Colby/Documents/Codex/2026-10-01/v2rayn-flclash-rust-v2rayn/apps/desktop/test/fix03b_custom_browse_test.dart: custom editor Browse outbound empty remarks gets the outbound prefix 
00:26 +90: C:/Users/Colby/Documents/Codex/2026-10-01/v2rayn-flclash-rust-v2rayn/apps/desktop/test/fix03b_custom_browse_test.dart: custom editor Browse outbound empty remarks gets the outbound prefix 
00:26 +91: C:/Users/Colby/Documents/Codex/2026-10-01/v2rayn-flclash-rust-v2rayn/apps/desktop/test/fix03b_custom_browse_test.dart: custom editor Browse outbound empty remarks gets the outbound prefix 
00:26 +92: C:/Users/Colby/Documents/Codex/2026-10-01/v2rayn-flclash-rust-v2rayn/apps/desktop/test/fix03b_custom_browse_test.dart: custom editor Browse outbound empty remarks gets the outbound prefix 
00:26 +93: C:/Users/Colby/Documents/Codex/2026-10-01/v2rayn-flclash-rust-v2rayn/apps/desktop/test/fix03b_custom_browse_test.dart: custom editor Browse outbound empty remarks gets the outbound prefix 
00:27 +93: C:/Users/Colby/Documents/Codex/2026-10-01/v2rayn-flclash-rust-v2rayn/apps/desktop/test/fix03b_custom_browse_test.dart: custom editor Browse outbound empty remarks gets the outbound prefix 
00:27 +94: C:/Users/Colby/Documents/Codex/2026-10-01/v2rayn-flclash-rust-v2rayn/apps/desktop/test/fix03b_custom_browse_test.dart: custom editor Browse outbound empty remarks gets the outbound prefix 
00:27 +95: C:/Users/Colby/Documents/Codex/2026-10-01/v2rayn-flclash-rust-v2rayn/apps/desktop/test/fix03b_custom_browse_test.dart: custom editor Browse outbound empty remarks gets the outbound prefix 
00:27 +96: C:/Users/Colby/Documents/Codex/2026-10-01/v2rayn-flclash-rust-v2rayn/apps/desktop/test/fix03b_custom_browse_test.dart: custom editor Browse outbound empty remarks gets the outbound prefix 
00:27 +97: C:/Users/Colby/Documents/Codex/2026-10-01/v2rayn-flclash-rust-v2rayn/apps/desktop/test/fix03b_custom_browse_test.dart: custom editor Browse outbound empty remarks gets the outbound prefix 
00:28 +97: C:/Users/Colby/Documents/Codex/2026-10-01/v2rayn-flclash-rust-v2rayn/apps/desktop/test/fix03b_custom_browse_test.dart: custom editor Browse outbound empty remarks gets the outbound prefix 
00:29 +97: C:/Users/Colby/Documents/Codex/2026-10-01/v2rayn-flclash-rust-v2rayn/apps/desktop/test/fix03b_custom_browse_test.dart: custom editor Browse outbound empty remarks gets the outbound prefix 
00:29 +98: C:/Users/Colby/Documents/Codex/2026-10-01/v2rayn-flclash-rust-v2rayn/apps/desktop/test/fix03b_custom_browse_test.dart: custom editor Browse outbound empty remarks gets the outbound prefix 
00:29 +99: C:/Users/Colby/Documents/Codex/2026-10-01/v2rayn-flclash-rust-v2rayn/apps/desktop/test/fix03b_custom_browse_test.dart: custom editor Browse outbound empty remarks gets the outbound prefix 
00:29 +100: C:/Users/Colby/Documents/Codex/2026-10-01/v2rayn-flclash-rust-v2rayn/apps/desktop/test/fix03b_custom_browse_test.dart: custom editor Browse outbound empty remarks gets the outbound prefix
00:29 +101: C:/Users/Colby/Documents/Codex/2026-10-01/v2rayn-flclash-rust-v2rayn/apps/desktop/test/fix03b_custom_browse_test.dart: custom editor Browse outbound empty remarks gets the outbound prefix
00:29 +102: C:/Users/Colby/Documents/Codex/2026-10-01/v2rayn-flclash-rust-v2rayn/apps/desktop/test/fix03b_custom_browse_test.dart: custom editor Browse outbound empty remarks gets the outbound prefix
00:29 +103: C:/Users/Colby/Documents/Codex/2026-10-01/v2rayn-flclash-rust-v2rayn/apps/desktop/test/fix03b_custom_browse_test.dart: custom editor Browse outbound empty remarks gets the outbound prefix
00:30 +103: C:/Users/Colby/Documents/Codex/2026-10-01/v2rayn-flclash-rust-v2rayn/apps/desktop/test/fix03b_custom_browse_test.dart: custom editor Browse outbound empty remarks gets the outbound prefix
00:31 +103: C:/Users/Colby/Documents/Codex/2026-10-01/v2rayn-flclash-rust-v2rayn/apps/desktop/test/fix03b_custom_browse_test.dart: custom editor Browse outbound empty remarks gets the outbound prefix
00:31 +104: C:/Users/Colby/Documents/Codex/2026-10-01/v2rayn-flclash-rust-v2rayn/apps/desktop/test/fix03b_custom_browse_test.dart: custom editor Browse outbound empty remarks gets the outbound prefix
00:31 +105: C:/Users/Colby/Documents/Codex/2026-10-01/v2rayn-flclash-rust-v2rayn/apps/desktop/test/fix03b_custom_browse_test.dart: custom editor Browse outbound empty remarks gets the outbound prefix
00:32 +105: C:/Users/Colby/Documents/Codex/2026-10-01/v2rayn-flclash-rust-v2rayn/apps/desktop/test/fix03b_custom_browse_test.dart: custom editor Browse outbound empty remarks gets the outbound prefix
00:32 +106: C:/Users/Colby/Documents/Codex/2026-10-01/v2rayn-flclash-rust-v2rayn/apps/desktop/test/fix03b_custom_browse_test.dart: custom editor Browse outbound empty remarks gets the outbound prefix
00:32 +107: C:/Users/Colby/Documents/Codex/2026-10-01/v2rayn-flclash-rust-v2rayn/apps/desktop/test/fix03b_custom_browse_test.dart: custom editor Browse outbound empty remarks gets the outbound prefix
00:32 +108: C:/Users/Colby/Documents/Codex/2026-10-01/v2rayn-flclash-rust-v2rayn/apps/desktop/test/fix03b_custom_browse_test.dart: custom editor Browse outbound empty remarks gets the outbound prefix
00:32 +109: C:/Users/Colby/Documents/Codex/2026-10-01/v2rayn-flclash-rust-v2rayn/apps/desktop/test/fix03b_custom_browse_test.dart: custom editor Browse outbound empty remarks gets the outbound prefix
00:32 +110: C:/Users/Colby/Documents/Codex/2026-10-01/v2rayn-flclash-rust-v2rayn/apps/desktop/test/fix03b_custom_browse_test.dart: custom editor Browse outbound empty remarks gets the outbound prefix
00:32 +111: C:/Users/Colby/Documents/Codex/2026-10-01/v2rayn-flclash-rust-v2rayn/apps/desktop/test/fix03b_custom_browse_test.dart: custom editor Browse outbound empty remarks gets the outbound prefix
00:32 +112: C:/Users/Colby/Documents/Codex/2026-10-01/v2rayn-flclash-rust-v2rayn/apps/desktop/test/fix03b_custom_browse_test.dart: custom editor Browse outbound empty remarks gets the outbound prefix
00:32 +113: C:/Users/Colby/Documents/Codex/2026-10-01/v2rayn-flclash-rust-v2rayn/apps/desktop/test/fix03b_custom_browse_test.dart: custom editor Browse outbound empty remarks gets the outbound prefix
00:32 +114: C:/Users/Colby/Documents/Codex/2026-10-01/v2rayn-flclash-rust-v2rayn/apps/desktop/test/fix03b_custom_browse_test.dart: custom editor Browse outbound empty remarks gets the outbound prefix
00:32 +115: C:/Users/Colby/Documents/Codex/2026-10-01/v2rayn-flclash-rust-v2rayn/apps/desktop/test/fix03b_custom_browse_test.dart: custom editor Browse outbound empty remarks gets the outbound prefix
00:32 +116: C:/Users/Colby/Documents/Codex/2026-10-01/v2rayn-flclash-rust-v2rayn/apps/desktop/test/fix03b_custom_browse_test.dart: custom editor Browse outbound empty remarks gets the outbound prefix
00:32 +117: C:/Users/Colby/Documents/Codex/2026-10-01/v2rayn-flclash-rust-v2rayn/apps/desktop/test/fix03b_custom_browse_test.dart: custom editor Browse outbound empty remarks gets the outbound prefix
00:32 +118: C:/Users/Colby/Documents/Codex/2026-10-01/v2rayn-flclash-rust-v2rayn/apps/desktop/test/fix03b_custom_browse_test.dart: custom editor Browse outbound empty remarks gets the outbound prefix
00:32 +119: C:/Users/Colby/Documents/Codex/2026-10-01/v2rayn-flclash-rust-v2rayn/apps/desktop/test/fix03b_custom_browse_test.dart: custom editor Browse outbound empty remarks gets the outbound prefix
00:32 +120: C:/Users/Colby/Documents/Codex/2026-10-01/v2rayn-flclash-rust-v2rayn/apps/desktop/test/fix03b_custom_browse_test.dart: custom editor Browse outbound empty remarks gets the outbound prefix
00:32 +121: C:/Users/Colby/Documents/Codex/2026-10-01/v2rayn-flclash-rust-v2rayn/apps/desktop/test/fix03b_custom_browse_test.dart: custom editor Browse outbound empty remarks gets the outbound prefix
00:33 +121: C:/Users/Colby/Documents/Codex/2026-10-01/v2rayn-flclash-rust-v2rayn/apps/desktop/test/fix03b_custom_browse_test.dart: custom editor Browse outbound empty remarks gets the outbound prefix
00:33 +122: C:/Users/Colby/Documents/Codex/2026-10-01/v2rayn-flclash-rust-v2rayn/apps/desktop/test/fix03b_custom_browse_test.dart: custom editor Browse outbound empty remarks gets the outbound prefix
00:33 +123: C:/Users/Colby/Documents/Codex/2026-10-01/v2rayn-flclash-rust-v2rayn/apps/desktop/test/fix03b_custom_browse_test.dart: custom editor Browse outbound empty remarks gets the outbound prefix
00:33 +124: C:/Users/Colby/Documents/Codex/2026-10-01/v2rayn-flclash-rust-v2rayn/apps/desktop/test/fix03b_custom_browse_test.dart: custom editor Browse outbound empty remarks gets the outbound prefix
00:33 +125: C:/Users/Colby/Documents/Codex/2026-10-01/v2rayn-flclash-rust-v2rayn/apps/desktop/test/fix03b_custom_browse_test.dart: custom editor Browse outbound empty remarks gets the outbound prefix
00:33 +126: C:/Users/Colby/Documents/Codex/2026-10-01/v2rayn-flclash-rust-v2rayn/apps/desktop/test/fix03b_custom_browse_test.dart: custom editor Browse outbound empty remarks gets the outbound prefix
00:33 +127: C:/Users/Colby/Documents/Codex/2026-10-01/v2rayn-flclash-rust-v2rayn/apps/desktop/test/fix03b_custom_browse_test.dart: custom editor Browse outbound empty remarks gets the outbound prefix
00:33 +128: C:/Users/Colby/Documents/Codex/2026-10-01/v2rayn-flclash-rust-v2rayn/apps/desktop/test/fix03b_custom_browse_test.dart: custom editor Browse outbound empty remarks gets the outbound prefix
00:33 +129: C:/Users/Colby/Documents/Codex/2026-10-01/v2rayn-flclash-rust-v2rayn/apps/desktop/test/fix03b_custom_browse_test.dart: custom editor Browse outbound empty remarks gets the outbound prefix
00:33 +130: C:/Users/Colby/Documents/Codex/2026-10-01/v2rayn-flclash-rust-v2rayn/apps/desktop/test/fix03b_custom_browse_test.dart: custom editor Browse outbound empty remarks gets the outbound prefix
00:34 +130: C:/Users/Colby/Documents/Codex/2026-10-01/v2rayn-flclash-rust-v2rayn/apps/desktop/test/fix03b_custom_browse_test.dart: custom editor Browse outbound empty remarks gets the outbound prefix
00:35 +130: C:/Users/Colby/Documents/Codex/2026-10-01/v2rayn-flclash-rust-v2rayn/apps/desktop/test/fix03b_custom_browse_test.dart: custom editor Browse outbound empty remarks gets the outbound prefix
00:36 +130: C:/Users/Colby/Documents/Codex/2026-10-01/v2rayn-flclash-rust-v2rayn/apps/desktop/test/fix03b_custom_browse_test.dart: custom editor Browse outbound empty remarks gets the outbound prefix
00:36 +131: C:/Users/Colby/Documents/Codex/2026-10-01/v2rayn-flclash-rust-v2rayn/apps/desktop/test/fix03b_custom_browse_test.dart: custom editor Browse outbound empty remarks gets the outbound prefix
00:36 +132: C:/Users/Colby/Documents/Codex/2026-10-01/v2rayn-flclash-rust-v2rayn/apps/desktop/test/fix03b_custom_browse_test.dart: custom editor Browse outbound empty remarks gets the outbound prefix
00:36 +133: C:/Users/Colby/Documents/Codex/2026-10-01/v2rayn-flclash-rust-v2rayn/apps/desktop/test/fix03b_custom_browse_test.dart: custom editor Browse outbound empty remarks gets the outbound prefix
00:36 +134: C:/Users/Colby/Documents/Codex/2026-10-01/v2rayn-flclash-rust-v2rayn/apps/desktop/test/fix03b_custom_browse_test.dart: custom editor Browse outbound empty remarks gets the outbound prefix
00:36 +135: C:/Users/Colby/Documents/Codex/2026-10-01/v2rayn-flclash-rust-v2rayn/apps/desktop/test/fix03b_custom_browse_test.dart: custom editor Browse outbound empty remarks gets the outbound prefix
00:36 +136: C:/Users/Colby/Documents/Codex/2026-10-01/v2rayn-flclash-rust-v2rayn/apps/desktop/test/fix03b_custom_browse_test.dart: custom editor Browse outbound empty remarks gets the outbound prefix
00:36 +137: C:/Users/Colby/Documents/Codex/2026-10-01/v2rayn-flclash-rust-v2rayn/apps/desktop/test/fix03b_custom_browse_test.dart: custom editor Browse outbound empty remarks gets the outbound prefix
00:36 +138: C:/Users/Colby/Documents/Codex/2026-10-01/v2rayn-flclash-rust-v2rayn/apps/desktop/test/fix03b_custom_browse_test.dart: custom editor Browse outbound empty remarks gets the outbound prefix
00:37 +138: C:/Users/Colby/Documents/Codex/2026-10-01/v2rayn-flclash-rust-v2rayn/apps/desktop/test/fix03b_custom_browse_test.dart: custom editor Browse outbound empty remarks gets the outbound prefix
00:37 +139: C:/Users/Colby/Documents/Codex/2026-10-01/v2rayn-flclash-rust-v2rayn/apps/desktop/test/fix03b_custom_browse_test.dart: custom editor Browse outbound empty remarks gets the outbound prefix
00:38 +139: C:/Users/Colby/Documents/Codex/2026-10-01/v2rayn-flclash-rust-v2rayn/apps/desktop/test/fix03b_custom_browse_test.dart: custom editor Browse outbound empty remarks gets the outbound prefix
00:39 +139: C:/Users/Colby/Documents/Codex/2026-10-01/v2rayn-flclash-rust-v2rayn/apps/desktop/test/fix03b_custom_browse_test.dart: custom editor Browse outbound empty remarks gets the outbound prefix
00:39 +140: C:/Users/Colby/Documents/Codex/2026-10-01/v2rayn-flclash-rust-v2rayn/apps/desktop/test/fix03b_custom_browse_test.dart: custom editor Browse outbound empty remarks gets the outbound prefix
00:39 +141: C:/Users/Colby/Documents/Codex/2026-10-01/v2rayn-flclash-rust-v2rayn/apps/desktop/test/fix03b_custom_browse_test.dart: custom editor Browse outbound empty remarks gets the outbound prefix
00:39 +142: C:/Users/Colby/Documents/Codex/2026-10-01/v2rayn-flclash-rust-v2rayn/apps/desktop/test/fix03b_custom_browse_test.dart: custom editor Browse outbound empty remarks gets the outbound prefix
00:39 +143: C:/Users/Colby/Documents/Codex/2026-10-01/v2rayn-flclash-rust-v2rayn/apps/desktop/test/fix03b_custom_browse_test.dart: custom editor Browse outbound empty remarks gets the outbound prefix
00:39 +144: C:/Users/Colby/Documents/Codex/2026-10-01/v2rayn-flclash-rust-v2rayn/apps/desktop/test/fix03b_custom_browse_test.dart: custom editor Browse outbound empty remarks gets the outbound prefix
00:39 +145: C:/Users/Colby/Documents/Codex/2026-10-01/v2rayn-flclash-rust-v2rayn/apps/desktop/test/fix03b_custom_browse_test.dart: custom editor Browse outbound empty remarks gets the outbound prefix
00:39 +146: C:/Users/Colby/Documents/Codex/2026-10-01/v2rayn-flclash-rust-v2rayn/apps/desktop/test/fix03b_custom_browse_test.dart: custom editor Browse outbound empty remarks gets the outbound prefix
00:39 +147: C:/Users/Colby/Documents/Codex/2026-10-01/v2rayn-flclash-rust-v2rayn/apps/desktop/test/fix03b_custom_browse_test.dart: custom editor Browse outbound empty remarks gets the outbound prefix
00:39 +148: C:/Users/Colby/Documents/Codex/2026-10-01/v2rayn-flclash-rust-v2rayn/apps/desktop/test/fix03b_custom_browse_test.dart: custom editor Browse outbound empty remarks gets the outbound prefix
00:39 +149: C:/Users/Colby/Documents/Codex/2026-10-01/v2rayn-flclash-rust-v2rayn/apps/desktop/test/fix03b_custom_browse_test.dart: custom editor Browse outbound empty remarks gets the outbound prefix
00:39 +150: C:/Users/Colby/Documents/Codex/2026-10-01/v2rayn-flclash-rust-v2rayn/apps/desktop/test/fix03b_custom_browse_test.dart: custom editor Browse outbound empty remarks gets the outbound prefix
00:39 +151: C:/Users/Colby/Documents/Codex/2026-10-01/v2rayn-flclash-rust-v2rayn/apps/desktop/test/fix03b_custom_browse_test.dart: custom editor Browse outbound empty remarks gets the outbound prefix
00:40 +151: C:/Users/Colby/Documents/Codex/2026-10-01/v2rayn-flclash-rust-v2rayn/apps/desktop/test/fix03b_custom_browse_test.dart: custom editor Browse outbound empty remarks gets the outbound prefix
00:40 +152: C:/Users/Colby/Documents/Codex/2026-10-01/v2rayn-flclash-rust-v2rayn/apps/desktop/test/fix03b_custom_browse_test.dart: custom editor Browse outbound empty remarks gets the outbound prefix
00:40 +153: C:/Users/Colby/Documents/Codex/2026-10-01/v2rayn-flclash-rust-v2rayn/apps/desktop/test/fix03b_custom_browse_test.dart: custom editor Browse outbound empty remarks gets the outbound prefix
00:41 +153: C:/Users/Colby/Documents/Codex/2026-10-01/v2rayn-flclash-rust-v2rayn/apps/desktop/test/fix03b_custom_browse_test.dart: custom editor Browse outbound empty remarks gets the outbound prefix
00:42 +153: C:/Users/Colby/Documents/Codex/2026-10-01/v2rayn-flclash-rust-v2rayn/apps/desktop/test/fix03b_custom_browse_test.dart: custom editor Browse outbound empty remarks gets the outbound prefix
00:42 +154: C:/Users/Colby/Documents/Codex/2026-10-01/v2rayn-flclash-rust-v2rayn/apps/desktop/test/fix03b_custom_browse_test.dart: custom editor Browse outbound empty remarks gets the outbound prefix
00:43 +154: C:/Users/Colby/Documents/Codex/2026-10-01/v2rayn-flclash-rust-v2rayn/apps/desktop/test/fix03b_custom_browse_test.dart: custom editor Browse outbound empty remarks gets the outbound prefix
00:44 +154: C:/Users/Colby/Documents/Codex/2026-10-01/v2rayn-flclash-rust-v2rayn/apps/desktop/test/fix03b_custom_browse_test.dart: custom editor Browse outbound empty remarks gets the outbound prefix
00:45 +154: C:/Users/Colby/Documents/Codex/2026-10-01/v2rayn-flclash-rust-v2rayn/apps/desktop/test/fix03b_custom_browse_test.dart: custom editor Browse outbound empty remarks gets the outbound prefix
00:46 +154: C:/Users/Colby/Documents/Codex/2026-10-01/v2rayn-flclash-rust-v2rayn/apps/desktop/test/fix03b_custom_browse_test.dart: custom editor Browse outbound empty remarks gets the outbound prefix
00:46 +155: C:/Users/Colby/Documents/Codex/2026-10-01/v2rayn-flclash-rust-v2rayn/apps/desktop/test/fix03b_custom_browse_test.dart: custom editor Browse outbound empty remarks gets the outbound prefix
00:47 +155: C:/Users/Colby/Documents/Codex/2026-10-01/v2rayn-flclash-rust-v2rayn/apps/desktop/test/fix03b_custom_browse_test.dart: custom editor Browse outbound empty remarks gets the outbound prefix
00:47 +156: C:/Users/Colby/Documents/Codex/2026-10-01/v2rayn-flclash-rust-v2rayn/apps/desktop/test/fix03b_custom_browse_test.dart: custom editor Browse outbound empty remarks gets the outbound prefix
00:48 +156: C:/Users/Colby/Documents/Codex/2026-10-01/v2rayn-flclash-rust-v2rayn/apps/desktop/test/fix03b_custom_browse_test.dart: custom editor Browse outbound empty remarks gets the outbound prefix
00:49 +156: C:/Users/Colby/Documents/Codex/2026-10-01/v2rayn-flclash-rust-v2rayn/apps/desktop/test/fix03b_custom_browse_test.dart: custom editor Browse outbound empty remarks gets the outbound prefix
00:49 +157: C:/Users/Colby/Documents/Codex/2026-10-01/v2rayn-flclash-rust-v2rayn/apps/desktop/test/fix03b_custom_browse_test.dart: custom editor Browse outbound empty remarks gets the outbound prefix
00:50 +157: C:/Users/Colby/Documents/Codex/2026-10-01/v2rayn-flclash-rust-v2rayn/apps/desktop/test/fix03b_custom_browse_test.dart: custom editor Browse outbound empty remarks gets the outbound prefix
00:51 +157: C:/Users/Colby/Documents/Codex/2026-10-01/v2rayn-flclash-rust-v2rayn/apps/desktop/test/fix03b_custom_browse_test.dart: custom editor Browse outbound empty remarks gets the outbound prefix
00:52 +157: C:/Users/Colby/Documents/Codex/2026-10-01/v2rayn-flclash-rust-v2rayn/apps/desktop/test/fix03b_custom_browse_test.dart: custom editor Browse outbound empty remarks gets the outbound prefix
00:52 +158: C:/Users/Colby/Documents/Codex/2026-10-01/v2rayn-flclash-rust-v2rayn/apps/desktop/test/fix03b_custom_browse_test.dart: custom editor Browse outbound empty remarks gets the outbound prefix
00:52 +159: C:/Users/Colby/Documents/Codex/2026-10-01/v2rayn-flclash-rust-v2rayn/apps/desktop/test/fix03b_custom_browse_test.dart: custom editor Browse outbound empty remarks gets the outbound prefix
00:52 +160: C:/Users/Colby/Documents/Codex/2026-10-01/v2rayn-flclash-rust-v2rayn/apps/desktop/test/fix03b_custom_browse_test.dart: custom editor Browse outbound empty remarks gets the outbound prefix
00:52 +161: C:/Users/Colby/Documents/Codex/2026-10-01/v2rayn-flclash-rust-v2rayn/apps/desktop/test/fix03b_custom_browse_test.dart: custom editor Browse outbound empty remarks gets the outbound prefix
00:52 +162: C:/Users/Colby/Documents/Codex/2026-10-01/v2rayn-flclash-rust-v2rayn/apps/desktop/test/fix03b_custom_browse_test.dart: custom editor Browse outbound empty remarks gets the outbound prefix
00:52 +163: C:/Users/Colby/Documents/Codex/2026-10-01/v2rayn-flclash-rust-v2rayn/apps/desktop/test/fix03b_custom_browse_test.dart: custom editor Browse outbound empty remarks gets the outbound prefix
00:52 +164: C:/Users/Colby/Documents/Codex/2026-10-01/v2rayn-flclash-rust-v2rayn/apps/desktop/test/fix03b_custom_browse_test.dart: custom editor Browse outbound empty remarks gets the outbound prefix
00:52 +165: C:/Users/Colby/Documents/Codex/2026-10-01/v2rayn-flclash-rust-v2rayn/apps/desktop/test/fix03b_custom_browse_test.dart: custom editor Browse outbound empty remarks gets the outbound prefix
00:53 +165: C:/Users/Colby/Documents/Codex/2026-10-01/v2rayn-flclash-rust-v2rayn/apps/desktop/test/fix03b_custom_browse_test.dart: custom editor Browse outbound empty remarks gets the outbound prefix
00:54 +165: C:/Users/Colby/Documents/Codex/2026-10-01/v2rayn-flclash-rust-v2rayn/apps/desktop/test/fix03b_custom_browse_test.dart: custom editor Browse outbound empty remarks gets the outbound prefix
00:55 +165: C:/Users/Colby/Documents/Codex/2026-10-01/v2rayn-flclash-rust-v2rayn/apps/desktop/test/fix03b_custom_browse_test.dart: custom editor Browse outbound empty remarks gets the outbound prefix
00:55 +166: C:/Users/Colby/Documents/Codex/2026-10-01/v2rayn-flclash-rust-v2rayn/apps/desktop/test/fix03b_custom_browse_test.dart: custom editor Browse outbound empty remarks gets the outbound prefix
00:56 +166: C:/Users/Colby/Documents/Codex/2026-10-01/v2rayn-flclash-rust-v2rayn/apps/desktop/test/fix03b_custom_browse_test.dart: custom editor Browse outbound empty remarks gets the outbound prefix
00:56 +167: C:/Users/Colby/Documents/Codex/2026-10-01/v2rayn-flclash-rust-v2rayn/apps/desktop/test/fix03b_custom_browse_test.dart: custom editor Browse outbound empty remarks gets the outbound prefix
00:57 +167: C:/Users/Colby/Documents/Codex/2026-10-01/v2rayn-flclash-rust-v2rayn/apps/desktop/test/fix03b_custom_browse_test.dart: custom editor Browse outbound empty remarks gets the outbound prefix
00:58 +167: C:/Users/Colby/Documents/Codex/2026-10-01/v2rayn-flclash-rust-v2rayn/apps/desktop/test/fix03b_custom_browse_test.dart: custom editor Browse outbound empty remarks gets the outbound prefix
00:58 +168: C:/Users/Colby/Documents/Codex/2026-10-01/v2rayn-flclash-rust-v2rayn/apps/desktop/test/fix03b_custom_browse_test.dart: custom editor Browse outbound empty remarks gets the outbound prefix
00:59 +168: C:/Users/Colby/Documents/Codex/2026-10-01/v2rayn-flclash-rust-v2rayn/apps/desktop/test/fix03b_custom_browse_test.dart: custom editor Browse outbound empty remarks gets the outbound prefix
00:59 +169: C:/Users/Colby/Documents/Codex/2026-10-01/v2rayn-flclash-rust-v2rayn/apps/desktop/test/fix03b_custom_browse_test.dart: custom editor Browse outbound empty remarks gets the outbound prefix
01:00 +169: C:/Users/Colby/Documents/Codex/2026-10-01/v2rayn-flclash-rust-v2rayn/apps/desktop/test/fix03b_custom_browse_test.dart: custom editor Browse outbound empty remarks gets the outbound prefix
01:01 +169: C:/Users/Colby/Documents/Codex/2026-10-01/v2rayn-flclash-rust-v2rayn/apps/desktop/test/fix03b_custom_browse_test.dart: custom editor Browse outbound empty remarks gets the outbound prefix
01:01 +170: C:/Users/Colby/Documents/Codex/2026-10-01/v2rayn-flclash-rust-v2rayn/apps/desktop/test/fix03b_custom_browse_test.dart: custom editor Browse outbound empty remarks gets the outbound prefix
01:01 +171: C:/Users/Colby/Documents/Codex/2026-10-01/v2rayn-flclash-rust-v2rayn/apps/desktop/test/fix03b_custom_browse_test.dart: custom editor Browse outbound empty remarks gets the outbound prefix
01:01 +172: C:/Users/Colby/Documents/Codex/2026-10-01/v2rayn-flclash-rust-v2rayn/apps/desktop/test/fix03b_custom_browse_test.dart: custom editor Browse outbound empty remarks gets the outbound prefix
01:01 +173: C:/Users/Colby/Documents/Codex/2026-10-01/v2rayn-flclash-rust-v2rayn/apps/desktop/test/fix03b_custom_browse_test.dart: custom editor Browse outbound empty remarks gets the outbound prefix
01:01 +174: C:/Users/Colby/Documents/Codex/2026-10-01/v2rayn-flclash-rust-v2rayn/apps/desktop/test/fix03b_custom_browse_test.dart: custom editor Browse outbound empty remarks gets the outbound prefix
01:01 +175: C:/Users/Colby/Documents/Codex/2026-10-01/v2rayn-flclash-rust-v2rayn/apps/desktop/test/fix03b_custom_browse_test.dart: custom editor Browse outbound empty remarks gets the outbound prefix
01:01 +176: C:/Users/Colby/Documents/Codex/2026-10-01/v2rayn-flclash-rust-v2rayn/apps/desktop/test/fix03b_custom_browse_test.dart: custom editor Browse outbound empty remarks gets the outbound prefix
01:01 +177: C:/Users/Colby/Documents/Codex/2026-10-01/v2rayn-flclash-rust-v2rayn/apps/desktop/test/fix03b_custom_browse_test.dart: custom editor Browse outbound empty remarks gets the outbound prefix
01:01 +178: C:/Users/Colby/Documents/Codex/2026-10-01/v2rayn-flclash-rust-v2rayn/apps/desktop/test/fix03b_custom_browse_test.dart: custom editor Browse outbound empty remarks gets the outbound prefix
01:01 +179: C:/Users/Colby/Documents/Codex/2026-10-01/v2rayn-flclash-rust-v2rayn/apps/desktop/test/fix03b_custom_browse_test.dart: custom editor Browse outbound empty remarks gets the outbound prefix
01:02 +179: C:/Users/Colby/Documents/Codex/2026-10-01/v2rayn-flclash-rust-v2rayn/apps/desktop/test/fix03b_custom_browse_test.dart: custom editor Browse outbound empty remarks gets the outbound prefix
01:02 +180: C:/Users/Colby/Documents/Codex/2026-10-01/v2rayn-flclash-rust-v2rayn/apps/desktop/test/fix03b_custom_browse_test.dart: custom editor Browse outbound empty remarks gets the outbound prefix
01:03 +180: C:/Users/Colby/Documents/Codex/2026-10-01/v2rayn-flclash-rust-v2rayn/apps/desktop/test/fix03b_custom_browse_test.dart: custom editor Browse outbound empty remarks gets the outbound prefix
01:03 +181: C:/Users/Colby/Documents/Codex/2026-10-01/v2rayn-flclash-rust-v2rayn/apps/desktop/test/fix03b_custom_browse_test.dart: custom editor Browse outbound empty remarks gets the outbound prefix
01:03 +182: C:/Users/Colby/Documents/Codex/2026-10-01/v2rayn-flclash-rust-v2rayn/apps/desktop/test/fix03b_custom_browse_test.dart: custom editor Browse outbound empty remarks gets the outbound prefix
01:03 +183: C:/Users/Colby/Documents/Codex/2026-10-01/v2rayn-flclash-rust-v2rayn/apps/desktop/test/fix03b_custom_browse_test.dart: custom editor Browse outbound empty remarks gets the outbound prefix
01:03 +184: C:/Users/Colby/Documents/Codex/2026-10-01/v2rayn-flclash-rust-v2rayn/apps/desktop/test/fix03b_custom_browse_test.dart: custom editor Browse outbound empty remarks gets the outbound prefix
01:04 +184: C:/Users/Colby/Documents/Codex/2026-10-01/v2rayn-flclash-rust-v2rayn/apps/desktop/test/fix03b_custom_browse_test.dart: custom editor Browse outbound empty remarks gets the outbound prefix
01:04 +185: C:/Users/Colby/Documents/Codex/2026-10-01/v2rayn-flclash-rust-v2rayn/apps/desktop/test/fix03b_custom_browse_test.dart: custom editor Browse outbound empty remarks gets the outbound prefix
01:05 +185: C:/Users/Colby/Documents/Codex/2026-10-01/v2rayn-flclash-rust-v2rayn/apps/desktop/test/fix03b_custom_browse_test.dart: custom editor Browse outbound empty remarks gets the outbound prefix
01:05 +186: C:/Users/Colby/Documents/Codex/2026-10-01/v2rayn-flclash-rust-v2rayn/apps/desktop/test/fix03b_custom_browse_test.dart: custom editor Browse outbound empty remarks gets the outbound prefix
01:05 +187: C:/Users/Colby/Documents/Codex/2026-10-01/v2rayn-flclash-rust-v2rayn/apps/desktop/test/fix03b_custom_browse_test.dart: custom editor Browse outbound empty remarks gets the outbound prefix
01:05 +188: C:/Users/Colby/Documents/Codex/2026-10-01/v2rayn-flclash-rust-v2rayn/apps/desktop/test/fix03b_custom_browse_test.dart: custom editor Browse outbound empty remarks gets the outbound prefix
01:05 +189: C:/Users/Colby/Documents/Codex/2026-10-01/v2rayn-flclash-rust-v2rayn/apps/desktop/test/fix03b_custom_browse_test.dart: custom editor Browse outbound empty remarks gets the outbound prefix
01:05 +190: C:/Users/Colby/Documents/Codex/2026-10-01/v2rayn-flclash-rust-v2rayn/apps/desktop/test/fix03b_custom_browse_test.dart: custom editor Browse outbound empty remarks gets the outbound prefix
01:05 +191: C:/Users/Colby/Documents/Codex/2026-10-01/v2rayn-flclash-rust-v2rayn/apps/desktop/test/fix03b_custom_browse_test.dart: custom editor Browse outbound empty remarks gets the outbound prefix
01:05 +192: C:/Users/Colby/Documents/Codex/2026-10-01/v2rayn-flclash-rust-v2rayn/apps/desktop/test/fix03b_custom_browse_test.dart: custom editor Browse outbound empty remarks gets the outbound prefix
01:05 +193: C:/Users/Colby/Documents/Codex/2026-10-01/v2rayn-flclash-rust-v2rayn/apps/desktop/test/fix03b_custom_browse_test.dart: custom editor Browse outbound empty remarks gets the outbound prefix
01:05 +194: C:/Users/Colby/Documents/Codex/2026-10-01/v2rayn-flclash-rust-v2rayn/apps/desktop/test/fix03b_custom_browse_test.dart: custom editor Browse outbound empty remarks gets the outbound prefix
01:05 +195: C:/Users/Colby/Documents/Codex/2026-10-01/v2rayn-flclash-rust-v2rayn/apps/desktop/test/fix03b_custom_browse_test.dart: custom editor Browse outbound empty remarks gets the outbound prefix
01:06 +195: C:/Users/Colby/Documents/Codex/2026-10-01/v2rayn-flclash-rust-v2rayn/apps/desktop/test/fix03b_custom_browse_test.dart: custom editor Browse outbound empty remarks gets the outbound prefix
01:06 +196: C:/Users/Colby/Documents/Codex/2026-10-01/v2rayn-flclash-rust-v2rayn/apps/desktop/test/fix03b_custom_browse_test.dart: custom editor Browse outbound empty remarks gets the outbound prefix
01:06 +197: C:/Users/Colby/Documents/Codex/2026-10-01/v2rayn-flclash-rust-v2rayn/apps/desktop/test/fix03b_custom_browse_test.dart: custom editor Browse outbound empty remarks gets the outbound prefix
01:06 +198: C:/Users/Colby/Documents/Codex/2026-10-01/v2rayn-flclash-rust-v2rayn/apps/desktop/test/fix03b_custom_browse_test.dart: custom editor Browse outbound empty remarks gets the outbound prefix
01:07 +198: C:/Users/Colby/Documents/Codex/2026-10-01/v2rayn-flclash-rust-v2rayn/apps/desktop/test/fix03b_custom_browse_test.dart: custom editor Browse outbound empty remarks gets the outbound prefix
01:07 +199: C:/Users/Colby/Documents/Codex/2026-10-01/v2rayn-flclash-rust-v2rayn/apps/desktop/test/fix03b_custom_browse_test.dart: custom editor Browse outbound empty remarks gets the outbound prefix
01:08 +199: C:/Users/Colby/Documents/Codex/2026-10-01/v2rayn-flclash-rust-v2rayn/apps/desktop/test/fix03b_custom_browse_test.dart: custom editor Browse outbound empty remarks gets the outbound prefix
01:09 +199: C:/Users/Colby/Documents/Codex/2026-10-01/v2rayn-flclash-rust-v2rayn/apps/desktop/test/fix03b_custom_browse_test.dart: custom editor Browse outbound empty remarks gets the outbound prefix
01:09 +200: C:/Users/Colby/Documents/Codex/2026-10-01/v2rayn-flclash-rust-v2rayn/apps/desktop/test/fix03b_custom_browse_test.dart: custom editor Browse outbound empty remarks gets the outbound prefix
01:10 +200: C:/Users/Colby/Documents/Codex/2026-10-01/v2rayn-flclash-rust-v2rayn/apps/desktop/test/fix03b_custom_browse_test.dart: custom editor Browse outbound empty remarks gets the outbound prefix
01:11 +200: C:/Users/Colby/Documents/Codex/2026-10-01/v2rayn-flclash-rust-v2rayn/apps/desktop/test/fix03b_custom_browse_test.dart: custom editor Browse outbound empty remarks gets the outbound prefix
01:11 +201: C:/Users/Colby/Documents/Codex/2026-10-01/v2rayn-flclash-rust-v2rayn/apps/desktop/test/fix03b_custom_browse_test.dart: custom editor Browse outbound empty remarks gets the outbound prefix
01:12 +201: C:/Users/Colby/Documents/Codex/2026-10-01/v2rayn-flclash-rust-v2rayn/apps/desktop/test/fix03b_custom_browse_test.dart: custom editor Browse outbound empty remarks gets the outbound prefix
01:13 +201: C:/Users/Colby/Documents/Codex/2026-10-01/v2rayn-flclash-rust-v2rayn/apps/desktop/test/fix03b_custom_browse_test.dart: custom editor Browse outbound empty remarks gets the outbound prefix
01:13 +202: C:/Users/Colby/Documents/Codex/2026-10-01/v2rayn-flclash-rust-v2rayn/apps/desktop/test/fix03b_custom_browse_test.dart: custom editor Browse outbound empty remarks gets the outbound prefix
01:14 +202: C:/Users/Colby/Documents/Codex/2026-10-01/v2rayn-flclash-rust-v2rayn/apps/desktop/test/fix03b_custom_browse_test.dart: custom editor Browse outbound empty remarks gets the outbound prefix
01:14 +203: C:/Users/Colby/Documents/Codex/2026-10-01/v2rayn-flclash-rust-v2rayn/apps/desktop/test/fix03b_custom_browse_test.dart: custom editor Browse outbound empty remarks gets the outbound prefix
01:15 +203: C:/Users/Colby/Documents/Codex/2026-10-01/v2rayn-flclash-rust-v2rayn/apps/desktop/test/fix03b_custom_browse_test.dart: custom editor Browse outbound empty remarks gets the outbound prefix
01:16 +203: C:/Users/Colby/Documents/Codex/2026-10-01/v2rayn-flclash-rust-v2rayn/apps/desktop/test/fix03b_custom_browse_test.dart: custom editor Browse outbound empty remarks gets the outbound prefix
01:17 +203: C:/Users/Colby/Documents/Codex/2026-10-01/v2rayn-flclash-rust-v2rayn/apps/desktop/test/fix03b_custom_browse_test.dart: custom editor Browse outbound empty remarks gets the outbound prefix
01:17 +204: C:/Users/Colby/Documents/Codex/2026-10-01/v2rayn-flclash-rust-v2rayn/apps/desktop/test/fix03b_custom_browse_test.dart: custom editor Browse outbound empty remarks gets the outbound prefix
01:17 +205: C:/Users/Colby/Documents/Codex/2026-10-01/v2rayn-flclash-rust-v2rayn/apps/desktop/test/fix03b_custom_browse_test.dart: custom editor Browse outbound empty remarks gets the outbound prefix
01:17 +206: C:/Users/Colby/Documents/Codex/2026-10-01/v2rayn-flclash-rust-v2rayn/apps/desktop/test/fix03b_custom_browse_test.dart: custom editor Browse outbound empty remarks gets the outbound prefix
01:17 +207: C:/Users/Colby/Documents/Codex/2026-10-01/v2rayn-flclash-rust-v2rayn/apps/desktop/test/fix03b_custom_browse_test.dart: custom editor Browse outbound empty remarks gets the outbound prefix
01:18 +207: C:/Users/Colby/Documents/Codex/2026-10-01/v2rayn-flclash-rust-v2rayn/apps/desktop/test/fix03b_custom_browse_test.dart: custom editor Browse outbound empty remarks gets the outbound prefix
01:18 +208: C:/Users/Colby/Documents/Codex/2026-10-01/v2rayn-flclash-rust-v2rayn/apps/desktop/test/fix03b_custom_browse_test.dart: custom editor Browse outbound empty remarks gets the outbound prefix
01:18 +209: C:/Users/Colby/Documents/Codex/2026-10-01/v2rayn-flclash-rust-v2rayn/apps/desktop/test/fix03b_custom_browse_test.dart: custom editor Browse outbound empty remarks gets the outbound prefix
01:18 +210: C:/Users/Colby/Documents/Codex/2026-10-01/v2rayn-flclash-rust-v2rayn/apps/desktop/test/fix03b_custom_browse_test.dart: custom editor Browse outbound empty remarks gets the outbound prefix
01:18 +211: C:/Users/Colby/Documents/Codex/2026-10-01/v2rayn-flclash-rust-v2rayn/apps/desktop/test/fix03b_custom_browse_test.dart: custom editor Browse outbound empty remarks gets the outbound prefix
01:19 +211: C:/Users/Colby/Documents/Codex/2026-10-01/v2rayn-flclash-rust-v2rayn/apps/desktop/test/fix03b_custom_browse_test.dart: custom editor Browse outbound empty remarks gets the outbound prefix
01:19 +212: C:/Users/Colby/Documents/Codex/2026-10-01/v2rayn-flclash-rust-v2rayn/apps/desktop/test/fix03b_custom_browse_test.dart: custom editor Browse outbound empty remarks gets the outbound prefix
01:19 +213: C:/Users/Colby/Documents/Codex/2026-10-01/v2rayn-flclash-rust-v2rayn/apps/desktop/test/fix03b_custom_browse_test.dart: custom editor Browse outbound empty remarks gets the outbound prefix
01:19 +214: C:/Users/Colby/Documents/Codex/2026-10-01/v2rayn-flclash-rust-v2rayn/apps/desktop/test/fix03b_custom_browse_test.dart: custom editor Browse outbound empty remarks gets the outbound prefix
01:19 +215: C:/Users/Colby/Documents/Codex/2026-10-01/v2rayn-flclash-rust-v2rayn/apps/desktop/test/fix03b_custom_browse_test.dart: custom editor Browse outbound empty remarks gets the outbound prefix
01:19 +216: C:/Users/Colby/Documents/Codex/2026-10-01/v2rayn-flclash-rust-v2rayn/apps/desktop/test/fix03b_custom_browse_test.dart: custom editor Browse outbound empty remarks gets the outbound prefix
01:20 +216: C:/Users/Colby/Documents/Codex/2026-10-01/v2rayn-flclash-rust-v2rayn/apps/desktop/test/fix03b_custom_browse_test.dart: custom editor Browse outbound empty remarks gets the outbound prefix
01:20 +217: C:/Users/Colby/Documents/Codex/2026-10-01/v2rayn-flclash-rust-v2rayn/apps/desktop/test/fix03b_custom_browse_test.dart: custom editor Browse outbound empty remarks gets the outbound prefix
01:20 +218: C:/Users/Colby/Documents/Codex/2026-10-01/v2rayn-flclash-rust-v2rayn/apps/desktop/test/fix03b_custom_browse_test.dart: custom editor Browse outbound empty remarks gets the outbound prefix
01:21 +218: C:/Users/Colby/Documents/Codex/2026-10-01/v2rayn-flclash-rust-v2rayn/apps/desktop/test/fix03b_custom_browse_test.dart: custom editor Browse outbound empty remarks gets the outbound prefix
01:21 +219: C:/Users/Colby/Documents/Codex/2026-10-01/v2rayn-flclash-rust-v2rayn/apps/desktop/test/fix03b_custom_browse_test.dart: custom editor Browse outbound empty remarks gets the outbound prefix
01:21 +220: C:/Users/Colby/Documents/Codex/2026-10-01/v2rayn-flclash-rust-v2rayn/apps/desktop/test/fix03b_custom_browse_test.dart: custom editor Browse outbound empty remarks gets the outbound prefix
01:22 +220: C:/Users/Colby/Documents/Codex/2026-10-01/v2rayn-flclash-rust-v2rayn/apps/desktop/test/fix03b_custom_browse_test.dart: custom editor Browse outbound empty remarks gets the outbound prefix
01:22 +221: C:/Users/Colby/Documents/Codex/2026-10-01/v2rayn-flclash-rust-v2rayn/apps/desktop/test/fix03b_custom_browse_test.dart: custom editor Browse outbound empty remarks gets the outbound prefix
01:22 +222: C:/Users/Colby/Documents/Codex/2026-10-01/v2rayn-flclash-rust-v2rayn/apps/desktop/test/fix03b_custom_browse_test.dart: custom editor Browse outbound empty remarks gets the outbound prefix
01:22 +223: C:/Users/Colby/Documents/Codex/2026-10-01/v2rayn-flclash-rust-v2rayn/apps/desktop/test/fix03b_custom_browse_test.dart: custom editor Browse outbound empty remarks gets the outbound prefix
01:22 +224: C:/Users/Colby/Documents/Codex/2026-10-01/v2rayn-flclash-rust-v2rayn/apps/desktop/test/fix03b_custom_browse_test.dart: custom editor Browse outbound empty remarks gets the outbound prefix
01:22 +225: C:/Users/Colby/Documents/Codex/2026-10-01/v2rayn-flclash-rust-v2rayn/apps/desktop/test/fix03b_custom_browse_test.dart: custom editor Browse outbound empty remarks gets the outbound prefix
01:22 +226: C:/Users/Colby/Documents/Codex/2026-10-01/v2rayn-flclash-rust-v2rayn/apps/desktop/test/fix03b_custom_browse_test.dart: custom editor Browse outbound empty remarks gets the outbound prefix
01:22 +227: C:/Users/Colby/Documents/Codex/2026-10-01/v2rayn-flclash-rust-v2rayn/apps/desktop/test/fix03b_custom_browse_test.dart: custom editor Browse outbound empty remarks gets the outbound prefix
01:22 +228: C:/Users/Colby/Documents/Codex/2026-10-01/v2rayn-flclash-rust-v2rayn/apps/desktop/test/fix03b_custom_browse_test.dart: custom editor Browse outbound empty remarks gets the outbound prefix
01:23 +228: C:/Users/Colby/Documents/Codex/2026-10-01/v2rayn-flclash-rust-v2rayn/apps/desktop/test/fix03b_custom_browse_test.dart: custom editor Browse outbound empty remarks gets the outbound prefix
01:23 +229: C:/Users/Colby/Documents/Codex/2026-10-01/v2rayn-flclash-rust-v2rayn/apps/desktop/test/fix03b_custom_browse_test.dart: custom editor Browse outbound empty remarks gets the outbound prefix
01:23 +230: C:/Users/Colby/Documents/Codex/2026-10-01/v2rayn-flclash-rust-v2rayn/apps/desktop/test/fix03b_custom_browse_test.dart: custom editor Browse outbound empty remarks gets the outbound prefix
01:23 +231: C:/Users/Colby/Documents/Codex/2026-10-01/v2rayn-flclash-rust-v2rayn/apps/desktop/test/fix03b_custom_browse_test.dart: custom editor Browse outbound empty remarks gets the outbound prefix
01:23 +232: C:/Users/Colby/Documents/Codex/2026-10-01/v2rayn-flclash-rust-v2rayn/apps/desktop/test/fix03b_custom_browse_test.dart: custom editor Browse outbound empty remarks gets the outbound prefix
01:23 +233: C:/Users/Colby/Documents/Codex/2026-10-01/v2rayn-flclash-rust-v2rayn/apps/desktop/test/fix03b_custom_browse_test.dart: custom editor Browse outbound empty remarks gets the outbound prefix
01:23 +234: C:/Users/Colby/Documents/Codex/2026-10-01/v2rayn-flclash-rust-v2rayn/apps/desktop/test/fix03b_custom_browse_test.dart: custom editor Browse outbound empty remarks gets the outbound prefix
01:23 +235: C:/Users/Colby/Documents/Codex/2026-10-01/v2rayn-flclash-rust-v2rayn/apps/desktop/test/fix03b_custom_browse_test.dart: custom editor Browse outbound empty remarks gets the outbound prefix
01:23 +236: C:/Users/Colby/Documents/Codex/2026-10-01/v2rayn-flclash-rust-v2rayn/apps/desktop/test/fix03b_custom_browse_test.dart: custom editor Browse outbound empty remarks gets the outbound prefix
01:23 +237: C:/Users/Colby/Documents/Codex/2026-10-01/v2rayn-flclash-rust-v2rayn/apps/desktop/test/fix03b_custom_browse_test.dart: custom editor Browse outbound empty remarks gets the outbound prefix
01:23 +238: C:/Users/Colby/Documents/Codex/2026-10-01/v2rayn-flclash-rust-v2rayn/apps/desktop/test/fix03b_custom_browse_test.dart: custom editor Browse outbound empty remarks gets the outbound prefix
01:23 +239: C:/Users/Colby/Documents/Codex/2026-10-01/v2rayn-flclash-rust-v2rayn/apps/desktop/test/fix03b_custom_browse_test.dart: custom editor Browse outbound empty remarks gets the outbound prefix
01:24 +239: C:/Users/Colby/Documents/Codex/2026-10-01/v2rayn-flclash-rust-v2rayn/apps/desktop/test/fix03b_custom_browse_test.dart: custom editor Browse outbound empty remarks gets the outbound prefix
01:24 +240: C:/Users/Colby/Documents/Codex/2026-10-01/v2rayn-flclash-rust-v2rayn/apps/desktop/test/fix03b_custom_browse_test.dart: custom editor Browse outbound empty remarks gets the outbound prefix
01:24 +241: C:/Users/Colby/Documents/Codex/2026-10-01/v2rayn-flclash-rust-v2rayn/apps/desktop/test/fix03b_custom_browse_test.dart: custom editor Browse outbound empty remarks gets the outbound prefix
01:24 +242: C:/Users/Colby/Documents/Codex/2026-10-01/v2rayn-flclash-rust-v2rayn/apps/desktop/test/fix03b_custom_browse_test.dart: custom editor Browse outbound empty remarks gets the outbound prefix
01:24 +243: C:/Users/Colby/Documents/Codex/2026-10-01/v2rayn-flclash-rust-v2rayn/apps/desktop/test/fix03b_custom_browse_test.dart: custom editor Browse outbound empty remarks gets the outbound prefix
01:24 +244: C:/Users/Colby/Documents/Codex/2026-10-01/v2rayn-flclash-rust-v2rayn/apps/desktop/test/fix03b_custom_browse_test.dart: custom editor Browse outbound empty remarks gets the outbound prefix
01:24 +245: C:/Users/Colby/Documents/Codex/2026-10-01/v2rayn-flclash-rust-v2rayn/apps/desktop/test/fix03b_custom_browse_test.dart: custom editor Browse outbound empty remarks gets the outbound prefix
01:24 +246: C:/Users/Colby/Documents/Codex/2026-10-01/v2rayn-flclash-rust-v2rayn/apps/desktop/test/fix03b_custom_browse_test.dart: custom editor Browse outbound empty remarks gets the outbound prefix
01:24 +247: C:/Users/Colby/Documents/Codex/2026-10-01/v2rayn-flclash-rust-v2rayn/apps/desktop/test/fix03b_custom_browse_test.dart: custom editor Browse outbound empty remarks gets the outbound prefix
01:24 +248: C:/Users/Colby/Documents/Codex/2026-10-01/v2rayn-flclash-rust-v2rayn/apps/desktop/test/fix03b_custom_browse_test.dart: custom editor Browse outbound empty remarks gets the outbound prefix
01:25 +248: C:/Users/Colby/Documents/Codex/2026-10-01/v2rayn-flclash-rust-v2rayn/apps/desktop/test/fix03b_custom_browse_test.dart: custom editor Browse outbound empty remarks gets the outbound prefix
01:25 +249: C:/Users/Colby/Documents/Codex/2026-10-01/v2rayn-flclash-rust-v2rayn/apps/desktop/test/fix03b_custom_browse_test.dart: custom editor Browse outbound empty remarks gets the outbound prefix
01:25 +250: C:/Users/Colby/Documents/Codex/2026-10-01/v2rayn-flclash-rust-v2rayn/apps/desktop/test/fix03b_custom_browse_test.dart: custom editor Browse outbound empty remarks gets the outbound prefix
01:25 +251: C:/Users/Colby/Documents/Codex/2026-10-01/v2rayn-flclash-rust-v2rayn/apps/desktop/test/fix03b_custom_browse_test.dart: custom editor Browse outbound empty remarks gets the outbound prefix
01:25 +252: C:/Users/Colby/Documents/Codex/2026-10-01/v2rayn-flclash-rust-v2rayn/apps/desktop/test/fix03b_custom_browse_test.dart: custom editor Browse outbound empty remarks gets the outbound prefix
01:25 +253: C:/Users/Colby/Documents/Codex/2026-10-01/v2rayn-flclash-rust-v2rayn/apps/desktop/test/fix03b_custom_browse_test.dart: custom editor Browse outbound empty remarks gets the outbound prefix
01:25 +254: C:/Users/Colby/Documents/Codex/2026-10-01/v2rayn-flclash-rust-v2rayn/apps/desktop/test/fix03b_custom_browse_test.dart: custom editor Browse outbound empty remarks gets the outbound prefix
01:25 +255: C:/Users/Colby/Documents/Codex/2026-10-01/v2rayn-flclash-rust-v2rayn/apps/desktop/test/fix03b_custom_browse_test.dart: custom editor Browse outbound empty remarks gets the outbound prefix
01:26 +255: C:/Users/Colby/Documents/Codex/2026-10-01/v2rayn-flclash-rust-v2rayn/apps/desktop/test/fix03b_custom_browse_test.dart: custom editor Browse outbound empty remarks gets the outbound prefix
01:26 +256: C:/Users/Colby/Documents/Codex/2026-10-01/v2rayn-flclash-rust-v2rayn/apps/desktop/test/fix03b_custom_browse_test.dart: custom editor Browse outbound empty remarks gets the outbound prefix
01:27 +256: C:/Users/Colby/Documents/Codex/2026-10-01/v2rayn-flclash-rust-v2rayn/apps/desktop/test/fix03b_custom_browse_test.dart: custom editor Browse outbound empty remarks gets the outbound prefix
01:28 +256: C:/Users/Colby/Documents/Codex/2026-10-01/v2rayn-flclash-rust-v2rayn/apps/desktop/test/fix03b_custom_browse_test.dart: custom editor Browse outbound empty remarks gets the outbound prefix
01:29 +256: C:/Users/Colby/Documents/Codex/2026-10-01/v2rayn-flclash-rust-v2rayn/apps/desktop/test/fix03b_custom_browse_test.dart: custom editor Browse outbound empty remarks gets the outbound prefix
01:30 +256: C:/Users/Colby/Documents/Codex/2026-10-01/v2rayn-flclash-rust-v2rayn/apps/desktop/test/fix03b_custom_browse_test.dart: custom editor Browse outbound empty remarks gets the outbound prefix
01:31 +256: C:/Users/Colby/Documents/Codex/2026-10-01/v2rayn-flclash-rust-v2rayn/apps/desktop/test/fix03b_custom_browse_test.dart: custom editor Browse outbound empty remarks gets the outbound prefix
01:31 +256: C:/Users/Colby/Documents/Codex/2026-10-01/v2rayn-flclash-rust-v2rayn/apps/desktop/test/r4_08_contract_test.dart: click is immediate, modifier frozen, command target correct               
R408 setup done
R408 phase7 done
R408 phase1 done
R408 phase2 done
R408 phase3 done
R408 phase4 done
R408 phase5 done
R408 phase6 done

01:31 +257: C:/Users/Colby/Documents/Codex/2026-10-01/v2rayn-flclash-rust-v2rayn/apps/desktop/test/fix03b_custom_browse_test.dart: custom editor Browse outbound empty remarks gets the outbound prefix
01:31 +258: C:/Users/Colby/Documents/Codex/2026-10-01/v2rayn-flclash-rust-v2rayn/apps/desktop/test/fix03b_custom_browse_test.dart: custom editor Browse outbound empty remarks gets the outbound prefix
01:31 +259: C:/Users/Colby/Documents/Codex/2026-10-01/v2rayn-flclash-rust-v2rayn/apps/desktop/test/fix03b_custom_browse_test.dart: custom editor Browse outbound empty remarks gets the outbound prefix
01:31 +260: C:/Users/Colby/Documents/Codex/2026-10-01/v2rayn-flclash-rust-v2rayn/apps/desktop/test/fix03b_custom_browse_test.dart: custom editor Browse outbound empty remarks gets the outbound prefix
01:31 +261: C:/Users/Colby/Documents/Codex/2026-10-01/v2rayn-flclash-rust-v2rayn/apps/desktop/test/fix03b_custom_browse_test.dart: custom editor Browse outbound empty remarks gets the outbound prefix
01:32 +261: C:/Users/Colby/Documents/Codex/2026-10-01/v2rayn-flclash-rust-v2rayn/apps/desktop/test/fix03b_custom_browse_test.dart: custom editor Browse outbound empty remarks gets the outbound prefix
01:32 +262: C:/Users/Colby/Documents/Codex/2026-10-01/v2rayn-flclash-rust-v2rayn/apps/desktop/test/fix03b_custom_browse_test.dart: custom editor Browse outbound empty remarks gets the outbound prefix
01:32 +263: C:/Users/Colby/Documents/Codex/2026-10-01/v2rayn-flclash-rust-v2rayn/apps/desktop/test/fix03b_custom_browse_test.dart: custom editor Browse outbound empty remarks gets the outbound prefix
01:32 +264: C:/Users/Colby/Documents/Codex/2026-10-01/v2rayn-flclash-rust-v2rayn/apps/desktop/test/fix03b_custom_browse_test.dart: custom editor Browse outbound empty remarks gets the outbound prefix
01:32 +265: C:/Users/Colby/Documents/Codex/2026-10-01/v2rayn-flclash-rust-v2rayn/apps/desktop/test/fix03b_custom_browse_test.dart: custom editor Browse outbound empty remarks gets the outbound prefix
01:32 +266: C:/Users/Colby/Documents/Codex/2026-10-01/v2rayn-flclash-rust-v2rayn/apps/desktop/test/fix03b_custom_browse_test.dart: custom editor Browse outbound empty remarks gets the outbound prefix
01:33 +266: C:/Users/Colby/Documents/Codex/2026-10-01/v2rayn-flclash-rust-v2rayn/apps/desktop/test/fix03b_custom_browse_test.dart: custom editor Browse outbound empty remarks gets the outbound prefix
01:33 +267: C:/Users/Colby/Documents/Codex/2026-10-01/v2rayn-flclash-rust-v2rayn/apps/desktop/test/fix03b_custom_browse_test.dart: custom editor Browse outbound empty remarks gets the outbound prefix
01:33 +268: C:/Users/Colby/Documents/Codex/2026-10-01/v2rayn-flclash-rust-v2rayn/apps/desktop/test/fix03b_custom_browse_test.dart: custom editor Browse outbound empty remarks gets the outbound prefix
01:34 +268: C:/Users/Colby/Documents/Codex/2026-10-01/v2rayn-flclash-rust-v2rayn/apps/desktop/test/fix03b_custom_browse_test.dart: custom editor Browse outbound empty remarks gets the outbound prefix
01:34 +269: C:/Users/Colby/Documents/Codex/2026-10-01/v2rayn-flclash-rust-v2rayn/apps/desktop/test/fix03b_custom_browse_test.dart: custom editor Browse outbound empty remarks gets the outbound prefix
01:35 +269: C:/Users/Colby/Documents/Codex/2026-10-01/v2rayn-flclash-rust-v2rayn/apps/desktop/test/fix03b_custom_browse_test.dart: custom editor Browse outbound empty remarks gets the outbound prefix
01:35 +270: C:/Users/Colby/Documents/Codex/2026-10-01/v2rayn-flclash-rust-v2rayn/apps/desktop/test/fix03b_custom_browse_test.dart: custom editor Browse outbound empty remarks gets the outbound prefix
01:35 +271: C:/Users/Colby/Documents/Codex/2026-10-01/v2rayn-flclash-rust-v2rayn/apps/desktop/test/fix03b_custom_browse_test.dart: custom editor Browse outbound empty remarks gets the outbound prefix
01:35 +272: C:/Users/Colby/Documents/Codex/2026-10-01/v2rayn-flclash-rust-v2rayn/apps/desktop/test/fix03b_custom_browse_test.dart: custom editor Browse outbound empty remarks gets the outbound prefix
01:36 +272: C:/Users/Colby/Documents/Codex/2026-10-01/v2rayn-flclash-rust-v2rayn/apps/desktop/test/fix03b_custom_browse_test.dart: custom editor Browse outbound empty remarks gets the outbound prefix
01:36 +273: C:/Users/Colby/Documents/Codex/2026-10-01/v2rayn-flclash-rust-v2rayn/apps/desktop/test/fix03b_custom_browse_test.dart: custom editor Browse outbound empty remarks gets the outbound prefix
01:36 +274: C:/Users/Colby/Documents/Codex/2026-10-01/v2rayn-flclash-rust-v2rayn/apps/desktop/test/fix03b_custom_browse_test.dart: custom editor Browse outbound empty remarks gets the outbound prefix
01:36 +275: C:/Users/Colby/Documents/Codex/2026-10-01/v2rayn-flclash-rust-v2rayn/apps/desktop/test/fix03b_custom_browse_test.dart: custom editor Browse outbound empty remarks gets the outbound prefix
01:37 +275: C:/Users/Colby/Documents/Codex/2026-10-01/v2rayn-flclash-rust-v2rayn/apps/desktop/test/fix03b_custom_browse_test.dart: custom editor Browse outbound empty remarks gets the outbound prefix
01:37 +276: C:/Users/Colby/Documents/Codex/2026-10-01/v2rayn-flclash-rust-v2rayn/apps/desktop/test/fix03b_custom_browse_test.dart: custom editor Browse outbound empty remarks gets the outbound prefix
01:37 +277: C:/Users/Colby/Documents/Codex/2026-10-01/v2rayn-flclash-rust-v2rayn/apps/desktop/test/fix03b_custom_browse_test.dart: custom editor Browse outbound empty remarks gets the outbound prefix
01:37 +278: C:/Users/Colby/Documents/Codex/2026-10-01/v2rayn-flclash-rust-v2rayn/apps/desktop/test/fix03b_custom_browse_test.dart: custom editor Browse outbound empty remarks gets the outbound prefix
01:37 +279: C:/Users/Colby/Documents/Codex/2026-10-01/v2rayn-flclash-rust-v2rayn/apps/desktop/test/fix03b_custom_browse_test.dart: custom editor Browse outbound empty remarks gets the outbound prefix
01:37 +280: C:/Users/Colby/Documents/Codex/2026-10-01/v2rayn-flclash-rust-v2rayn/apps/desktop/test/fix03b_custom_browse_test.dart: custom editor Browse outbound empty remarks gets the outbound prefix
01:38 +280: C:/Users/Colby/Documents/Codex/2026-10-01/v2rayn-flclash-rust-v2rayn/apps/desktop/test/fix03b_custom_browse_test.dart: custom editor Browse outbound empty remarks gets the outbound prefix
01:38 +281: C:/Users/Colby/Documents/Codex/2026-10-01/v2rayn-flclash-rust-v2rayn/apps/desktop/test/fix03b_custom_browse_test.dart: custom editor Browse outbound empty remarks gets the outbound prefix
01:38 +282: C:/Users/Colby/Documents/Codex/2026-10-01/v2rayn-flclash-rust-v2rayn/apps/desktop/test/fix03b_custom_browse_test.dart: custom editor Browse outbound empty remarks gets the outbound prefix
01:38 +283: C:/Users/Colby/Documents/Codex/2026-10-01/v2rayn-flclash-rust-v2rayn/apps/desktop/test/fix03b_custom_browse_test.dart: custom editor Browse outbound empty remarks gets the outbound prefix
01:38 +284: C:/Users/Colby/Documents/Codex/2026-10-01/v2rayn-flclash-rust-v2rayn/apps/desktop/test/fix03b_custom_browse_test.dart: custom editor Browse outbound empty remarks gets the outbound prefix
01:38 +285: C:/Users/Colby/Documents/Codex/2026-10-01/v2rayn-flclash-rust-v2rayn/apps/desktop/test/fix03b_custom_browse_test.dart: custom editor Browse outbound empty remarks gets the outbound prefix
01:38 +286: C:/Users/Colby/Documents/Codex/2026-10-01/v2rayn-flclash-rust-v2rayn/apps/desktop/test/fix03b_custom_browse_test.dart: custom editor Browse outbound empty remarks gets the outbound prefix
01:38 +287: C:/Users/Colby/Documents/Codex/2026-10-01/v2rayn-flclash-rust-v2rayn/apps/desktop/test/fix03b_custom_browse_test.dart: custom editor Browse outbound empty remarks gets the outbound prefix
01:39 +287: C:/Users/Colby/Documents/Codex/2026-10-01/v2rayn-flclash-rust-v2rayn/apps/desktop/test/fix03b_custom_browse_test.dart: custom editor Browse outbound empty remarks gets the outbound prefix
01:39 +288: C:/Users/Colby/Documents/Codex/2026-10-01/v2rayn-flclash-rust-v2rayn/apps/desktop/test/fix03b_custom_browse_test.dart: custom editor Browse outbound empty remarks gets the outbound prefix
01:39 +289: C:/Users/Colby/Documents/Codex/2026-10-01/v2rayn-flclash-rust-v2rayn/apps/desktop/test/fix03b_custom_browse_test.dart: custom editor Browse outbound empty remarks gets the outbound prefix
01:39 +290: C:/Users/Colby/Documents/Codex/2026-10-01/v2rayn-flclash-rust-v2rayn/apps/desktop/test/fix03b_custom_browse_test.dart: custom editor Browse outbound empty remarks gets the outbound prefix
01:39 +291: C:/Users/Colby/Documents/Codex/2026-10-01/v2rayn-flclash-rust-v2rayn/apps/desktop/test/fix03b_custom_browse_test.dart: custom editor Browse outbound empty remarks gets the outbound prefix
01:40 +291: C:/Users/Colby/Documents/Codex/2026-10-01/v2rayn-flclash-rust-v2rayn/apps/desktop/test/fix03b_custom_browse_test.dart: custom editor Browse outbound empty remarks gets the outbound prefix
01:40 +292: C:/Users/Colby/Documents/Codex/2026-10-01/v2rayn-flclash-rust-v2rayn/apps/desktop/test/fix03b_custom_browse_test.dart: custom editor Browse outbound empty remarks gets the outbound prefix
01:40 +293: C:/Users/Colby/Documents/Codex/2026-10-01/v2rayn-flclash-rust-v2rayn/apps/desktop/test/fix03b_custom_browse_test.dart: custom editor Browse outbound empty remarks gets the outbound prefix
01:40 +294: C:/Users/Colby/Documents/Codex/2026-10-01/v2rayn-flclash-rust-v2rayn/apps/desktop/test/fix03b_custom_browse_test.dart: custom editor Browse outbound empty remarks gets the outbound prefix
01:41 +294: C:/Users/Colby/Documents/Codex/2026-10-01/v2rayn-flclash-rust-v2rayn/apps/desktop/test/fix03b_custom_browse_test.dart: custom editor Browse outbound empty remarks gets the outbound prefix
01:41 +295: C:/Users/Colby/Documents/Codex/2026-10-01/v2rayn-flclash-rust-v2rayn/apps/desktop/test/fix03b_custom_browse_test.dart: custom editor Browse outbound empty remarks gets the outbound prefix
01:41 +296: C:/Users/Colby/Documents/Codex/2026-10-01/v2rayn-flclash-rust-v2rayn/apps/desktop/test/fix03b_custom_browse_test.dart: custom editor Browse outbound empty remarks gets the outbound prefix
01:41 +297: C:/Users/Colby/Documents/Codex/2026-10-01/v2rayn-flclash-rust-v2rayn/apps/desktop/test/fix03b_custom_browse_test.dart: custom editor Browse outbound empty remarks gets the outbound prefix
01:41 +298: C:/Users/Colby/Documents/Codex/2026-10-01/v2rayn-flclash-rust-v2rayn/apps/desktop/test/fix03b_custom_browse_test.dart: custom editor Browse outbound empty remarks gets the outbound prefix
01:41 +299: C:/Users/Colby/Documents/Codex/2026-10-01/v2rayn-flclash-rust-v2rayn/apps/desktop/test/fix03b_custom_browse_test.dart: custom editor Browse outbound empty remarks gets the outbound prefix
01:41 +300: C:/Users/Colby/Documents/Codex/2026-10-01/v2rayn-flclash-rust-v2rayn/apps/desktop/test/fix03b_custom_browse_test.dart: custom editor Browse outbound empty remarks gets the outbound prefix
01:41 +301: C:/Users/Colby/Documents/Codex/2026-10-01/v2rayn-flclash-rust-v2rayn/apps/desktop/test/fix03b_custom_browse_test.dart: custom editor Browse outbound empty remarks gets the outbound prefix
01:42 +301: C:/Users/Colby/Documents/Codex/2026-10-01/v2rayn-flclash-rust-v2rayn/apps/desktop/test/fix03b_custom_browse_test.dart: custom editor Browse outbound empty remarks gets the outbound prefix
01:42 +302: C:/Users/Colby/Documents/Codex/2026-10-01/v2rayn-flclash-rust-v2rayn/apps/desktop/test/fix03b_custom_browse_test.dart: custom editor Browse outbound empty remarks gets the outbound prefix
01:42 +303: C:/Users/Colby/Documents/Codex/2026-10-01/v2rayn-flclash-rust-v2rayn/apps/desktop/test/fix03b_custom_browse_test.dart: custom editor Browse outbound empty remarks gets the outbound prefix
01:42 +304: C:/Users/Colby/Documents/Codex/2026-10-01/v2rayn-flclash-rust-v2rayn/apps/desktop/test/fix03b_custom_browse_test.dart: custom editor Browse outbound empty remarks gets the outbound prefix
01:42 +305: C:/Users/Colby/Documents/Codex/2026-10-01/v2rayn-flclash-rust-v2rayn/apps/desktop/test/fix03b_custom_browse_test.dart: custom editor Browse outbound empty remarks gets the outbound prefix
01:43 +305: C:/Users/Colby/Documents/Codex/2026-10-01/v2rayn-flclash-rust-v2rayn/apps/desktop/test/fix03b_custom_browse_test.dart: custom editor Browse outbound empty remarks gets the outbound prefix
01:43 +306: C:/Users/Colby/Documents/Codex/2026-10-01/v2rayn-flclash-rust-v2rayn/apps/desktop/test/fix03b_custom_browse_test.dart: custom editor Browse outbound empty remarks gets the outbound prefix
01:43 +307: C:/Users/Colby/Documents/Codex/2026-10-01/v2rayn-flclash-rust-v2rayn/apps/desktop/test/fix03b_custom_browse_test.dart: custom editor Browse outbound empty remarks gets the outbound prefix
01:43 +308: C:/Users/Colby/Documents/Codex/2026-10-01/v2rayn-flclash-rust-v2rayn/apps/desktop/test/fix03b_custom_browse_test.dart: custom editor Browse outbound empty remarks gets the outbound prefix
01:43 +309: C:/Users/Colby/Documents/Codex/2026-10-01/v2rayn-flclash-rust-v2rayn/apps/desktop/test/fix03b_custom_browse_test.dart: custom editor Browse outbound empty remarks gets the outbound prefix
01:43 +310: C:/Users/Colby/Documents/Codex/2026-10-01/v2rayn-flclash-rust-v2rayn/apps/desktop/test/fix03b_custom_browse_test.dart: custom editor Browse outbound empty remarks gets the outbound prefix
01:44 +310: C:/Users/Colby/Documents/Codex/2026-10-01/v2rayn-flclash-rust-v2rayn/apps/desktop/test/fix03b_custom_browse_test.dart: custom editor Browse outbound empty remarks gets the outbound prefix
01:44 +311: C:/Users/Colby/Documents/Codex/2026-10-01/v2rayn-flclash-rust-v2rayn/apps/desktop/test/fix03b_custom_browse_test.dart: custom editor Browse outbound empty remarks gets the outbound prefix
01:44 +312: C:/Users/Colby/Documents/Codex/2026-10-01/v2rayn-flclash-rust-v2rayn/apps/desktop/test/fix03b_custom_browse_test.dart: custom editor Browse outbound empty remarks gets the outbound prefix
01:45 +312: C:/Users/Colby/Documents/Codex/2026-10-01/v2rayn-flclash-rust-v2rayn/apps/desktop/test/fix03b_custom_browse_test.dart: custom editor Browse outbound empty remarks gets the outbound prefix
01:46 +312: C:/Users/Colby/Documents/Codex/2026-10-01/v2rayn-flclash-rust-v2rayn/apps/desktop/test/fix03b_custom_browse_test.dart: custom editor Browse outbound empty remarks gets the outbound prefix
01:47 +312: C:/Users/Colby/Documents/Codex/2026-10-01/v2rayn-flclash-rust-v2rayn/apps/desktop/test/fix03b_custom_browse_test.dart: custom editor Browse outbound empty remarks gets the outbound prefix
01:47 +313: C:/Users/Colby/Documents/Codex/2026-10-01/v2rayn-flclash-rust-v2rayn/apps/desktop/test/fix03b_custom_browse_test.dart: custom editor Browse outbound empty remarks gets the outbound prefix
01:47 +314: C:/Users/Colby/Documents/Codex/2026-10-01/v2rayn-flclash-rust-v2rayn/apps/desktop/test/fix03b_custom_browse_test.dart: custom editor Browse outbound empty remarks gets the outbound prefix
01:48 +314: C:/Users/Colby/Documents/Codex/2026-10-01/v2rayn-flclash-rust-v2rayn/apps/desktop/test/fix03b_custom_browse_test.dart: custom editor Browse outbound empty remarks gets the outbound prefix
01:48 +315: C:/Users/Colby/Documents/Codex/2026-10-01/v2rayn-flclash-rust-v2rayn/apps/desktop/test/fix03b_custom_browse_test.dart: custom editor Browse outbound empty remarks gets the outbound prefix
01:48 +316: C:/Users/Colby/Documents/Codex/2026-10-01/v2rayn-flclash-rust-v2rayn/apps/desktop/test/fix03b_custom_browse_test.dart: custom editor Browse outbound empty remarks gets the outbound prefix
01:49 +316: C:/Users/Colby/Documents/Codex/2026-10-01/v2rayn-flclash-rust-v2rayn/apps/desktop/test/fix03b_custom_browse_test.dart: custom editor Browse outbound empty remarks gets the outbound prefix
01:49 +317: C:/Users/Colby/Documents/Codex/2026-10-01/v2rayn-flclash-rust-v2rayn/apps/desktop/test/fix03b_custom_browse_test.dart: custom editor Browse outbound empty remarks gets the outbound prefix
01:49 +318: C:/Users/Colby/Documents/Codex/2026-10-01/v2rayn-flclash-rust-v2rayn/apps/desktop/test/fix03b_custom_browse_test.dart: custom editor Browse outbound empty remarks gets the outbound prefix
01:50 +318: C:/Users/Colby/Documents/Codex/2026-10-01/v2rayn-flclash-rust-v2rayn/apps/desktop/test/fix03b_custom_browse_test.dart: custom editor Browse outbound empty remarks gets the outbound prefix
01:50 +319: C:/Users/Colby/Documents/Codex/2026-10-01/v2rayn-flclash-rust-v2rayn/apps/desktop/test/fix03b_custom_browse_test.dart: custom editor Browse outbound empty remarks gets the outbound prefix
01:50 +320: C:/Users/Colby/Documents/Codex/2026-10-01/v2rayn-flclash-rust-v2rayn/apps/desktop/test/fix03b_custom_browse_test.dart: custom editor Browse outbound empty remarks gets the outbound prefix
01:51 +320: C:/Users/Colby/Documents/Codex/2026-10-01/v2rayn-flclash-rust-v2rayn/apps/desktop/test/fix03b_custom_browse_test.dart: custom editor Browse outbound empty remarks gets the outbound prefix
01:51 +321: C:/Users/Colby/Documents/Codex/2026-10-01/v2rayn-flclash-rust-v2rayn/apps/desktop/test/fix03b_custom_browse_test.dart: custom editor Browse outbound empty remarks gets the outbound prefix
01:51 +322: C:/Users/Colby/Documents/Codex/2026-10-01/v2rayn-flclash-rust-v2rayn/apps/desktop/test/fix03b_custom_browse_test.dart: custom editor Browse outbound empty remarks gets the outbound prefix
01:52 +322: C:/Users/Colby/Documents/Codex/2026-10-01/v2rayn-flclash-rust-v2rayn/apps/desktop/test/fix03b_custom_browse_test.dart: custom editor Browse outbound empty remarks gets the outbound prefix
01:52 +323: C:/Users/Colby/Documents/Codex/2026-10-01/v2rayn-flclash-rust-v2rayn/apps/desktop/test/fix03b_custom_browse_test.dart: custom editor Browse outbound empty remarks gets the outbound prefix
01:52 +324: C:/Users/Colby/Documents/Codex/2026-10-01/v2rayn-flclash-rust-v2rayn/apps/desktop/test/fix03b_custom_browse_test.dart: custom editor Browse outbound empty remarks gets the outbound prefix
01:53 +324: C:/Users/Colby/Documents/Codex/2026-10-01/v2rayn-flclash-rust-v2rayn/apps/desktop/test/fix03b_custom_browse_test.dart: custom editor Browse outbound empty remarks gets the outbound prefix
01:53 +325: C:/Users/Colby/Documents/Codex/2026-10-01/v2rayn-flclash-rust-v2rayn/apps/desktop/test/fix03b_custom_browse_test.dart: custom editor Browse outbound empty remarks gets the outbound prefix
01:53 +326: C:/Users/Colby/Documents/Codex/2026-10-01/v2rayn-flclash-rust-v2rayn/apps/desktop/test/fix03b_custom_browse_test.dart: custom editor Browse outbound empty remarks gets the outbound prefix
01:54 +326: C:/Users/Colby/Documents/Codex/2026-10-01/v2rayn-flclash-rust-v2rayn/apps/desktop/test/fix03b_custom_browse_test.dart: custom editor Browse outbound empty remarks gets the outbound prefix
01:54 +327: C:/Users/Colby/Documents/Codex/2026-10-01/v2rayn-flclash-rust-v2rayn/apps/desktop/test/fix03b_custom_browse_test.dart: custom editor Browse outbound empty remarks gets the outbound prefix
01:54 +328: C:/Users/Colby/Documents/Codex/2026-10-01/v2rayn-flclash-rust-v2rayn/apps/desktop/test/fix03b_custom_browse_test.dart: custom editor Browse outbound empty remarks gets the outbound prefix
01:55 +328: C:/Users/Colby/Documents/Codex/2026-10-01/v2rayn-flclash-rust-v2rayn/apps/desktop/test/fix03b_custom_browse_test.dart: custom editor Browse outbound empty remarks gets the outbound prefix
01:55 +329: C:/Users/Colby/Documents/Codex/2026-10-01/v2rayn-flclash-rust-v2rayn/apps/desktop/test/fix03b_custom_browse_test.dart: custom editor Browse outbound empty remarks gets the outbound prefix
01:56 +330: C:/Users/Colby/Documents/Codex/2026-10-01/v2rayn-flclash-rust-v2rayn/apps/desktop/test/fix03b_custom_browse_test.dart: custom editor Browse outbound empty remarks gets the outbound prefix
01:56 +331: C:/Users/Colby/Documents/Codex/2026-10-01/v2rayn-flclash-rust-v2rayn/apps/desktop/test/fix03b_custom_browse_test.dart: custom editor Browse outbound empty remarks gets the outbound prefix
01:56 +332: C:/Users/Colby/Documents/Codex/2026-10-01/v2rayn-flclash-rust-v2rayn/apps/desktop/test/fix03b_custom_browse_test.dart: custom editor Browse outbound empty remarks gets the outbound prefix
01:56 +333: C:/Users/Colby/Documents/Codex/2026-10-01/v2rayn-flclash-rust-v2rayn/apps/desktop/test/fix03b_custom_browse_test.dart: custom editor Browse outbound empty remarks gets the outbound prefix
01:57 +333: C:/Users/Colby/Documents/Codex/2026-10-01/v2rayn-flclash-rust-v2rayn/apps/desktop/test/fix03b_custom_browse_test.dart: custom editor Browse outbound empty remarks gets the outbound prefix
01:58 +333: C:/Users/Colby/Documents/Codex/2026-10-01/v2rayn-flclash-rust-v2rayn/apps/desktop/test/fix03b_custom_browse_test.dart: custom editor Browse outbound empty remarks gets the outbound prefix
01:58 +334: C:/Users/Colby/Documents/Codex/2026-10-01/v2rayn-flclash-rust-v2rayn/apps/desktop/test/fix03b_custom_browse_test.dart: custom editor Browse outbound empty remarks gets the outbound prefix
01:59 +334: C:/Users/Colby/Documents/Codex/2026-10-01/v2rayn-flclash-rust-v2rayn/apps/desktop/test/fix03b_custom_browse_test.dart: custom editor Browse outbound empty remarks gets the outbound prefix
01:59 +335: C:/Users/Colby/Documents/Codex/2026-10-01/v2rayn-flclash-rust-v2rayn/apps/desktop/test/fix03b_custom_browse_test.dart: custom editor Browse outbound empty remarks gets the outbound prefix
01:59 +336: C:/Users/Colby/Documents/Codex/2026-10-01/v2rayn-flclash-rust-v2rayn/apps/desktop/test/fix03b_custom_browse_test.dart: custom editor Browse outbound empty remarks gets the outbound prefix
01:59 +337: C:/Users/Colby/Documents/Codex/2026-10-01/v2rayn-flclash-rust-v2rayn/apps/desktop/test/fix03b_custom_browse_test.dart: custom editor Browse outbound empty remarks gets the outbound prefix
01:59 +338: C:/Users/Colby/Documents/Codex/2026-10-01/v2rayn-flclash-rust-v2rayn/apps/desktop/test/fix03b_custom_browse_test.dart: custom editor Browse outbound empty remarks gets the outbound prefix
01:59 +339: C:/Users/Colby/Documents/Codex/2026-10-01/v2rayn-flclash-rust-v2rayn/apps/desktop/test/fix03b_custom_browse_test.dart: custom editor Browse outbound empty remarks gets the outbound prefix
01:59 +340: C:/Users/Colby/Documents/Codex/2026-10-01/v2rayn-flclash-rust-v2rayn/apps/desktop/test/fix03b_custom_browse_test.dart: custom editor Browse outbound empty remarks gets the outbound prefix
01:59 +341: C:/Users/Colby/Documents/Codex/2026-10-01/v2rayn-flclash-rust-v2rayn/apps/desktop/test/fix03b_custom_browse_test.dart: custom editor Browse outbound empty remarks gets the outbound prefix
01:59 +342: C:/Users/Colby/Documents/Codex/2026-10-01/v2rayn-flclash-rust-v2rayn/apps/desktop/test/fix03b_custom_browse_test.dart: custom editor Browse outbound empty remarks gets the outbound prefix
01:59 +343: C:/Users/Colby/Documents/Codex/2026-10-01/v2rayn-flclash-rust-v2rayn/apps/desktop/test/fix03b_custom_browse_test.dart: custom editor Browse outbound empty remarks gets the outbound prefix
02:00 +343: C:/Users/Colby/Documents/Codex/2026-10-01/v2rayn-flclash-rust-v2rayn/apps/desktop/test/fix03b_custom_browse_test.dart: custom editor Browse outbound empty remarks gets the outbound prefix
02:00 +344: C:/Users/Colby/Documents/Codex/2026-10-01/v2rayn-flclash-rust-v2rayn/apps/desktop/test/fix03b_custom_browse_test.dart: custom editor Browse outbound empty remarks gets the outbound prefix
02:00 +345: C:/Users/Colby/Documents/Codex/2026-10-01/v2rayn-flclash-rust-v2rayn/apps/desktop/test/fix03b_custom_browse_test.dart: custom editor Browse outbound empty remarks gets the outbound prefix
02:00 +346: C:/Users/Colby/Documents/Codex/2026-10-01/v2rayn-flclash-rust-v2rayn/apps/desktop/test/fix03b_custom_browse_test.dart: custom editor Browse outbound empty remarks gets the outbound prefix
02:00 +347: C:/Users/Colby/Documents/Codex/2026-10-01/v2rayn-flclash-rust-v2rayn/apps/desktop/test/fix03b_custom_browse_test.dart: custom editor Browse outbound empty remarks gets the outbound prefix
02:00 +348: C:/Users/Colby/Documents/Codex/2026-10-01/v2rayn-flclash-rust-v2rayn/apps/desktop/test/fix03b_custom_browse_test.dart: custom editor Browse outbound empty remarks gets the outbound prefix
02:01 +348: C:/Users/Colby/Documents/Codex/2026-10-01/v2rayn-flclash-rust-v2rayn/apps/desktop/test/fix03b_custom_browse_test.dart: custom editor Browse outbound empty remarks gets the outbound prefix
02:02 +348: C:/Users/Colby/Documents/Codex/2026-10-01/v2rayn-flclash-rust-v2rayn/apps/desktop/test/fix03b_custom_browse_test.dart: custom editor Browse outbound empty remarks gets the outbound prefix
02:02 +349: C:/Users/Colby/Documents/Codex/2026-10-01/v2rayn-flclash-rust-v2rayn/apps/desktop/test/fix03b_custom_browse_test.dart: custom editor Browse outbound empty remarks gets the outbound prefix
02:02 +350: C:/Users/Colby/Documents/Codex/2026-10-01/v2rayn-flclash-rust-v2rayn/apps/desktop/test/fix03b_custom_browse_test.dart: custom editor Browse outbound empty remarks gets the outbound prefix
02:02 +351: C:/Users/Colby/Documents/Codex/2026-10-01/v2rayn-flclash-rust-v2rayn/apps/desktop/test/fix03b_custom_browse_test.dart: custom editor Browse outbound empty remarks gets the outbound prefix
02:02 +352: C:/Users/Colby/Documents/Codex/2026-10-01/v2rayn-flclash-rust-v2rayn/apps/desktop/test/fix03b_custom_browse_test.dart: custom editor Browse outbound empty remarks gets the outbound prefix
02:03 +352: C:/Users/Colby/Documents/Codex/2026-10-01/v2rayn-flclash-rust-v2rayn/apps/desktop/test/fix03b_custom_browse_test.dart: custom editor Browse outbound empty remarks gets the outbound prefix
02:04 +352: C:/Users/Colby/Documents/Codex/2026-10-01/v2rayn-flclash-rust-v2rayn/apps/desktop/test/fix03b_custom_browse_test.dart: custom editor Browse outbound empty remarks gets the outbound prefix
02:04 +353: C:/Users/Colby/Documents/Codex/2026-10-01/v2rayn-flclash-rust-v2rayn/apps/desktop/test/fix03b_custom_browse_test.dart: custom editor Browse outbound empty remarks gets the outbound prefix
02:04 +354: C:/Users/Colby/Documents/Codex/2026-10-01/v2rayn-flclash-rust-v2rayn/apps/desktop/test/fix03b_custom_browse_test.dart: custom editor Browse outbound empty remarks gets the outbound prefix
02:04 +355: C:/Users/Colby/Documents/Codex/2026-10-01/v2rayn-flclash-rust-v2rayn/apps/desktop/test/fix03b_custom_browse_test.dart: custom editor Browse outbound empty remarks gets the outbound prefix
02:05 +355: C:/Users/Colby/Documents/Codex/2026-10-01/v2rayn-flclash-rust-v2rayn/apps/desktop/test/fix03b_custom_browse_test.dart: custom editor Browse outbound empty remarks gets the outbound prefix
02:05 +356: C:/Users/Colby/Documents/Codex/2026-10-01/v2rayn-flclash-rust-v2rayn/apps/desktop/test/fix03b_custom_browse_test.dart: custom editor Browse outbound empty remarks gets the outbound prefix
02:05 +357: C:/Users/Colby/Documents/Codex/2026-10-01/v2rayn-flclash-rust-v2rayn/apps/desktop/test/fix03b_custom_browse_test.dart: custom editor Browse outbound empty remarks gets the outbound prefix
02:06 +357: C:/Users/Colby/Documents/Codex/2026-10-01/v2rayn-flclash-rust-v2rayn/apps/desktop/test/fix03b_custom_browse_test.dart: custom editor Browse outbound empty remarks gets the outbound prefix
02:06 +358: C:/Users/Colby/Documents/Codex/2026-10-01/v2rayn-flclash-rust-v2rayn/apps/desktop/test/fix03b_custom_browse_test.dart: custom editor Browse outbound empty remarks gets the outbound prefix
02:07 +358: C:/Users/Colby/Documents/Codex/2026-10-01/v2rayn-flclash-rust-v2rayn/apps/desktop/test/fix03b_custom_browse_test.dart: custom editor Browse outbound empty remarks gets the outbound prefix
02:07 +359: C:/Users/Colby/Documents/Codex/2026-10-01/v2rayn-flclash-rust-v2rayn/apps/desktop/test/fix03b_custom_browse_test.dart: custom editor Browse outbound empty remarks gets the outbound prefix
02:07 +360: C:/Users/Colby/Documents/Codex/2026-10-01/v2rayn-flclash-rust-v2rayn/apps/desktop/test/fix03b_custom_browse_test.dart: custom editor Browse outbound empty remarks gets the outbound prefix
02:07 +361: C:/Users/Colby/Documents/Codex/2026-10-01/v2rayn-flclash-rust-v2rayn/apps/desktop/test/fix03b_custom_browse_test.dart: custom editor Browse outbound empty remarks gets the outbound prefix
02:08 +361: C:/Users/Colby/Documents/Codex/2026-10-01/v2rayn-flclash-rust-v2rayn/apps/desktop/test/fix03b_custom_browse_test.dart: custom editor Browse outbound empty remarks gets the outbound prefix
02:08 +362: C:/Users/Colby/Documents/Codex/2026-10-01/v2rayn-flclash-rust-v2rayn/apps/desktop/test/fix03b_custom_browse_test.dart: custom editor Browse outbound empty remarks gets the outbound prefix
02:08 +363: C:/Users/Colby/Documents/Codex/2026-10-01/v2rayn-flclash-rust-v2rayn/apps/desktop/test/fix03b_custom_browse_test.dart: custom editor Browse outbound empty remarks gets the outbound prefix
02:08 +364: C:/Users/Colby/Documents/Codex/2026-10-01/v2rayn-flclash-rust-v2rayn/apps/desktop/test/fix03b_custom_browse_test.dart: custom editor Browse outbound empty remarks gets the outbound prefix
02:09 +364: C:/Users/Colby/Documents/Codex/2026-10-01/v2rayn-flclash-rust-v2rayn/apps/desktop/test/fix03b_custom_browse_test.dart: custom editor Browse outbound empty remarks gets the outbound prefix
02:09 +365: C:/Users/Colby/Documents/Codex/2026-10-01/v2rayn-flclash-rust-v2rayn/apps/desktop/test/fix03b_custom_browse_test.dart: custom editor Browse outbound empty remarks gets the outbound prefix
02:10 +365: C:/Users/Colby/Documents/Codex/2026-10-01/v2rayn-flclash-rust-v2rayn/apps/desktop/test/fix03b_custom_browse_test.dart: custom editor Browse outbound empty remarks gets the outbound prefix
02:10 +366: C:/Users/Colby/Documents/Codex/2026-10-01/v2rayn-flclash-rust-v2rayn/apps/desktop/test/fix03b_custom_browse_test.dart: custom editor Browse outbound empty remarks gets the outbound prefix
02:10 +367: C:/Users/Colby/Documents/Codex/2026-10-01/v2rayn-flclash-rust-v2rayn/apps/desktop/test/fix03b_custom_browse_test.dart: custom editor Browse outbound empty remarks gets the outbound prefix
02:10 +368: C:/Users/Colby/Documents/Codex/2026-10-01/v2rayn-flclash-rust-v2rayn/apps/desktop/test/fix03b_custom_browse_test.dart: custom editor Browse outbound empty remarks gets the outbound prefix
02:11 +368: C:/Users/Colby/Documents/Codex/2026-10-01/v2rayn-flclash-rust-v2rayn/apps/desktop/test/fix03b_custom_browse_test.dart: custom editor Browse outbound empty remarks gets the outbound prefix
02:11 +369: C:/Users/Colby/Documents/Codex/2026-10-01/v2rayn-flclash-rust-v2rayn/apps/desktop/test/fix03b_custom_browse_test.dart: custom editor Browse outbound empty remarks gets the outbound prefix
02:11 +370: C:/Users/Colby/Documents/Codex/2026-10-01/v2rayn-flclash-rust-v2rayn/apps/desktop/test/fix03b_custom_browse_test.dart: custom editor Browse outbound empty remarks gets the outbound prefix
02:11 +371: C:/Users/Colby/Documents/Codex/2026-10-01/v2rayn-flclash-rust-v2rayn/apps/desktop/test/fix03b_custom_browse_test.dart: custom editor Browse outbound empty remarks gets the outbound prefix
02:11 +372: C:/Users/Colby/Documents/Codex/2026-10-01/v2rayn-flclash-rust-v2rayn/apps/desktop/test/fix03b_custom_browse_test.dart: custom editor Browse outbound empty remarks gets the outbound prefix
02:12 +372: C:/Users/Colby/Documents/Codex/2026-10-01/v2rayn-flclash-rust-v2rayn/apps/desktop/test/fix03b_custom_browse_test.dart: custom editor Browse outbound empty remarks gets the outbound prefix
02:12 +373: C:/Users/Colby/Documents/Codex/2026-10-01/v2rayn-flclash-rust-v2rayn/apps/desktop/test/fix03b_custom_browse_test.dart: custom editor Browse outbound empty remarks gets the outbound prefix
02:12 +374: C:/Users/Colby/Documents/Codex/2026-10-01/v2rayn-flclash-rust-v2rayn/apps/desktop/test/fix03b_custom_browse_test.dart: custom editor Browse outbound empty remarks gets the outbound prefix
02:13 +374: C:/Users/Colby/Documents/Codex/2026-10-01/v2rayn-flclash-rust-v2rayn/apps/desktop/test/fix03b_custom_browse_test.dart: custom editor Browse outbound empty remarks gets the outbound prefix
02:13 +375: C:/Users/Colby/Documents/Codex/2026-10-01/v2rayn-flclash-rust-v2rayn/apps/desktop/test/fix03b_custom_browse_test.dart: custom editor Browse outbound empty remarks gets the outbound prefix
02:13 +376: C:/Users/Colby/Documents/Codex/2026-10-01/v2rayn-flclash-rust-v2rayn/apps/desktop/test/fix03b_custom_browse_test.dart: custom editor Browse outbound empty remarks gets the outbound prefix
02:14 +376: C:/Users/Colby/Documents/Codex/2026-10-01/v2rayn-flclash-rust-v2rayn/apps/desktop/test/fix03b_custom_browse_test.dart: custom editor Browse outbound empty remarks gets the outbound prefix
02:14 +377: C:/Users/Colby/Documents/Codex/2026-10-01/v2rayn-flclash-rust-v2rayn/apps/desktop/test/fix03b_custom_browse_test.dart: custom editor Browse outbound empty remarks gets the outbound prefix
02:14 +378: C:/Users/Colby/Documents/Codex/2026-10-01/v2rayn-flclash-rust-v2rayn/apps/desktop/test/fix03b_custom_browse_test.dart: custom editor Browse outbound empty remarks gets the outbound prefix
02:14 +379: C:/Users/Colby/Documents/Codex/2026-10-01/v2rayn-flclash-rust-v2rayn/apps/desktop/test/fix03b_custom_browse_test.dart: custom editor Browse outbound empty remarks gets the outbound prefix
02:14 +380: C:/Users/Colby/Documents/Codex/2026-10-01/v2rayn-flclash-rust-v2rayn/apps/desktop/test/fix03b_custom_browse_test.dart: custom editor Browse outbound empty remarks gets the outbound prefix
02:15 +380: C:/Users/Colby/Documents/Codex/2026-10-01/v2rayn-flclash-rust-v2rayn/apps/desktop/test/fix03b_custom_browse_test.dart: custom editor Browse outbound empty remarks gets the outbound prefix
02:15 +381: C:/Users/Colby/Documents/Codex/2026-10-01/v2rayn-flclash-rust-v2rayn/apps/desktop/test/fix03b_custom_browse_test.dart: custom editor Browse outbound empty remarks gets the outbound prefix
02:15 +382: C:/Users/Colby/Documents/Codex/2026-10-01/v2rayn-flclash-rust-v2rayn/apps/desktop/test/fix03b_custom_browse_test.dart: custom editor Browse outbound empty remarks gets the outbound prefix
02:15 +383: C:/Users/Colby/Documents/Codex/2026-10-01/v2rayn-flclash-rust-v2rayn/apps/desktop/test/fix03b_custom_browse_test.dart: custom editor Browse outbound empty remarks gets the outbound prefix
02:15 +384: C:/Users/Colby/Documents/Codex/2026-10-01/v2rayn-flclash-rust-v2rayn/apps/desktop/test/fix03b_custom_browse_test.dart: custom editor Browse outbound empty remarks gets the outbound prefix
02:16 +384: C:/Users/Colby/Documents/Codex/2026-10-01/v2rayn-flclash-rust-v2rayn/apps/desktop/test/fix03b_custom_browse_test.dart: custom editor Browse outbound empty remarks gets the outbound prefix
02:16 +385: C:/Users/Colby/Documents/Codex/2026-10-01/v2rayn-flclash-rust-v2rayn/apps/desktop/test/fix03b_custom_browse_test.dart: custom editor Browse outbound empty remarks gets the outbound prefix
02:16 +386: C:/Users/Colby/Documents/Codex/2026-10-01/v2rayn-flclash-rust-v2rayn/apps/desktop/test/fix03b_custom_browse_test.dart: custom editor Browse outbound empty remarks gets the outbound prefix
02:16 +387: C:/Users/Colby/Documents/Codex/2026-10-01/v2rayn-flclash-rust-v2rayn/apps/desktop/test/fix03b_custom_browse_test.dart: custom editor Browse outbound empty remarks gets the outbound prefix
02:16 +388: C:/Users/Colby/Documents/Codex/2026-10-01/v2rayn-flclash-rust-v2rayn/apps/desktop/test/fix03b_custom_browse_test.dart: custom editor Browse outbound empty remarks gets the outbound prefix
02:17 +388: C:/Users/Colby/Documents/Codex/2026-10-01/v2rayn-flclash-rust-v2rayn/apps/desktop/test/fix03b_custom_browse_test.dart: custom editor Browse outbound empty remarks gets the outbound prefix
02:17 +389: C:/Users/Colby/Documents/Codex/2026-10-01/v2rayn-flclash-rust-v2rayn/apps/desktop/test/fix03b_custom_browse_test.dart: custom editor Browse outbound empty remarks gets the outbound prefix
02:17 +390: C:/Users/Colby/Documents/Codex/2026-10-01/v2rayn-flclash-rust-v2rayn/apps/desktop/test/fix03b_custom_browse_test.dart: custom editor Browse outbound empty remarks gets the outbound prefix
02:18 +390: C:/Users/Colby/Documents/Codex/2026-10-01/v2rayn-flclash-rust-v2rayn/apps/desktop/test/fix03b_custom_browse_test.dart: custom editor Browse outbound empty remarks gets the outbound prefix
02:18 +391: C:/Users/Colby/Documents/Codex/2026-10-01/v2rayn-flclash-rust-v2rayn/apps/desktop/test/fix03b_custom_browse_test.dart: custom editor Browse outbound empty remarks gets the outbound prefix
02:18 +392: C:/Users/Colby/Documents/Codex/2026-10-01/v2rayn-flclash-rust-v2rayn/apps/desktop/test/fix03b_custom_browse_test.dart: custom editor Browse outbound empty remarks gets the outbound prefix
02:18 +393: C:/Users/Colby/Documents/Codex/2026-10-01/v2rayn-flclash-rust-v2rayn/apps/desktop/test/fix03b_custom_browse_test.dart: custom editor Browse outbound empty remarks gets the outbound prefix
02:18 +394: C:/Users/Colby/Documents/Codex/2026-10-01/v2rayn-flclash-rust-v2rayn/apps/desktop/test/fix03b_custom_browse_test.dart: custom editor Browse outbound empty remarks gets the outbound prefix
02:18 +395: C:/Users/Colby/Documents/Codex/2026-10-01/v2rayn-flclash-rust-v2rayn/apps/desktop/test/fix03b_custom_browse_test.dart: custom editor Browse outbound empty remarks gets the outbound prefix
02:18 +396: C:/Users/Colby/Documents/Codex/2026-10-01/v2rayn-flclash-rust-v2rayn/apps/desktop/test/fix03b_custom_browse_test.dart: custom editor Browse outbound empty remarks gets the outbound prefix
02:18 +397: C:/Users/Colby/Documents/Codex/2026-10-01/v2rayn-flclash-rust-v2rayn/apps/desktop/test/fix03b_custom_browse_test.dart: custom editor Browse outbound empty remarks gets the outbound prefix
02:18 +398: C:/Users/Colby/Documents/Codex/2026-10-01/v2rayn-flclash-rust-v2rayn/apps/desktop/test/fix03b_custom_browse_test.dart: custom editor Browse outbound empty remarks gets the outbound prefix
02:18 +399: C:/Users/Colby/Documents/Codex/2026-10-01/v2rayn-flclash-rust-v2rayn/apps/desktop/test/fix03b_custom_browse_test.dart: custom editor Browse outbound empty remarks gets the outbound prefix
02:19 +399: C:/Users/Colby/Documents/Codex/2026-10-01/v2rayn-flclash-rust-v2rayn/apps/desktop/test/fix03b_custom_browse_test.dart: custom editor Browse outbound empty remarks gets the outbound prefix
02:19 +400: C:/Users/Colby/Documents/Codex/2026-10-01/v2rayn-flclash-rust-v2rayn/apps/desktop/test/fix03b_custom_browse_test.dart: custom editor Browse outbound empty remarks gets the outbound prefix
02:19 +401: C:/Users/Colby/Documents/Codex/2026-10-01/v2rayn-flclash-rust-v2rayn/apps/desktop/test/fix03b_custom_browse_test.dart: custom editor Browse outbound empty remarks gets the outbound prefix
02:19 +402: C:/Users/Colby/Documents/Codex/2026-10-01/v2rayn-flclash-rust-v2rayn/apps/desktop/test/fix03b_custom_browse_test.dart: custom editor Browse outbound empty remarks gets the outbound prefix
02:19 +403: C:/Users/Colby/Documents/Codex/2026-10-01/v2rayn-flclash-rust-v2rayn/apps/desktop/test/fix03b_custom_browse_test.dart: custom editor Browse outbound empty remarks gets the outbound prefix
02:19 +404: C:/Users/Colby/Documents/Codex/2026-10-01/v2rayn-flclash-rust-v2rayn/apps/desktop/test/fix03b_custom_browse_test.dart: custom editor Browse outbound empty remarks gets the outbound prefix
02:19 +405: C:/Users/Colby/Documents/Codex/2026-10-01/v2rayn-flclash-rust-v2rayn/apps/desktop/test/fix03b_custom_browse_test.dart: custom editor Browse outbound empty remarks gets the outbound prefix
02:19 +406: C:/Users/Colby/Documents/Codex/2026-10-01/v2rayn-flclash-rust-v2rayn/apps/desktop/test/fix03b_custom_browse_test.dart: custom editor Browse outbound empty remarks gets the outbound prefix
02:19 +407: C:/Users/Colby/Documents/Codex/2026-10-01/v2rayn-flclash-rust-v2rayn/apps/desktop/test/fix03b_custom_browse_test.dart: custom editor Browse outbound empty remarks gets the outbound prefix
02:19 +408: C:/Users/Colby/Documents/Codex/2026-10-01/v2rayn-flclash-rust-v2rayn/apps/desktop/test/fix03b_custom_browse_test.dart: custom editor Browse outbound empty remarks gets the outbound prefix
02:19 +409: C:/Users/Colby/Documents/Codex/2026-10-01/v2rayn-flclash-rust-v2rayn/apps/desktop/test/fix03b_custom_browse_test.dart: custom editor Browse outbound empty remarks gets the outbound prefix
02:19 +410: C:/Users/Colby/Documents/Codex/2026-10-01/v2rayn-flclash-rust-v2rayn/apps/desktop/test/fix03b_custom_browse_test.dart: custom editor Browse outbound empty remarks gets the outbound prefix
02:19 +411: C:/Users/Colby/Documents/Codex/2026-10-01/v2rayn-flclash-rust-v2rayn/apps/desktop/test/fix03b_custom_browse_test.dart: custom editor Browse outbound empty remarks gets the outbound prefix
02:19 +412: C:/Users/Colby/Documents/Codex/2026-10-01/v2rayn-flclash-rust-v2rayn/apps/desktop/test/fix03b_custom_browse_test.dart: custom editor Browse outbound empty remarks gets the outbound prefix
02:19 +413: C:/Users/Colby/Documents/Codex/2026-10-01/v2rayn-flclash-rust-v2rayn/apps/desktop/test/fix03b_custom_browse_test.dart: custom editor Browse outbound empty remarks gets the outbound prefix
02:19 +414: C:/Users/Colby/Documents/Codex/2026-10-01/v2rayn-flclash-rust-v2rayn/apps/desktop/test/fix03b_custom_browse_test.dart: custom editor Browse outbound empty remarks gets the outbound prefix
02:19 +415: C:/Users/Colby/Documents/Codex/2026-10-01/v2rayn-flclash-rust-v2rayn/apps/desktop/test/fix03b_custom_browse_test.dart: custom editor Browse outbound empty remarks gets the outbound prefix
02:19 +416: C:/Users/Colby/Documents/Codex/2026-10-01/v2rayn-flclash-rust-v2rayn/apps/desktop/test/fix03b_custom_browse_test.dart: custom editor Browse outbound empty remarks gets the outbound prefix
02:19 +417: C:/Users/Colby/Documents/Codex/2026-10-01/v2rayn-flclash-rust-v2rayn/apps/desktop/test/fix03b_custom_browse_test.dart: custom editor Browse outbound empty remarks gets the outbound prefix
02:20 +417: C:/Users/Colby/Documents/Codex/2026-10-01/v2rayn-flclash-rust-v2rayn/apps/desktop/test/fix03b_custom_browse_test.dart: custom editor Browse outbound empty remarks gets the outbound prefix
02:20 +418: C:/Users/Colby/Documents/Codex/2026-10-01/v2rayn-flclash-rust-v2rayn/apps/desktop/test/fix03b_custom_browse_test.dart: custom editor Browse outbound empty remarks gets the outbound prefix
02:21 +418: C:/Users/Colby/Documents/Codex/2026-10-01/v2rayn-flclash-rust-v2rayn/apps/desktop/test/fix03b_custom_browse_test.dart: custom editor Browse outbound empty remarks gets the outbound prefix
02:21 +419: C:/Users/Colby/Documents/Codex/2026-10-01/v2rayn-flclash-rust-v2rayn/apps/desktop/test/fix03b_custom_browse_test.dart: custom editor Browse outbound empty remarks gets the outbound prefix
02:21 +420: C:/Users/Colby/Documents/Codex/2026-10-01/v2rayn-flclash-rust-v2rayn/apps/desktop/test/fix03b_custom_browse_test.dart: custom editor Browse outbound empty remarks gets the outbound prefix
02:21 +421: C:/Users/Colby/Documents/Codex/2026-10-01/v2rayn-flclash-rust-v2rayn/apps/desktop/test/fix03b_custom_browse_test.dart: custom editor Browse outbound empty remarks gets the outbound prefix
02:21 +422: C:/Users/Colby/Documents/Codex/2026-10-01/v2rayn-flclash-rust-v2rayn/apps/desktop/test/fix03b_custom_browse_test.dart: custom editor Browse outbound empty remarks gets the outbound prefix
02:22 +422: C:/Users/Colby/Documents/Codex/2026-10-01/v2rayn-flclash-rust-v2rayn/apps/desktop/test/fix03b_custom_browse_test.dart: custom editor Browse outbound empty remarks gets the outbound prefix
02:22 +423: C:/Users/Colby/Documents/Codex/2026-10-01/v2rayn-flclash-rust-v2rayn/apps/desktop/test/fix03b_custom_browse_test.dart: custom editor Browse outbound empty remarks gets the outbound prefix
02:22 +424: C:/Users/Colby/Documents/Codex/2026-10-01/v2rayn-flclash-rust-v2rayn/apps/desktop/test/fix03b_custom_browse_test.dart: custom editor Browse outbound empty remarks gets the outbound prefix
02:22 +425: C:/Users/Colby/Documents/Codex/2026-10-01/v2rayn-flclash-rust-v2rayn/apps/desktop/test/fix03b_custom_browse_test.dart: custom editor Browse outbound empty remarks gets the outbound prefix
02:22 +426: C:/Users/Colby/Documents/Codex/2026-10-01/v2rayn-flclash-rust-v2rayn/apps/desktop/test/fix03b_custom_browse_test.dart: custom editor Browse outbound empty remarks gets the outbound prefix
02:22 +427: C:/Users/Colby/Documents/Codex/2026-10-01/v2rayn-flclash-rust-v2rayn/apps/desktop/test/fix03b_custom_browse_test.dart: custom editor Browse outbound empty remarks gets the outbound prefix
02:22 +428: C:/Users/Colby/Documents/Codex/2026-10-01/v2rayn-flclash-rust-v2rayn/apps/desktop/test/fix03b_custom_browse_test.dart: custom editor Browse outbound empty remarks gets the outbound prefix
02:23 +428: C:/Users/Colby/Documents/Codex/2026-10-01/v2rayn-flclash-rust-v2rayn/apps/desktop/test/fix03b_custom_browse_test.dart: custom editor Browse outbound empty remarks gets the outbound prefix
02:24 +428: C:/Users/Colby/Documents/Codex/2026-10-01/v2rayn-flclash-rust-v2rayn/apps/desktop/test/fix03b_custom_browse_test.dart: custom editor Browse outbound empty remarks gets the outbound prefix
02:25 +428: C:/Users/Colby/Documents/Codex/2026-10-01/v2rayn-flclash-rust-v2rayn/apps/desktop/test/fix03b_custom_browse_test.dart: custom editor Browse outbound empty remarks gets the outbound prefix
02:25 +429: C:/Users/Colby/Documents/Codex/2026-10-01/v2rayn-flclash-rust-v2rayn/apps/desktop/test/fix03b_custom_browse_test.dart: custom editor Browse outbound empty remarks gets the outbound prefix
02:26 +429: C:/Users/Colby/Documents/Codex/2026-10-01/v2rayn-flclash-rust-v2rayn/apps/desktop/test/fix03b_custom_browse_test.dart: custom editor Browse outbound empty remarks gets the outbound prefix
02:26 +430: C:/Users/Colby/Documents/Codex/2026-10-01/v2rayn-flclash-rust-v2rayn/apps/desktop/test/fix03b_custom_browse_test.dart: custom editor Browse outbound empty remarks gets the outbound prefix
02:27 +430: C:/Users/Colby/Documents/Codex/2026-10-01/v2rayn-flclash-rust-v2rayn/apps/desktop/test/fix03b_custom_browse_test.dart: custom editor Browse outbound empty remarks gets the outbound prefix
02:27 +431: C:/Users/Colby/Documents/Codex/2026-10-01/v2rayn-flclash-rust-v2rayn/apps/desktop/test/fix03b_custom_browse_test.dart: custom editor Browse outbound empty remarks gets the outbound prefix
02:28 +431: C:/Users/Colby/Documents/Codex/2026-10-01/v2rayn-flclash-rust-v2rayn/apps/desktop/test/fix03b_custom_browse_test.dart: custom editor Browse outbound empty remarks gets the outbound prefix
02:28 +432: C:/Users/Colby/Documents/Codex/2026-10-01/v2rayn-flclash-rust-v2rayn/apps/desktop/test/fix03b_custom_browse_test.dart: custom editor Browse outbound empty remarks gets the outbound prefix
02:29 +432: C:/Users/Colby/Documents/Codex/2026-10-01/v2rayn-flclash-rust-v2rayn/apps/desktop/test/fix03b_custom_browse_test.dart: custom editor Browse outbound empty remarks gets the outbound prefix
02:29 +433: C:/Users/Colby/Documents/Codex/2026-10-01/v2rayn-flclash-rust-v2rayn/apps/desktop/test/fix03b_custom_browse_test.dart: custom editor Browse outbound empty remarks gets the outbound prefix
02:29 +434: C:/Users/Colby/Documents/Codex/2026-10-01/v2rayn-flclash-rust-v2rayn/apps/desktop/test/fix03b_custom_browse_test.dart: custom editor Browse outbound empty remarks gets the outbound prefix
02:29 +435: C:/Users/Colby/Documents/Codex/2026-10-01/v2rayn-flclash-rust-v2rayn/apps/desktop/test/fix03b_custom_browse_test.dart: custom editor Browse outbound empty remarks gets the outbound prefix
02:29 +436: C:/Users/Colby/Documents/Codex/2026-10-01/v2rayn-flclash-rust-v2rayn/apps/desktop/test/fix03b_custom_browse_test.dart: custom editor Browse outbound empty remarks gets the outbound prefix
02:29 +437: C:/Users/Colby/Documents/Codex/2026-10-01/v2rayn-flclash-rust-v2rayn/apps/desktop/test/fix03b_custom_browse_test.dart: custom editor Browse outbound empty remarks gets the outbound prefix
02:29 +438: C:/Users/Colby/Documents/Codex/2026-10-01/v2rayn-flclash-rust-v2rayn/apps/desktop/test/fix03b_custom_browse_test.dart: custom editor Browse outbound empty remarks gets the outbound prefix
02:29 +439: C:/Users/Colby/Documents/Codex/2026-10-01/v2rayn-flclash-rust-v2rayn/apps/desktop/test/fix03b_custom_browse_test.dart: custom editor Browse outbound empty remarks gets the outbound prefix
02:29 +440: C:/Users/Colby/Documents/Codex/2026-10-01/v2rayn-flclash-rust-v2rayn/apps/desktop/test/fix03b_custom_browse_test.dart: custom editor Browse outbound empty remarks gets the outbound prefix
02:29 +441: C:/Users/Colby/Documents/Codex/2026-10-01/v2rayn-flclash-rust-v2rayn/apps/desktop/test/fix03b_custom_browse_test.dart: custom editor Browse outbound empty remarks gets the outbound prefix
02:29 +442: C:/Users/Colby/Documents/Codex/2026-10-01/v2rayn-flclash-rust-v2rayn/apps/desktop/test/fix03b_custom_browse_test.dart: custom editor Browse outbound empty remarks gets the outbound prefix
02:29 +443: C:/Users/Colby/Documents/Codex/2026-10-01/v2rayn-flclash-rust-v2rayn/apps/desktop/test/fix03b_custom_browse_test.dart: custom editor Browse outbound empty remarks gets the outbound prefix
02:29 +444: C:/Users/Colby/Documents/Codex/2026-10-01/v2rayn-flclash-rust-v2rayn/apps/desktop/test/fix03b_custom_browse_test.dart: custom editor Browse outbound empty remarks gets the outbound prefix
02:29 +445: C:/Users/Colby/Documents/Codex/2026-10-01/v2rayn-flclash-rust-v2rayn/apps/desktop/test/fix03b_custom_browse_test.dart: custom editor Browse outbound empty remarks gets the outbound prefix
02:29 +446: C:/Users/Colby/Documents/Codex/2026-10-01/v2rayn-flclash-rust-v2rayn/apps/desktop/test/fix03b_custom_browse_test.dart: custom editor Browse outbound empty remarks gets the outbound prefix
02:29 +447: C:/Users/Colby/Documents/Codex/2026-10-01/v2rayn-flclash-rust-v2rayn/apps/desktop/test/fix03b_custom_browse_test.dart: custom editor Browse outbound empty remarks gets the outbound prefix
02:30 +447: C:/Users/Colby/Documents/Codex/2026-10-01/v2rayn-flclash-rust-v2rayn/apps/desktop/test/fix03b_custom_browse_test.dart: custom editor Browse outbound empty remarks gets the outbound prefix
02:31 +447: C:/Users/Colby/Documents/Codex/2026-10-01/v2rayn-flclash-rust-v2rayn/apps/desktop/test/fix03b_custom_browse_test.dart: custom editor Browse outbound empty remarks gets the outbound prefix
02:31 +448: C:/Users/Colby/Documents/Codex/2026-10-01/v2rayn-flclash-rust-v2rayn/apps/desktop/test/fix03b_custom_browse_test.dart: custom editor Browse outbound empty remarks gets the outbound prefix
02:32 +448: C:/Users/Colby/Documents/Codex/2026-10-01/v2rayn-flclash-rust-v2rayn/apps/desktop/test/fix03b_custom_browse_test.dart: custom editor Browse outbound empty remarks gets the outbound prefix
02:33 +448: C:/Users/Colby/Documents/Codex/2026-10-01/v2rayn-flclash-rust-v2rayn/apps/desktop/test/fix03b_custom_browse_test.dart: custom editor Browse outbound empty remarks gets the outbound prefix
02:33 +449: C:/Users/Colby/Documents/Codex/2026-10-01/v2rayn-flclash-rust-v2rayn/apps/desktop/test/fix03b_custom_browse_test.dart: custom editor Browse outbound empty remarks gets the outbound prefix
02:34 +449: C:/Users/Colby/Documents/Codex/2026-10-01/v2rayn-flclash-rust-v2rayn/apps/desktop/test/fix03b_custom_browse_test.dart: custom editor Browse outbound empty remarks gets the outbound prefix
02:35 +449: C:/Users/Colby/Documents/Codex/2026-10-01/v2rayn-flclash-rust-v2rayn/apps/desktop/test/fix03b_custom_browse_test.dart: custom editor Browse outbound empty remarks gets the outbound prefix
02:35 +450: C:/Users/Colby/Documents/Codex/2026-10-01/v2rayn-flclash-rust-v2rayn/apps/desktop/test/fix03b_custom_browse_test.dart: custom editor Browse outbound empty remarks gets the outbound prefix
02:36 +450: C:/Users/Colby/Documents/Codex/2026-10-01/v2rayn-flclash-rust-v2rayn/apps/desktop/test/fix03b_custom_browse_test.dart: custom editor Browse outbound empty remarks gets the outbound prefix
02:36 +451: C:/Users/Colby/Documents/Codex/2026-10-01/v2rayn-flclash-rust-v2rayn/apps/desktop/test/fix03b_custom_browse_test.dart: custom editor Browse outbound empty remarks gets the outbound prefix
02:37 +451: C:/Users/Colby/Documents/Codex/2026-10-01/v2rayn-flclash-rust-v2rayn/apps/desktop/test/fix03b_custom_browse_test.dart: custom editor Browse outbound empty remarks gets the outbound prefix
02:37 +452: C:/Users/Colby/Documents/Codex/2026-10-01/v2rayn-flclash-rust-v2rayn/apps/desktop/test/fix03b_custom_browse_test.dart: custom editor Browse outbound empty remarks gets the outbound prefix
02:38 +452: C:/Users/Colby/Documents/Codex/2026-10-01/v2rayn-flclash-rust-v2rayn/apps/desktop/test/fix03b_custom_browse_test.dart: custom editor Browse outbound empty remarks gets the outbound prefix
02:38 +453: C:/Users/Colby/Documents/Codex/2026-10-01/v2rayn-flclash-rust-v2rayn/apps/desktop/test/fix03b_custom_browse_test.dart: custom editor Browse outbound empty remarks gets the outbound prefix
02:39 +453: C:/Users/Colby/Documents/Codex/2026-10-01/v2rayn-flclash-rust-v2rayn/apps/desktop/test/fix03b_custom_browse_test.dart: custom editor Browse outbound empty remarks gets the outbound prefix
02:39 +454: C:/Users/Colby/Documents/Codex/2026-10-01/v2rayn-flclash-rust-v2rayn/apps/desktop/test/fix03b_custom_browse_test.dart: custom editor Browse outbound empty remarks gets the outbound prefix
02:40 +454: C:/Users/Colby/Documents/Codex/2026-10-01/v2rayn-flclash-rust-v2rayn/apps/desktop/test/fix03b_custom_browse_test.dart: custom editor Browse outbound empty remarks gets the outbound prefix
02:40 +455: C:/Users/Colby/Documents/Codex/2026-10-01/v2rayn-flclash-rust-v2rayn/apps/desktop/test/fix03b_custom_browse_test.dart: custom editor Browse outbound empty remarks gets the outbound prefix
02:41 +455: C:/Users/Colby/Documents/Codex/2026-10-01/v2rayn-flclash-rust-v2rayn/apps/desktop/test/fix03b_custom_browse_test.dart: custom editor Browse outbound empty remarks gets the outbound prefix
02:41 +456: C:/Users/Colby/Documents/Codex/2026-10-01/v2rayn-flclash-rust-v2rayn/apps/desktop/test/fix03b_custom_browse_test.dart: custom editor Browse outbound empty remarks gets the outbound prefix
02:42 +456: C:/Users/Colby/Documents/Codex/2026-10-01/v2rayn-flclash-rust-v2rayn/apps/desktop/test/fix03b_custom_browse_test.dart: custom editor Browse outbound empty remarks gets the outbound prefix
02:42 +457: C:/Users/Colby/Documents/Codex/2026-10-01/v2rayn-flclash-rust-v2rayn/apps/desktop/test/fix03b_custom_browse_test.dart: custom editor Browse outbound empty remarks gets the outbound prefix
02:43 +457: C:/Users/Colby/Documents/Codex/2026-10-01/v2rayn-flclash-rust-v2rayn/apps/desktop/test/fix03b_custom_browse_test.dart: custom editor Browse outbound empty remarks gets the outbound prefix
02:43 +458: C:/Users/Colby/Documents/Codex/2026-10-01/v2rayn-flclash-rust-v2rayn/apps/desktop/test/fix03b_custom_browse_test.dart: custom editor Browse outbound empty remarks gets the outbound prefix
02:43 +459: C:/Users/Colby/Documents/Codex/2026-10-01/v2rayn-flclash-rust-v2rayn/apps/desktop/test/fix03b_custom_browse_test.dart: custom editor Browse outbound empty remarks gets the outbound prefix
02:43 +460: C:/Users/Colby/Documents/Codex/2026-10-01/v2rayn-flclash-rust-v2rayn/apps/desktop/test/fix03b_custom_browse_test.dart: custom editor Browse outbound empty remarks gets the outbound prefix
02:43 +461: C:/Users/Colby/Documents/Codex/2026-10-01/v2rayn-flclash-rust-v2rayn/apps/desktop/test/fix03b_custom_browse_test.dart: custom editor Browse outbound empty remarks gets the outbound prefix
02:43 +462: C:/Users/Colby/Documents/Codex/2026-10-01/v2rayn-flclash-rust-v2rayn/apps/desktop/test/fix03b_custom_browse_test.dart: custom editor Browse outbound empty remarks gets the outbound prefix
02:44 +462: C:/Users/Colby/Documents/Codex/2026-10-01/v2rayn-flclash-rust-v2rayn/apps/desktop/test/fix03b_custom_browse_test.dart: custom editor Browse outbound empty remarks gets the outbound prefix
02:44 +463: C:/Users/Colby/Documents/Codex/2026-10-01/v2rayn-flclash-rust-v2rayn/apps/desktop/test/fix03b_custom_browse_test.dart: custom editor Browse outbound empty remarks gets the outbound prefix
02:44 +464: C:/Users/Colby/Documents/Codex/2026-10-01/v2rayn-flclash-rust-v2rayn/apps/desktop/test/fix03b_custom_browse_test.dart: custom editor Browse outbound empty remarks gets the outbound prefix
02:44 +465: C:/Users/Colby/Documents/Codex/2026-10-01/v2rayn-flclash-rust-v2rayn/apps/desktop/test/fix03b_custom_browse_test.dart: custom editor Browse outbound empty remarks gets the outbound prefix
02:44 +466: C:/Users/Colby/Documents/Codex/2026-10-01/v2rayn-flclash-rust-v2rayn/apps/desktop/test/fix03b_custom_browse_test.dart: custom editor Browse outbound empty remarks gets the outbound prefix
02:45 +466: C:/Users/Colby/Documents/Codex/2026-10-01/v2rayn-flclash-rust-v2rayn/apps/desktop/test/fix03b_custom_browse_test.dart: custom editor Browse outbound empty remarks gets the outbound prefix
02:45 +467: C:/Users/Colby/Documents/Codex/2026-10-01/v2rayn-flclash-rust-v2rayn/apps/desktop/test/fix03b_custom_browse_test.dart: custom editor Browse outbound empty remarks gets the outbound prefix
02:45 +468: C:/Users/Colby/Documents/Codex/2026-10-01/v2rayn-flclash-rust-v2rayn/apps/desktop/test/fix03b_custom_browse_test.dart: custom editor Browse outbound empty remarks gets the outbound prefix
02:45 +469: C:/Users/Colby/Documents/Codex/2026-10-01/v2rayn-flclash-rust-v2rayn/apps/desktop/test/fix03b_custom_browse_test.dart: custom editor Browse outbound empty remarks gets the outbound prefix
02:45 +470: C:/Users/Colby/Documents/Codex/2026-10-01/v2rayn-flclash-rust-v2rayn/apps/desktop/test/fix03b_custom_browse_test.dart: custom editor Browse outbound empty remarks gets the outbound prefix
02:45 +471: C:/Users/Colby/Documents/Codex/2026-10-01/v2rayn-flclash-rust-v2rayn/apps/desktop/test/fix03b_custom_browse_test.dart: custom editor Browse outbound empty remarks gets the outbound prefix
02:45 +472: C:/Users/Colby/Documents/Codex/2026-10-01/v2rayn-flclash-rust-v2rayn/apps/desktop/test/fix03b_custom_browse_test.dart: custom editor Browse outbound empty remarks gets the outbound prefix
02:45 +473: C:/Users/Colby/Documents/Codex/2026-10-01/v2rayn-flclash-rust-v2rayn/apps/desktop/test/fix03b_custom_browse_test.dart: custom editor Browse outbound empty remarks gets the outbound prefix
02:45 +474: C:/Users/Colby/Documents/Codex/2026-10-01/v2rayn-flclash-rust-v2rayn/apps/desktop/test/fix03b_custom_browse_test.dart: custom editor Browse outbound empty remarks gets the outbound prefix
02:45 +475: C:/Users/Colby/Documents/Codex/2026-10-01/v2rayn-flclash-rust-v2rayn/apps/desktop/test/fix03b_custom_browse_test.dart: custom editor Browse outbound empty remarks gets the outbound prefix
02:45 +476: C:/Users/Colby/Documents/Codex/2026-10-01/v2rayn-flclash-rust-v2rayn/apps/desktop/test/fix03b_custom_browse_test.dart: custom editor Browse outbound empty remarks gets the outbound prefix
02:46 +476: C:/Users/Colby/Documents/Codex/2026-10-01/v2rayn-flclash-rust-v2rayn/apps/desktop/test/fix03b_custom_browse_test.dart: custom editor Browse outbound empty remarks gets the outbound prefix
02:47 +476: C:/Users/Colby/Documents/Codex/2026-10-01/v2rayn-flclash-rust-v2rayn/apps/desktop/test/fix03b_custom_browse_test.dart: custom editor Browse outbound empty remarks gets the outbound prefix
02:47 +476: C:/Users/Colby/Documents/Codex/2026-10-01/v2rayn-flclash-rust-v2rayn/apps/desktop/test/repair/r4_08_repro_test.dart: UF13 immediate selection and keyboard target                          
UF13 ctrl +50ms selected={syn-000000, syn-000001} primary=syn-000001
UF13 ctrl +400ms selected={syn-000000, syn-000001} primary=syn-000001
UF13 enter +50ms selected={syn-000001} primary=syn-000001 active=syn-000000
UF13 Enter accepted active=syn-000001 primary=syn-000001

02:47 +477: C:/Users/Colby/Documents/Codex/2026-10-01/v2rayn-flclash-rust-v2rayn/apps/desktop/test/fix03b_custom_browse_test.dart: custom editor Browse outbound empty remarks gets the outbound prefix
02:48 +477: C:/Users/Colby/Documents/Codex/2026-10-01/v2rayn-flclash-rust-v2rayn/apps/desktop/test/fix03b_custom_browse_test.dart: custom editor Browse outbound empty remarks gets the outbound prefix
02:48 +478: C:/Users/Colby/Documents/Codex/2026-10-01/v2rayn-flclash-rust-v2rayn/apps/desktop/test/fix03b_custom_browse_test.dart: custom editor Browse outbound empty remarks gets the outbound prefix
02:49 +478: C:/Users/Colby/Documents/Codex/2026-10-01/v2rayn-flclash-rust-v2rayn/apps/desktop/test/fix03b_custom_browse_test.dart: custom editor Browse outbound empty remarks gets the outbound prefix
02:49 +479: C:/Users/Colby/Documents/Codex/2026-10-01/v2rayn-flclash-rust-v2rayn/apps/desktop/test/fix03b_custom_browse_test.dart: custom editor Browse outbound empty remarks gets the outbound prefix
02:49 +480: C:/Users/Colby/Documents/Codex/2026-10-01/v2rayn-flclash-rust-v2rayn/apps/desktop/test/fix03b_custom_browse_test.dart: custom editor Browse outbound empty remarks gets the outbound prefix
02:49 +481: C:/Users/Colby/Documents/Codex/2026-10-01/v2rayn-flclash-rust-v2rayn/apps/desktop/test/fix03b_custom_browse_test.dart: custom editor Browse outbound empty remarks gets the outbound prefix
02:50 +481: C:/Users/Colby/Documents/Codex/2026-10-01/v2rayn-flclash-rust-v2rayn/apps/desktop/test/fix03b_custom_browse_test.dart: custom editor Browse outbound empty remarks gets the outbound prefix
02:50 +482: C:/Users/Colby/Documents/Codex/2026-10-01/v2rayn-flclash-rust-v2rayn/apps/desktop/test/fix03b_custom_browse_test.dart: custom editor Browse outbound empty remarks gets the outbound prefix
02:51 +482: C:/Users/Colby/Documents/Codex/2026-10-01/v2rayn-flclash-rust-v2rayn/apps/desktop/test/fix03b_custom_browse_test.dart: custom editor Browse outbound empty remarks gets the outbound prefix
02:51 +483: C:/Users/Colby/Documents/Codex/2026-10-01/v2rayn-flclash-rust-v2rayn/apps/desktop/test/fix03b_custom_browse_test.dart: custom editor Browse outbound empty remarks gets the outbound prefix
02:52 +483: C:/Users/Colby/Documents/Codex/2026-10-01/v2rayn-flclash-rust-v2rayn/apps/desktop/test/fix03b_custom_browse_test.dart: custom editor Browse outbound empty remarks gets the outbound prefix
02:52 +484: C:/Users/Colby/Documents/Codex/2026-10-01/v2rayn-flclash-rust-v2rayn/apps/desktop/test/fix03b_custom_browse_test.dart: custom editor Browse outbound empty remarks gets the outbound prefix
02:52 +485: C:/Users/Colby/Documents/Codex/2026-10-01/v2rayn-flclash-rust-v2rayn/apps/desktop/test/fix03b_custom_browse_test.dart: custom editor Browse outbound empty remarks gets the outbound prefix
02:53 +485: C:/Users/Colby/Documents/Codex/2026-10-01/v2rayn-flclash-rust-v2rayn/apps/desktop/test/fix03b_custom_browse_test.dart: custom editor Browse outbound empty remarks gets the outbound prefix
02:53 +486: C:/Users/Colby/Documents/Codex/2026-10-01/v2rayn-flclash-rust-v2rayn/apps/desktop/test/fix03b_custom_browse_test.dart: custom editor Browse outbound empty remarks gets the outbound prefix
02:53 +487: C:/Users/Colby/Documents/Codex/2026-10-01/v2rayn-flclash-rust-v2rayn/apps/desktop/test/fix03b_custom_browse_test.dart: custom editor Browse outbound empty remarks gets the outbound prefix
02:53 +488: C:/Users/Colby/Documents/Codex/2026-10-01/v2rayn-flclash-rust-v2rayn/apps/desktop/test/fix03b_custom_browse_test.dart: custom editor Browse outbound empty remarks gets the outbound prefix
02:54 +488: C:/Users/Colby/Documents/Codex/2026-10-01/v2rayn-flclash-rust-v2rayn/apps/desktop/test/fix03b_custom_browse_test.dart: custom editor Browse outbound empty remarks gets the outbound prefix
02:54 +489: C:/Users/Colby/Documents/Codex/2026-10-01/v2rayn-flclash-rust-v2rayn/apps/desktop/test/fix03b_custom_browse_test.dart: custom editor Browse outbound empty remarks gets the outbound prefix
02:55 +489: C:/Users/Colby/Documents/Codex/2026-10-01/v2rayn-flclash-rust-v2rayn/apps/desktop/test/fix03b_custom_browse_test.dart: custom editor Browse outbound empty remarks gets the outbound prefix
02:56 +489: C:/Users/Colby/Documents/Codex/2026-10-01/v2rayn-flclash-rust-v2rayn/apps/desktop/test/fix03b_custom_browse_test.dart: custom editor Browse outbound empty remarks gets the outbound prefix
02:56 +490: C:/Users/Colby/Documents/Codex/2026-10-01/v2rayn-flclash-rust-v2rayn/apps/desktop/test/fix03b_custom_browse_test.dart: custom editor Browse outbound empty remarks gets the outbound prefix
02:56 +491: C:/Users/Colby/Documents/Codex/2026-10-01/v2rayn-flclash-rust-v2rayn/apps/desktop/test/fix03b_custom_browse_test.dart: custom editor Browse outbound empty remarks gets the outbound prefix
02:56 +492: C:/Users/Colby/Documents/Codex/2026-10-01/v2rayn-flclash-rust-v2rayn/apps/desktop/test/fix03b_custom_browse_test.dart: custom editor Browse outbound empty remarks gets the outbound prefix
02:57 +492: C:/Users/Colby/Documents/Codex/2026-10-01/v2rayn-flclash-rust-v2rayn/apps/desktop/test/fix03b_custom_browse_test.dart: custom editor Browse outbound empty remarks gets the outbound prefix
02:57 +493: C:/Users/Colby/Documents/Codex/2026-10-01/v2rayn-flclash-rust-v2rayn/apps/desktop/test/fix03b_custom_browse_test.dart: custom editor Browse outbound empty remarks gets the outbound prefix
02:58 +493: C:/Users/Colby/Documents/Codex/2026-10-01/v2rayn-flclash-rust-v2rayn/apps/desktop/test/fix03b_custom_browse_test.dart: custom editor Browse outbound empty remarks gets the outbound prefix
02:59 +493: C:/Users/Colby/Documents/Codex/2026-10-01/v2rayn-flclash-rust-v2rayn/apps/desktop/test/fix03b_custom_browse_test.dart: custom editor Browse outbound empty remarks gets the outbound prefix
02:59 +494: C:/Users/Colby/Documents/Codex/2026-10-01/v2rayn-flclash-rust-v2rayn/apps/desktop/test/fix03b_custom_browse_test.dart: custom editor Browse outbound empty remarks gets the outbound prefix
02:59 +495: C:/Users/Colby/Documents/Codex/2026-10-01/v2rayn-flclash-rust-v2rayn/apps/desktop/test/fix03b_custom_browse_test.dart: custom editor Browse outbound empty remarks gets the outbound prefix
03:00 +495: C:/Users/Colby/Documents/Codex/2026-10-01/v2rayn-flclash-rust-v2rayn/apps/desktop/test/fix03b_custom_browse_test.dart: custom editor Browse outbound empty remarks gets the outbound prefix
03:01 +495: C:/Users/Colby/Documents/Codex/2026-10-01/v2rayn-flclash-rust-v2rayn/apps/desktop/test/fix03b_custom_browse_test.dart: custom editor Browse outbound empty remarks gets the outbound prefix
03:01 +496: C:/Users/Colby/Documents/Codex/2026-10-01/v2rayn-flclash-rust-v2rayn/apps/desktop/test/fix03b_custom_browse_test.dart: custom editor Browse outbound empty remarks gets the outbound prefix
03:02 +496: C:/Users/Colby/Documents/Codex/2026-10-01/v2rayn-flclash-rust-v2rayn/apps/desktop/test/fix03b_custom_browse_test.dart: custom editor Browse outbound empty remarks gets the outbound prefix
03:02 +497: C:/Users/Colby/Documents/Codex/2026-10-01/v2rayn-flclash-rust-v2rayn/apps/desktop/test/fix03b_custom_browse_test.dart: custom editor Browse outbound empty remarks gets the outbound prefix
03:03 +497: C:/Users/Colby/Documents/Codex/2026-10-01/v2rayn-flclash-rust-v2rayn/apps/desktop/test/fix03b_custom_browse_test.dart: custom editor Browse outbound empty remarks gets the outbound prefix
03:03 +498: C:/Users/Colby/Documents/Codex/2026-10-01/v2rayn-flclash-rust-v2rayn/apps/desktop/test/fix03b_custom_browse_test.dart: custom editor Browse outbound empty remarks gets the outbound prefix
03:04 +498: C:/Users/Colby/Documents/Codex/2026-10-01/v2rayn-flclash-rust-v2rayn/apps/desktop/test/fix03b_custom_browse_test.dart: custom editor Browse outbound empty remarks gets the outbound prefix
03:04 +499: C:/Users/Colby/Documents/Codex/2026-10-01/v2rayn-flclash-rust-v2rayn/apps/desktop/test/fix03b_custom_browse_test.dart: custom editor Browse outbound empty remarks gets the outbound prefix
03:05 +499: C:/Users/Colby/Documents/Codex/2026-10-01/v2rayn-flclash-rust-v2rayn/apps/desktop/test/fix03b_custom_browse_test.dart: custom editor Browse outbound empty remarks gets the outbound prefix
03:05 +500: C:/Users/Colby/Documents/Codex/2026-10-01/v2rayn-flclash-rust-v2rayn/apps/desktop/test/fix03b_custom_browse_test.dart: custom editor Browse outbound empty remarks gets the outbound prefix
03:05 +501: C:/Users/Colby/Documents/Codex/2026-10-01/v2rayn-flclash-rust-v2rayn/apps/desktop/test/fix03b_custom_browse_test.dart: custom editor Browse outbound empty remarks gets the outbound prefix
03:06 +501: C:/Users/Colby/Documents/Codex/2026-10-01/v2rayn-flclash-rust-v2rayn/apps/desktop/test/fix03b_custom_browse_test.dart: custom editor Browse outbound empty remarks gets the outbound prefix
03:06 +502: C:/Users/Colby/Documents/Codex/2026-10-01/v2rayn-flclash-rust-v2rayn/apps/desktop/test/fix03b_custom_browse_test.dart: custom editor Browse outbound empty remarks gets the outbound prefix
03:06 +503: C:/Users/Colby/Documents/Codex/2026-10-01/v2rayn-flclash-rust-v2rayn/apps/desktop/test/fix03b_custom_browse_test.dart: custom editor Browse outbound empty remarks gets the outbound prefix
03:07 +503: C:/Users/Colby/Documents/Codex/2026-10-01/v2rayn-flclash-rust-v2rayn/apps/desktop/test/fix03b_custom_browse_test.dart: custom editor Browse outbound empty remarks gets the outbound prefix
03:07 +504: C:/Users/Colby/Documents/Codex/2026-10-01/v2rayn-flclash-rust-v2rayn/apps/desktop/test/fix03b_custom_browse_test.dart: custom editor Browse outbound empty remarks gets the outbound prefix
03:07 +505: C:/Users/Colby/Documents/Codex/2026-10-01/v2rayn-flclash-rust-v2rayn/apps/desktop/test/fix03b_custom_browse_test.dart: custom editor Browse outbound empty remarks gets the outbound prefix
03:08 +505: C:/Users/Colby/Documents/Codex/2026-10-01/v2rayn-flclash-rust-v2rayn/apps/desktop/test/fix03b_custom_browse_test.dart: custom editor Browse outbound empty remarks gets the outbound prefix
03:08 +506: C:/Users/Colby/Documents/Codex/2026-10-01/v2rayn-flclash-rust-v2rayn/apps/desktop/test/fix03b_custom_browse_test.dart: custom editor Browse outbound empty remarks gets the outbound prefix
03:09 +506: C:/Users/Colby/Documents/Codex/2026-10-01/v2rayn-flclash-rust-v2rayn/apps/desktop/test/fix03b_custom_browse_test.dart: custom editor Browse outbound empty remarks gets the outbound prefix
03:09 +507: C:/Users/Colby/Documents/Codex/2026-10-01/v2rayn-flclash-rust-v2rayn/apps/desktop/test/fix03b_custom_browse_test.dart: custom editor Browse outbound empty remarks gets the outbound prefix
03:10 +507: C:/Users/Colby/Documents/Codex/2026-10-01/v2rayn-flclash-rust-v2rayn/apps/desktop/test/fix03b_custom_browse_test.dart: custom editor Browse outbound empty remarks gets the outbound prefix
03:10 +508: C:/Users/Colby/Documents/Codex/2026-10-01/v2rayn-flclash-rust-v2rayn/apps/desktop/test/fix03b_custom_browse_test.dart: custom editor Browse outbound empty remarks gets the outbound prefix
03:10 +509: C:/Users/Colby/Documents/Codex/2026-10-01/v2rayn-flclash-rust-v2rayn/apps/desktop/test/fix03b_custom_browse_test.dart: custom editor Browse outbound empty remarks gets the outbound prefix
03:11 +509: C:/Users/Colby/Documents/Codex/2026-10-01/v2rayn-flclash-rust-v2rayn/apps/desktop/test/fix03b_custom_browse_test.dart: custom editor Browse outbound empty remarks gets the outbound prefix
03:11 +510: C:/Users/Colby/Documents/Codex/2026-10-01/v2rayn-flclash-rust-v2rayn/apps/desktop/test/fix03b_custom_browse_test.dart: custom editor Browse outbound empty remarks gets the outbound prefix
03:11 +511: C:/Users/Colby/Documents/Codex/2026-10-01/v2rayn-flclash-rust-v2rayn/apps/desktop/test/fix03b_custom_browse_test.dart: custom editor Browse outbound empty remarks gets the outbound prefix
03:12 +511: C:/Users/Colby/Documents/Codex/2026-10-01/v2rayn-flclash-rust-v2rayn/apps/desktop/test/fix03b_custom_browse_test.dart: custom editor Browse outbound empty remarks gets the outbound prefix
03:12 +512: C:/Users/Colby/Documents/Codex/2026-10-01/v2rayn-flclash-rust-v2rayn/apps/desktop/test/fix03b_custom_browse_test.dart: custom editor Browse outbound empty remarks gets the outbound prefix
03:13 +512: C:/Users/Colby/Documents/Codex/2026-10-01/v2rayn-flclash-rust-v2rayn/apps/desktop/test/fix03b_custom_browse_test.dart: custom editor Browse outbound empty remarks gets the outbound prefix
03:13 +513: C:/Users/Colby/Documents/Codex/2026-10-01/v2rayn-flclash-rust-v2rayn/apps/desktop/test/fix03b_custom_browse_test.dart: custom editor Browse outbound empty remarks gets the outbound prefix
03:13 +514: C:/Users/Colby/Documents/Codex/2026-10-01/v2rayn-flclash-rust-v2rayn/apps/desktop/test/fix03b_custom_browse_test.dart: custom editor Browse outbound empty remarks gets the outbound prefix
03:13 +515: C:/Users/Colby/Documents/Codex/2026-10-01/v2rayn-flclash-rust-v2rayn/apps/desktop/test/fix03b_custom_browse_test.dart: custom editor Browse outbound empty remarks gets the outbound prefix
03:13 +516: C:/Users/Colby/Documents/Codex/2026-10-01/v2rayn-flclash-rust-v2rayn/apps/desktop/test/fix03b_custom_browse_test.dart: custom editor Browse outbound empty remarks gets the outbound prefix
03:13 +517: C:/Users/Colby/Documents/Codex/2026-10-01/v2rayn-flclash-rust-v2rayn/apps/desktop/test/fix03b_custom_browse_test.dart: custom editor Browse outbound empty remarks gets the outbound prefix
03:13 +518: C:/Users/Colby/Documents/Codex/2026-10-01/v2rayn-flclash-rust-v2rayn/apps/desktop/test/fix03b_custom_browse_test.dart: custom editor Browse outbound empty remarks gets the outbound prefix
03:13 +519: C:/Users/Colby/Documents/Codex/2026-10-01/v2rayn-flclash-rust-v2rayn/apps/desktop/test/fix03b_custom_browse_test.dart: custom editor Browse outbound empty remarks gets the outbound prefix
03:13 +520: C:/Users/Colby/Documents/Codex/2026-10-01/v2rayn-flclash-rust-v2rayn/apps/desktop/test/fix03b_custom_browse_test.dart: custom editor Browse outbound empty remarks gets the outbound prefix
03:14 +520: C:/Users/Colby/Documents/Codex/2026-10-01/v2rayn-flclash-rust-v2rayn/apps/desktop/test/fix03b_custom_browse_test.dart: custom editor Browse outbound empty remarks gets the outbound prefix
03:14 +521: C:/Users/Colby/Documents/Codex/2026-10-01/v2rayn-flclash-rust-v2rayn/apps/desktop/test/fix03b_custom_browse_test.dart: custom editor Browse outbound empty remarks gets the outbound prefix
03:14 +522: C:/Users/Colby/Documents/Codex/2026-10-01/v2rayn-flclash-rust-v2rayn/apps/desktop/test/fix03b_custom_browse_test.dart: custom editor Browse outbound empty remarks gets the outbound prefix
03:14 +523: C:/Users/Colby/Documents/Codex/2026-10-01/v2rayn-flclash-rust-v2rayn/apps/desktop/test/fix03b_custom_browse_test.dart: custom editor Browse outbound empty remarks gets the outbound prefix
03:14 +524: C:/Users/Colby/Documents/Codex/2026-10-01/v2rayn-flclash-rust-v2rayn/apps/desktop/test/fix03b_custom_browse_test.dart: custom editor Browse outbound empty remarks gets the outbound prefix
03:14 +525: C:/Users/Colby/Documents/Codex/2026-10-01/v2rayn-flclash-rust-v2rayn/apps/desktop/test/fix03b_custom_browse_test.dart: custom editor Browse outbound empty remarks gets the outbound prefix
03:14 +526: C:/Users/Colby/Documents/Codex/2026-10-01/v2rayn-flclash-rust-v2rayn/apps/desktop/test/fix03b_custom_browse_test.dart: custom editor Browse outbound empty remarks gets the outbound prefix
03:14 +527: C:/Users/Colby/Documents/Codex/2026-10-01/v2rayn-flclash-rust-v2rayn/apps/desktop/test/fix03b_custom_browse_test.dart: custom editor Browse outbound empty remarks gets the outbound prefix
03:14 +528: C:/Users/Colby/Documents/Codex/2026-10-01/v2rayn-flclash-rust-v2rayn/apps/desktop/test/fix03b_custom_browse_test.dart: custom editor Browse outbound empty remarks gets the outbound prefix
03:14 +529: C:/Users/Colby/Documents/Codex/2026-10-01/v2rayn-flclash-rust-v2rayn/apps/desktop/test/fix03b_custom_browse_test.dart: custom editor Browse outbound empty remarks gets the outbound prefix
03:14 +530: C:/Users/Colby/Documents/Codex/2026-10-01/v2rayn-flclash-rust-v2rayn/apps/desktop/test/fix03b_custom_browse_test.dart: custom editor Browse outbound empty remarks gets the outbound prefix
03:14 +531: C:/Users/Colby/Documents/Codex/2026-10-01/v2rayn-flclash-rust-v2rayn/apps/desktop/test/fix03b_custom_browse_test.dart: custom editor Browse outbound empty remarks gets the outbound prefix
03:14 +532: C:/Users/Colby/Documents/Codex/2026-10-01/v2rayn-flclash-rust-v2rayn/apps/desktop/test/fix03b_custom_browse_test.dart: custom editor Browse outbound empty remarks gets the outbound prefix
03:15 +532: C:/Users/Colby/Documents/Codex/2026-10-01/v2rayn-flclash-rust-v2rayn/apps/desktop/test/fix03b_custom_browse_test.dart: custom editor Browse outbound empty remarks gets the outbound prefix
03:15 +533: C:/Users/Colby/Documents/Codex/2026-10-01/v2rayn-flclash-rust-v2rayn/apps/desktop/test/fix03b_custom_browse_test.dart: custom editor Browse outbound empty remarks gets the outbound prefix
03:15 +534: C:/Users/Colby/Documents/Codex/2026-10-01/v2rayn-flclash-rust-v2rayn/apps/desktop/test/fix03b_custom_browse_test.dart: custom editor Browse outbound empty remarks gets the outbound prefix
03:15 +535: C:/Users/Colby/Documents/Codex/2026-10-01/v2rayn-flclash-rust-v2rayn/apps/desktop/test/fix03b_custom_browse_test.dart: custom editor Browse outbound empty remarks gets the outbound prefix
03:15 +536: C:/Users/Colby/Documents/Codex/2026-10-01/v2rayn-flclash-rust-v2rayn/apps/desktop/test/fix03b_custom_browse_test.dart: custom editor Browse outbound empty remarks gets the outbound prefix
03:16 +536: C:/Users/Colby/Documents/Codex/2026-10-01/v2rayn-flclash-rust-v2rayn/apps/desktop/test/fix03b_custom_browse_test.dart: custom editor Browse outbound empty remarks gets the outbound prefix
03:16 +537: C:/Users/Colby/Documents/Codex/2026-10-01/v2rayn-flclash-rust-v2rayn/apps/desktop/test/fix03b_custom_browse_test.dart: custom editor Browse outbound empty remarks gets the outbound prefix
03:16 +538: C:/Users/Colby/Documents/Codex/2026-10-01/v2rayn-flclash-rust-v2rayn/apps/desktop/test/fix03b_custom_browse_test.dart: custom editor Browse outbound empty remarks gets the outbound prefix
03:16 +539: C:/Users/Colby/Documents/Codex/2026-10-01/v2rayn-flclash-rust-v2rayn/apps/desktop/test/fix03b_custom_browse_test.dart: custom editor Browse outbound empty remarks gets the outbound prefix
03:16 +540: C:/Users/Colby/Documents/Codex/2026-10-01/v2rayn-flclash-rust-v2rayn/apps/desktop/test/fix03b_custom_browse_test.dart: custom editor Browse outbound empty remarks gets the outbound prefix
03:16 +541: C:/Users/Colby/Documents/Codex/2026-10-01/v2rayn-flclash-rust-v2rayn/apps/desktop/test/fix03b_custom_browse_test.dart: custom editor Browse outbound empty remarks gets the outbound prefix
03:16 +542: C:/Users/Colby/Documents/Codex/2026-10-01/v2rayn-flclash-rust-v2rayn/apps/desktop/test/fix03b_custom_browse_test.dart: custom editor Browse outbound empty remarks gets the outbound prefix
03:16 +543: C:/Users/Colby/Documents/Codex/2026-10-01/v2rayn-flclash-rust-v2rayn/apps/desktop/test/fix03b_custom_browse_test.dart: custom editor Browse outbound empty remarks gets the outbound prefix
03:17 +543: C:/Users/Colby/Documents/Codex/2026-10-01/v2rayn-flclash-rust-v2rayn/apps/desktop/test/fix03b_custom_browse_test.dart: custom editor Browse outbound empty remarks gets the outbound prefix
03:17 +544: C:/Users/Colby/Documents/Codex/2026-10-01/v2rayn-flclash-rust-v2rayn/apps/desktop/test/fix03b_custom_browse_test.dart: custom editor Browse outbound empty remarks gets the outbound prefix
03:17 +545: C:/Users/Colby/Documents/Codex/2026-10-01/v2rayn-flclash-rust-v2rayn/apps/desktop/test/fix03b_custom_browse_test.dart: custom editor Browse outbound empty remarks gets the outbound prefix
03:18 +545: C:/Users/Colby/Documents/Codex/2026-10-01/v2rayn-flclash-rust-v2rayn/apps/desktop/test/fix03b_custom_browse_test.dart: custom editor Browse outbound empty remarks gets the outbound prefix
03:18 +546: C:/Users/Colby/Documents/Codex/2026-10-01/v2rayn-flclash-rust-v2rayn/apps/desktop/test/fix03b_custom_browse_test.dart: custom editor Browse outbound empty remarks gets the outbound prefix
03:18 +547: C:/Users/Colby/Documents/Codex/2026-10-01/v2rayn-flclash-rust-v2rayn/apps/desktop/test/fix03b_custom_browse_test.dart: custom editor Browse outbound empty remarks gets the outbound prefix
03:18 +548: C:/Users/Colby/Documents/Codex/2026-10-01/v2rayn-flclash-rust-v2rayn/apps/desktop/test/fix03b_custom_browse_test.dart: custom editor Browse outbound empty remarks gets the outbound prefix
03:18 +549: C:/Users/Colby/Documents/Codex/2026-10-01/v2rayn-flclash-rust-v2rayn/apps/desktop/test/fix03b_custom_browse_test.dart: custom editor Browse outbound empty remarks gets the outbound prefix
03:18 +550: C:/Users/Colby/Documents/Codex/2026-10-01/v2rayn-flclash-rust-v2rayn/apps/desktop/test/fix03b_custom_browse_test.dart: custom editor Browse outbound empty remarks gets the outbound prefix
03:18 +551: C:/Users/Colby/Documents/Codex/2026-10-01/v2rayn-flclash-rust-v2rayn/apps/desktop/test/fix03b_custom_browse_test.dart: custom editor Browse outbound empty remarks gets the outbound prefix
03:18 +552: C:/Users/Colby/Documents/Codex/2026-10-01/v2rayn-flclash-rust-v2rayn/apps/desktop/test/fix03b_custom_browse_test.dart: custom editor Browse outbound empty remarks gets the outbound prefix
03:19 +552: C:/Users/Colby/Documents/Codex/2026-10-01/v2rayn-flclash-rust-v2rayn/apps/desktop/test/fix03b_custom_browse_test.dart: custom editor Browse outbound empty remarks gets the outbound prefix
03:20 +552: C:/Users/Colby/Documents/Codex/2026-10-01/v2rayn-flclash-rust-v2rayn/apps/desktop/test/fix03b_custom_browse_test.dart: custom editor Browse outbound empty remarks gets the outbound prefix
03:20 +553: C:/Users/Colby/Documents/Codex/2026-10-01/v2rayn-flclash-rust-v2rayn/apps/desktop/test/fix03b_custom_browse_test.dart: custom editor Browse outbound empty remarks gets the outbound prefix
03:21 +553: C:/Users/Colby/Documents/Codex/2026-10-01/v2rayn-flclash-rust-v2rayn/apps/desktop/test/fix03b_custom_browse_test.dart: custom editor Browse outbound empty remarks gets the outbound prefix
03:21 +554: C:/Users/Colby/Documents/Codex/2026-10-01/v2rayn-flclash-rust-v2rayn/apps/desktop/test/fix03b_custom_browse_test.dart: custom editor Browse outbound empty remarks gets the outbound prefix
03:22 +554: C:/Users/Colby/Documents/Codex/2026-10-01/v2rayn-flclash-rust-v2rayn/apps/desktop/test/fix03b_custom_browse_test.dart: custom editor Browse outbound empty remarks gets the outbound prefix
03:23 +554: C:/Users/Colby/Documents/Codex/2026-10-01/v2rayn-flclash-rust-v2rayn/apps/desktop/test/fix03b_custom_browse_test.dart: custom editor Browse outbound empty remarks gets the outbound prefix
03:24 +554: C:/Users/Colby/Documents/Codex/2026-10-01/v2rayn-flclash-rust-v2rayn/apps/desktop/test/fix03b_custom_browse_test.dart: custom editor Browse outbound empty remarks gets the outbound prefix
03:24 +555: C:/Users/Colby/Documents/Codex/2026-10-01/v2rayn-flclash-rust-v2rayn/apps/desktop/test/fix03b_custom_browse_test.dart: custom editor Browse outbound empty remarks gets the outbound prefix
03:25 +555: C:/Users/Colby/Documents/Codex/2026-10-01/v2rayn-flclash-rust-v2rayn/apps/desktop/test/fix03b_custom_browse_test.dart: custom editor Browse outbound empty remarks gets the outbound prefix
03:25 +556: C:/Users/Colby/Documents/Codex/2026-10-01/v2rayn-flclash-rust-v2rayn/apps/desktop/test/fix03b_custom_browse_test.dart: custom editor Browse outbound empty remarks gets the outbound prefix
03:25 +557: C:/Users/Colby/Documents/Codex/2026-10-01/v2rayn-flclash-rust-v2rayn/apps/desktop/test/fix03b_custom_browse_test.dart: custom editor Browse outbound empty remarks gets the outbound prefix
03:25 +558: C:/Users/Colby/Documents/Codex/2026-10-01/v2rayn-flclash-rust-v2rayn/apps/desktop/test/fix03b_custom_browse_test.dart: custom editor Browse outbound empty remarks gets the outbound prefix
03:26 +558: C:/Users/Colby/Documents/Codex/2026-10-01/v2rayn-flclash-rust-v2rayn/apps/desktop/test/fix03b_custom_browse_test.dart: custom editor Browse outbound empty remarks gets the outbound prefix
03:26 +559: C:/Users/Colby/Documents/Codex/2026-10-01/v2rayn-flclash-rust-v2rayn/apps/desktop/test/fix03b_custom_browse_test.dart: custom editor Browse outbound empty remarks gets the outbound prefix
03:26 +560: C:/Users/Colby/Documents/Codex/2026-10-01/v2rayn-flclash-rust-v2rayn/apps/desktop/test/fix03b_custom_browse_test.dart: custom editor Browse outbound empty remarks gets the outbound prefix
03:26 +560: C:/Users/Colby/Documents/Codex/2026-10-01/v2rayn-flclash-rust-v2rayn/apps/desktop/test/runtime_controller_test.dart: controller records epoch/seq and flags out-of-order events            
[runtime] runtime event out of order: seq=4 <= last=5

03:26 +561: C:/Users/Colby/Documents/Codex/2026-10-01/v2rayn-flclash-rust-v2rayn/apps/desktop/test/fix03b_custom_browse_test.dart: custom editor Browse outbound empty remarks gets the outbound prefix
03:26 +562: C:/Users/Colby/Documents/Codex/2026-10-01/v2rayn-flclash-rust-v2rayn/apps/desktop/test/fix03b_custom_browse_test.dart: custom editor Browse outbound empty remarks gets the outbound prefix
03:26 +563: C:/Users/Colby/Documents/Codex/2026-10-01/v2rayn-flclash-rust-v2rayn/apps/desktop/test/fix03b_custom_browse_test.dart: custom editor Browse outbound empty remarks gets the outbound prefix
03:26 +564: C:/Users/Colby/Documents/Codex/2026-10-01/v2rayn-flclash-rust-v2rayn/apps/desktop/test/fix03b_custom_browse_test.dart: custom editor Browse outbound empty remarks gets the outbound prefix
03:26 +565: C:/Users/Colby/Documents/Codex/2026-10-01/v2rayn-flclash-rust-v2rayn/apps/desktop/test/fix03b_custom_browse_test.dart: custom editor Browse outbound empty remarks gets the outbound prefix
03:26 +566: C:/Users/Colby/Documents/Codex/2026-10-01/v2rayn-flclash-rust-v2rayn/apps/desktop/test/fix03b_custom_browse_test.dart: custom editor Browse outbound empty remarks gets the outbound prefix
03:26 +567: C:/Users/Colby/Documents/Codex/2026-10-01/v2rayn-flclash-rust-v2rayn/apps/desktop/test/fix03b_custom_browse_test.dart: custom editor Browse outbound empty remarks gets the outbound prefix
03:26 +568: C:/Users/Colby/Documents/Codex/2026-10-01/v2rayn-flclash-rust-v2rayn/apps/desktop/test/fix03b_custom_browse_test.dart: custom editor Browse outbound empty remarks gets the outbound prefix
03:26 +569: C:/Users/Colby/Documents/Codex/2026-10-01/v2rayn-flclash-rust-v2rayn/apps/desktop/test/fix03b_custom_browse_test.dart: custom editor Browse outbound empty remarks gets the outbound prefix
03:27 +569: C:/Users/Colby/Documents/Codex/2026-10-01/v2rayn-flclash-rust-v2rayn/apps/desktop/test/fix03b_custom_browse_test.dart: custom editor Browse outbound empty remarks gets the outbound prefix
03:27 +570: C:/Users/Colby/Documents/Codex/2026-10-01/v2rayn-flclash-rust-v2rayn/apps/desktop/test/fix03b_custom_browse_test.dart: custom editor Browse outbound empty remarks gets the outbound prefix
03:27 +571: C:/Users/Colby/Documents/Codex/2026-10-01/v2rayn-flclash-rust-v2rayn/apps/desktop/test/fix03b_custom_browse_test.dart: custom editor Browse outbound empty remarks gets the outbound prefix
03:27 +572: C:/Users/Colby/Documents/Codex/2026-10-01/v2rayn-flclash-rust-v2rayn/apps/desktop/test/fix03b_custom_browse_test.dart: custom editor Browse outbound empty remarks gets the outbound prefix
03:27 +573: C:/Users/Colby/Documents/Codex/2026-10-01/v2rayn-flclash-rust-v2rayn/apps/desktop/test/fix03b_custom_browse_test.dart: custom editor Browse outbound empty remarks gets the outbound prefix
03:27 +574: C:/Users/Colby/Documents/Codex/2026-10-01/v2rayn-flclash-rust-v2rayn/apps/desktop/test/fix03b_custom_browse_test.dart: custom editor Browse outbound empty remarks gets the outbound prefix
03:27 +575: C:/Users/Colby/Documents/Codex/2026-10-01/v2rayn-flclash-rust-v2rayn/apps/desktop/test/fix03b_custom_browse_test.dart: custom editor Browse outbound empty remarks gets the outbound prefix
03:28 +575: C:/Users/Colby/Documents/Codex/2026-10-01/v2rayn-flclash-rust-v2rayn/apps/desktop/test/fix03b_custom_browse_test.dart: custom editor Browse outbound empty remarks gets the outbound prefix
03:28 +576: C:/Users/Colby/Documents/Codex/2026-10-01/v2rayn-flclash-rust-v2rayn/apps/desktop/test/fix03b_custom_browse_test.dart: custom editor Browse outbound empty remarks gets the outbound prefix
03:28 +577: C:/Users/Colby/Documents/Codex/2026-10-01/v2rayn-flclash-rust-v2rayn/apps/desktop/test/fix03b_custom_browse_test.dart: custom editor Browse outbound empty remarks gets the outbound prefix
03:28 +578: C:/Users/Colby/Documents/Codex/2026-10-01/v2rayn-flclash-rust-v2rayn/apps/desktop/test/fix03b_custom_browse_test.dart: custom editor Browse outbound empty remarks gets the outbound prefix
03:28 +579: C:/Users/Colby/Documents/Codex/2026-10-01/v2rayn-flclash-rust-v2rayn/apps/desktop/test/fix03b_custom_browse_test.dart: custom editor Browse outbound empty remarks gets the outbound prefix
03:29 +579: C:/Users/Colby/Documents/Codex/2026-10-01/v2rayn-flclash-rust-v2rayn/apps/desktop/test/fix03b_custom_browse_test.dart: custom editor Browse outbound empty remarks gets the outbound prefix
03:29 +580: C:/Users/Colby/Documents/Codex/2026-10-01/v2rayn-flclash-rust-v2rayn/apps/desktop/test/fix03b_custom_browse_test.dart: custom editor Browse outbound empty remarks gets the outbound prefix
03:30 +580: C:/Users/Colby/Documents/Codex/2026-10-01/v2rayn-flclash-rust-v2rayn/apps/desktop/test/fix03b_custom_browse_test.dart: custom editor Browse outbound empty remarks gets the outbound prefix
03:30 +581: C:/Users/Colby/Documents/Codex/2026-10-01/v2rayn-flclash-rust-v2rayn/apps/desktop/test/fix03b_custom_browse_test.dart: custom editor Browse outbound empty remarks gets the outbound prefix
03:30 +582: C:/Users/Colby/Documents/Codex/2026-10-01/v2rayn-flclash-rust-v2rayn/apps/desktop/test/fix03b_custom_browse_test.dart: custom editor Browse outbound empty remarks gets the outbound prefix
03:30 +583: C:/Users/Colby/Documents/Codex/2026-10-01/v2rayn-flclash-rust-v2rayn/apps/desktop/test/fix03b_custom_browse_test.dart: custom editor Browse outbound empty remarks gets the outbound prefix
03:30 +584: C:/Users/Colby/Documents/Codex/2026-10-01/v2rayn-flclash-rust-v2rayn/apps/desktop/test/fix03b_custom_browse_test.dart: custom editor Browse outbound empty remarks gets the outbound prefix
03:30 +585: C:/Users/Colby/Documents/Codex/2026-10-01/v2rayn-flclash-rust-v2rayn/apps/desktop/test/fix03b_custom_browse_test.dart: custom editor Browse outbound empty remarks gets the outbound prefix
03:30 +586: C:/Users/Colby/Documents/Codex/2026-10-01/v2rayn-flclash-rust-v2rayn/apps/desktop/test/fix03b_custom_browse_test.dart: custom editor Browse outbound empty remarks gets the outbound prefix
03:30 +587: C:/Users/Colby/Documents/Codex/2026-10-01/v2rayn-flclash-rust-v2rayn/apps/desktop/test/fix03b_custom_browse_test.dart: custom editor Browse outbound empty remarks gets the outbound prefix
03:30 +588: C:/Users/Colby/Documents/Codex/2026-10-01/v2rayn-flclash-rust-v2rayn/apps/desktop/test/fix03b_custom_browse_test.dart: custom editor Browse outbound empty remarks gets the outbound prefix
03:31 +588: C:/Users/Colby/Documents/Codex/2026-10-01/v2rayn-flclash-rust-v2rayn/apps/desktop/test/fix03b_custom_browse_test.dart: custom editor Browse outbound empty remarks gets the outbound prefix
03:31 +589: C:/Users/Colby/Documents/Codex/2026-10-01/v2rayn-flclash-rust-v2rayn/apps/desktop/test/fix03b_custom_browse_test.dart: custom editor Browse outbound empty remarks gets the outbound prefix
03:31 +590: C:/Users/Colby/Documents/Codex/2026-10-01/v2rayn-flclash-rust-v2rayn/apps/desktop/test/fix03b_custom_browse_test.dart: custom editor Browse outbound empty remarks gets the outbound prefix
03:31 +591: C:/Users/Colby/Documents/Codex/2026-10-01/v2rayn-flclash-rust-v2rayn/apps/desktop/test/fix03b_custom_browse_test.dart: custom editor Browse outbound empty remarks gets the outbound prefix
03:31 +592: C:/Users/Colby/Documents/Codex/2026-10-01/v2rayn-flclash-rust-v2rayn/apps/desktop/test/fix03b_custom_browse_test.dart: custom editor Browse outbound empty remarks gets the outbound prefix
03:31 +593: C:/Users/Colby/Documents/Codex/2026-10-01/v2rayn-flclash-rust-v2rayn/apps/desktop/test/fix03b_custom_browse_test.dart: custom editor Browse outbound empty remarks gets the outbound prefix
03:31 +594: C:/Users/Colby/Documents/Codex/2026-10-01/v2rayn-flclash-rust-v2rayn/apps/desktop/test/fix03b_custom_browse_test.dart: custom editor Browse outbound empty remarks gets the outbound prefix
03:31 +595: C:/Users/Colby/Documents/Codex/2026-10-01/v2rayn-flclash-rust-v2rayn/apps/desktop/test/fix03b_custom_browse_test.dart: custom editor Browse outbound empty remarks gets the outbound prefix
03:32 +595: C:/Users/Colby/Documents/Codex/2026-10-01/v2rayn-flclash-rust-v2rayn/apps/desktop/test/fix03b_custom_browse_test.dart: custom editor Browse outbound empty remarks gets the outbound prefix
03:33 +595: C:/Users/Colby/Documents/Codex/2026-10-01/v2rayn-flclash-rust-v2rayn/apps/desktop/test/fix03b_custom_browse_test.dart: custom editor Browse outbound empty remarks gets the outbound prefix
03:34 +595: C:/Users/Colby/Documents/Codex/2026-10-01/v2rayn-flclash-rust-v2rayn/apps/desktop/test/fix03b_custom_browse_test.dart: custom editor Browse outbound empty remarks gets the outbound prefix
03:34 +596: C:/Users/Colby/Documents/Codex/2026-10-01/v2rayn-flclash-rust-v2rayn/apps/desktop/test/fix03b_custom_browse_test.dart: custom editor Browse outbound empty remarks gets the outbound prefix
03:35 +596: C:/Users/Colby/Documents/Codex/2026-10-01/v2rayn-flclash-rust-v2rayn/apps/desktop/test/fix03b_custom_browse_test.dart: custom editor Browse outbound empty remarks gets the outbound prefix
03:36 +596: C:/Users/Colby/Documents/Codex/2026-10-01/v2rayn-flclash-rust-v2rayn/apps/desktop/test/fix03b_custom_browse_test.dart: custom editor Browse outbound empty remarks gets the outbound prefix
03:36 +597: C:/Users/Colby/Documents/Codex/2026-10-01/v2rayn-flclash-rust-v2rayn/apps/desktop/test/fix03b_custom_browse_test.dart: custom editor Browse outbound empty remarks gets the outbound prefix
03:36 +598: C:/Users/Colby/Documents/Codex/2026-10-01/v2rayn-flclash-rust-v2rayn/apps/desktop/test/fix03b_custom_browse_test.dart: custom editor Browse outbound empty remarks gets the outbound prefix
03:36 +599: C:/Users/Colby/Documents/Codex/2026-10-01/v2rayn-flclash-rust-v2rayn/apps/desktop/test/fix03b_custom_browse_test.dart: custom editor Browse outbound empty remarks gets the outbound prefix
03:37 +599: C:/Users/Colby/Documents/Codex/2026-10-01/v2rayn-flclash-rust-v2rayn/apps/desktop/test/fix03b_custom_browse_test.dart: custom editor Browse outbound empty remarks gets the outbound prefix
03:37 +600: C:/Users/Colby/Documents/Codex/2026-10-01/v2rayn-flclash-rust-v2rayn/apps/desktop/test/fix03b_custom_browse_test.dart: custom editor Browse outbound empty remarks gets the outbound prefix
03:38 +600: C:/Users/Colby/Documents/Codex/2026-10-01/v2rayn-flclash-rust-v2rayn/apps/desktop/test/fix03b_custom_browse_test.dart: custom editor Browse outbound empty remarks gets the outbound prefix
03:39 +600: C:/Users/Colby/Documents/Codex/2026-10-01/v2rayn-flclash-rust-v2rayn/apps/desktop/test/fix03b_custom_browse_test.dart: custom editor Browse outbound empty remarks gets the outbound prefix
03:39 +601: C:/Users/Colby/Documents/Codex/2026-10-01/v2rayn-flclash-rust-v2rayn/apps/desktop/test/fix03b_custom_browse_test.dart: custom editor Browse outbound empty remarks gets the outbound prefix
03:40 +601: C:/Users/Colby/Documents/Codex/2026-10-01/v2rayn-flclash-rust-v2rayn/apps/desktop/test/fix03b_custom_browse_test.dart: custom editor Browse outbound empty remarks gets the outbound prefix
03:40 +602: C:/Users/Colby/Documents/Codex/2026-10-01/v2rayn-flclash-rust-v2rayn/apps/desktop/test/fix03b_custom_browse_test.dart: custom editor Browse outbound empty remarks gets the outbound prefix
03:41 +602: C:/Users/Colby/Documents/Codex/2026-10-01/v2rayn-flclash-rust-v2rayn/apps/desktop/test/fix03b_custom_browse_test.dart: custom editor Browse outbound empty remarks gets the outbound prefix
03:41 +603: C:/Users/Colby/Documents/Codex/2026-10-01/v2rayn-flclash-rust-v2rayn/apps/desktop/test/fix03b_custom_browse_test.dart: custom editor Browse outbound empty remarks gets the outbound prefix
03:41 +604: C:/Users/Colby/Documents/Codex/2026-10-01/v2rayn-flclash-rust-v2rayn/apps/desktop/test/fix03b_custom_browse_test.dart: custom editor Browse outbound empty remarks gets the outbound prefix
03:42 +604: C:/Users/Colby/Documents/Codex/2026-10-01/v2rayn-flclash-rust-v2rayn/apps/desktop/test/fix03b_custom_browse_test.dart: custom editor Browse outbound empty remarks gets the outbound prefix
03:42 +605: C:/Users/Colby/Documents/Codex/2026-10-01/v2rayn-flclash-rust-v2rayn/apps/desktop/test/fix03b_custom_browse_test.dart: custom editor Browse outbound empty remarks gets the outbound prefix
03:42 +606: C:/Users/Colby/Documents/Codex/2026-10-01/v2rayn-flclash-rust-v2rayn/apps/desktop/test/fix03b_custom_browse_test.dart: custom editor Browse outbound empty remarks gets the outbound prefix
03:42 +607: C:/Users/Colby/Documents/Codex/2026-10-01/v2rayn-flclash-rust-v2rayn/apps/desktop/test/fix03b_custom_browse_test.dart: custom editor Browse outbound empty remarks gets the outbound prefix
03:42 +608: C:/Users/Colby/Documents/Codex/2026-10-01/v2rayn-flclash-rust-v2rayn/apps/desktop/test/fix03b_custom_browse_test.dart: custom editor Browse outbound empty remarks gets the outbound prefix
03:43 +608: C:/Users/Colby/Documents/Codex/2026-10-01/v2rayn-flclash-rust-v2rayn/apps/desktop/test/fix03b_custom_browse_test.dart: custom editor Browse outbound empty remarks gets the outbound prefix
03:43 +609: C:/Users/Colby/Documents/Codex/2026-10-01/v2rayn-flclash-rust-v2rayn/apps/desktop/test/fix03b_custom_browse_test.dart: custom editor Browse outbound empty remarks gets the outbound prefix
03:43 +610: C:/Users/Colby/Documents/Codex/2026-10-01/v2rayn-flclash-rust-v2rayn/apps/desktop/test/fix03b_custom_browse_test.dart: custom editor Browse outbound empty remarks gets the outbound prefix
03:44 +610: C:/Users/Colby/Documents/Codex/2026-10-01/v2rayn-flclash-rust-v2rayn/apps/desktop/test/fix03b_custom_browse_test.dart: custom editor Browse outbound empty remarks gets the outbound prefix
03:44 +611: C:/Users/Colby/Documents/Codex/2026-10-01/v2rayn-flclash-rust-v2rayn/apps/desktop/test/fix03b_custom_browse_test.dart: custom editor Browse outbound empty remarks gets the outbound prefix
03:44 +612: C:/Users/Colby/Documents/Codex/2026-10-01/v2rayn-flclash-rust-v2rayn/apps/desktop/test/fix03b_custom_browse_test.dart: custom editor Browse outbound empty remarks gets the outbound prefix
03:44 +613: C:/Users/Colby/Documents/Codex/2026-10-01/v2rayn-flclash-rust-v2rayn/apps/desktop/test/fix03b_custom_browse_test.dart: custom editor Browse outbound empty remarks gets the outbound prefix
03:45 +613: C:/Users/Colby/Documents/Codex/2026-10-01/v2rayn-flclash-rust-v2rayn/apps/desktop/test/fix03b_custom_browse_test.dart: custom editor Browse outbound empty remarks gets the outbound prefix
03:45 +614: C:/Users/Colby/Documents/Codex/2026-10-01/v2rayn-flclash-rust-v2rayn/apps/desktop/test/fix03b_custom_browse_test.dart: custom editor Browse outbound empty remarks gets the outbound prefix
03:45 +615: C:/Users/Colby/Documents/Codex/2026-10-01/v2rayn-flclash-rust-v2rayn/apps/desktop/test/fix03b_custom_browse_test.dart: custom editor Browse outbound empty remarks gets the outbound prefix
03:45 +616: C:/Users/Colby/Documents/Codex/2026-10-01/v2rayn-flclash-rust-v2rayn/apps/desktop/test/fix03b_custom_browse_test.dart: custom editor Browse outbound empty remarks gets the outbound prefix
03:45 +617: C:/Users/Colby/Documents/Codex/2026-10-01/v2rayn-flclash-rust-v2rayn/apps/desktop/test/fix03b_custom_browse_test.dart: custom editor Browse outbound empty remarks gets the outbound prefix
03:45 +618: C:/Users/Colby/Documents/Codex/2026-10-01/v2rayn-flclash-rust-v2rayn/apps/desktop/test/fix03b_custom_browse_test.dart: custom editor Browse outbound empty remarks gets the outbound prefix
03:46 +618: C:/Users/Colby/Documents/Codex/2026-10-01/v2rayn-flclash-rust-v2rayn/apps/desktop/test/fix03b_custom_browse_test.dart: custom editor Browse outbound empty remarks gets the outbound prefix
03:46 +619: C:/Users/Colby/Documents/Codex/2026-10-01/v2rayn-flclash-rust-v2rayn/apps/desktop/test/fix03b_custom_browse_test.dart: custom editor Browse outbound empty remarks gets the outbound prefix
03:46 +620: C:/Users/Colby/Documents/Codex/2026-10-01/v2rayn-flclash-rust-v2rayn/apps/desktop/test/fix03b_custom_browse_test.dart: custom editor Browse outbound empty remarks gets the outbound prefix
03:46 +621: C:/Users/Colby/Documents/Codex/2026-10-01/v2rayn-flclash-rust-v2rayn/apps/desktop/test/fix03b_custom_browse_test.dart: custom editor Browse outbound empty remarks gets the outbound prefix
03:46 +622: C:/Users/Colby/Documents/Codex/2026-10-01/v2rayn-flclash-rust-v2rayn/apps/desktop/test/fix03b_custom_browse_test.dart: custom editor Browse outbound empty remarks gets the outbound prefix
03:46 +623: C:/Users/Colby/Documents/Codex/2026-10-01/v2rayn-flclash-rust-v2rayn/apps/desktop/test/fix03b_custom_browse_test.dart: custom editor Browse outbound empty remarks gets the outbound prefix
03:47 +623: C:/Users/Colby/Documents/Codex/2026-10-01/v2rayn-flclash-rust-v2rayn/apps/desktop/test/fix03b_custom_browse_test.dart: custom editor Browse outbound empty remarks gets the outbound prefix
03:48 +623: C:/Users/Colby/Documents/Codex/2026-10-01/v2rayn-flclash-rust-v2rayn/apps/desktop/test/fix03b_custom_browse_test.dart: custom editor Browse outbound empty remarks gets the outbound prefix
03:48 +624: C:/Users/Colby/Documents/Codex/2026-10-01/v2rayn-flclash-rust-v2rayn/apps/desktop/test/fix03b_custom_browse_test.dart: custom editor Browse outbound empty remarks gets the outbound prefix
03:49 +624: C:/Users/Colby/Documents/Codex/2026-10-01/v2rayn-flclash-rust-v2rayn/apps/desktop/test/fix03b_custom_browse_test.dart: custom editor Browse outbound empty remarks gets the outbound prefix
03:49 +625: C:/Users/Colby/Documents/Codex/2026-10-01/v2rayn-flclash-rust-v2rayn/apps/desktop/test/fix03b_custom_browse_test.dart: custom editor Browse outbound empty remarks gets the outbound prefix
03:49 +626: C:/Users/Colby/Documents/Codex/2026-10-01/v2rayn-flclash-rust-v2rayn/apps/desktop/test/fix03b_custom_browse_test.dart: custom editor Browse outbound empty remarks gets the outbound prefix
03:50 +626: C:/Users/Colby/Documents/Codex/2026-10-01/v2rayn-flclash-rust-v2rayn/apps/desktop/test/fix03b_custom_browse_test.dart: custom editor Browse outbound empty remarks gets the outbound prefix
03:50 +627: C:/Users/Colby/Documents/Codex/2026-10-01/v2rayn-flclash-rust-v2rayn/apps/desktop/test/fix03b_custom_browse_test.dart: custom editor Browse outbound empty remarks gets the outbound prefix
03:50 +628: C:/Users/Colby/Documents/Codex/2026-10-01/v2rayn-flclash-rust-v2rayn/apps/desktop/test/fix03b_custom_browse_test.dart: custom editor Browse outbound empty remarks gets the outbound prefix
03:50 +629: C:/Users/Colby/Documents/Codex/2026-10-01/v2rayn-flclash-rust-v2rayn/apps/desktop/test/fix03b_custom_browse_test.dart: custom editor Browse outbound empty remarks gets the outbound prefix
03:50 +630: C:/Users/Colby/Documents/Codex/2026-10-01/v2rayn-flclash-rust-v2rayn/apps/desktop/test/fix03b_custom_browse_test.dart: custom editor Browse outbound empty remarks gets the outbound prefix
03:51 +630: C:/Users/Colby/Documents/Codex/2026-10-01/v2rayn-flclash-rust-v2rayn/apps/desktop/test/fix03b_custom_browse_test.dart: custom editor Browse outbound empty remarks gets the outbound prefix
03:51 +631: C:/Users/Colby/Documents/Codex/2026-10-01/v2rayn-flclash-rust-v2rayn/apps/desktop/test/fix03b_custom_browse_test.dart: custom editor Browse outbound empty remarks gets the outbound prefix
03:52 +631: C:/Users/Colby/Documents/Codex/2026-10-01/v2rayn-flclash-rust-v2rayn/apps/desktop/test/fix03b_custom_browse_test.dart: custom editor Browse outbound empty remarks gets the outbound prefix
03:52 +632: C:/Users/Colby/Documents/Codex/2026-10-01/v2rayn-flclash-rust-v2rayn/apps/desktop/test/fix03b_custom_browse_test.dart: custom editor Browse outbound empty remarks gets the outbound prefix
03:53 +632: C:/Users/Colby/Documents/Codex/2026-10-01/v2rayn-flclash-rust-v2rayn/apps/desktop/test/fix03b_custom_browse_test.dart: custom editor Browse outbound empty remarks gets the outbound prefix
03:53 +633: C:/Users/Colby/Documents/Codex/2026-10-01/v2rayn-flclash-rust-v2rayn/apps/desktop/test/fix03b_custom_browse_test.dart: custom editor Browse outbound empty remarks gets the outbound prefix
03:53 +634: C:/Users/Colby/Documents/Codex/2026-10-01/v2rayn-flclash-rust-v2rayn/apps/desktop/test/fix03b_custom_browse_test.dart: custom editor Browse outbound empty remarks gets the outbound prefix
03:53 +635: C:/Users/Colby/Documents/Codex/2026-10-01/v2rayn-flclash-rust-v2rayn/apps/desktop/test/fix03b_custom_browse_test.dart: custom editor Browse outbound empty remarks gets the outbound prefix
03:53 +636: C:/Users/Colby/Documents/Codex/2026-10-01/v2rayn-flclash-rust-v2rayn/apps/desktop/test/fix03b_custom_browse_test.dart: custom editor Browse outbound empty remarks gets the outbound prefix
03:54 +636: C:/Users/Colby/Documents/Codex/2026-10-01/v2rayn-flclash-rust-v2rayn/apps/desktop/test/fix03b_custom_browse_test.dart: custom editor Browse outbound empty remarks gets the outbound prefix
03:54 +637: C:/Users/Colby/Documents/Codex/2026-10-01/v2rayn-flclash-rust-v2rayn/apps/desktop/test/fix03b_custom_browse_test.dart: custom editor Browse outbound empty remarks gets the outbound prefix
03:54 +638: C:/Users/Colby/Documents/Codex/2026-10-01/v2rayn-flclash-rust-v2rayn/apps/desktop/test/fix03b_custom_browse_test.dart: custom editor Browse outbound empty remarks gets the outbound prefix
03:54 +639: C:/Users/Colby/Documents/Codex/2026-10-01/v2rayn-flclash-rust-v2rayn/apps/desktop/test/fix03b_custom_browse_test.dart: custom editor Browse outbound empty remarks gets the outbound prefix
03:54 +640: C:/Users/Colby/Documents/Codex/2026-10-01/v2rayn-flclash-rust-v2rayn/apps/desktop/test/fix03b_custom_browse_test.dart: custom editor Browse outbound empty remarks gets the outbound prefix
03:54 +641: C:/Users/Colby/Documents/Codex/2026-10-01/v2rayn-flclash-rust-v2rayn/apps/desktop/test/fix03b_custom_browse_test.dart: custom editor Browse outbound empty remarks gets the outbound prefix
03:55 +641: C:/Users/Colby/Documents/Codex/2026-10-01/v2rayn-flclash-rust-v2rayn/apps/desktop/test/fix03b_custom_browse_test.dart: custom editor Browse outbound empty remarks gets the outbound prefix
03:55 +642: C:/Users/Colby/Documents/Codex/2026-10-01/v2rayn-flclash-rust-v2rayn/apps/desktop/test/fix03b_custom_browse_test.dart: custom editor Browse outbound empty remarks gets the outbound prefix
03:56 +642: C:/Users/Colby/Documents/Codex/2026-10-01/v2rayn-flclash-rust-v2rayn/apps/desktop/test/fix03b_custom_browse_test.dart: custom editor Browse outbound empty remarks gets the outbound prefix
03:56 +643: C:/Users/Colby/Documents/Codex/2026-10-01/v2rayn-flclash-rust-v2rayn/apps/desktop/test/fix03b_custom_browse_test.dart: custom editor Browse outbound empty remarks gets the outbound prefix
03:57 +643: C:/Users/Colby/Documents/Codex/2026-10-01/v2rayn-flclash-rust-v2rayn/apps/desktop/test/fix03b_custom_browse_test.dart: custom editor Browse outbound empty remarks gets the outbound prefix
03:57 +644: C:/Users/Colby/Documents/Codex/2026-10-01/v2rayn-flclash-rust-v2rayn/apps/desktop/test/fix03b_custom_browse_test.dart: custom editor Browse outbound empty remarks gets the outbound prefix
03:57 +645: C:/Users/Colby/Documents/Codex/2026-10-01/v2rayn-flclash-rust-v2rayn/apps/desktop/test/fix03b_custom_browse_test.dart: custom editor Browse outbound empty remarks gets the outbound prefix
03:57 +646: C:/Users/Colby/Documents/Codex/2026-10-01/v2rayn-flclash-rust-v2rayn/apps/desktop/test/fix03b_custom_browse_test.dart: custom editor Browse outbound empty remarks gets the outbound prefix
03:57 +647: C:/Users/Colby/Documents/Codex/2026-10-01/v2rayn-flclash-rust-v2rayn/apps/desktop/test/fix03b_custom_browse_test.dart: custom editor Browse outbound empty remarks gets the outbound prefix
03:57 +648: C:/Users/Colby/Documents/Codex/2026-10-01/v2rayn-flclash-rust-v2rayn/apps/desktop/test/fix03b_custom_browse_test.dart: custom editor Browse outbound empty remarks gets the outbound prefix
03:57 +649: C:/Users/Colby/Documents/Codex/2026-10-01/v2rayn-flclash-rust-v2rayn/apps/desktop/test/fix03b_custom_browse_test.dart: custom editor Browse outbound empty remarks gets the outbound prefix
03:58 +649: C:/Users/Colby/Documents/Codex/2026-10-01/v2rayn-flclash-rust-v2rayn/apps/desktop/test/fix03b_custom_browse_test.dart: custom editor Browse outbound empty remarks gets the outbound prefix
03:58 +650: C:/Users/Colby/Documents/Codex/2026-10-01/v2rayn-flclash-rust-v2rayn/apps/desktop/test/fix03b_custom_browse_test.dart: custom editor Browse outbound empty remarks gets the outbound prefix
03:58 +651: C:/Users/Colby/Documents/Codex/2026-10-01/v2rayn-flclash-rust-v2rayn/apps/desktop/test/fix03b_custom_browse_test.dart: custom editor Browse outbound empty remarks gets the outbound prefix
03:59 +651: C:/Users/Colby/Documents/Codex/2026-10-01/v2rayn-flclash-rust-v2rayn/apps/desktop/test/fix03b_custom_browse_test.dart: custom editor Browse outbound empty remarks gets the outbound prefix
04:00 +651: C:/Users/Colby/Documents/Codex/2026-10-01/v2rayn-flclash-rust-v2rayn/apps/desktop/test/fix03b_custom_browse_test.dart: custom editor Browse outbound empty remarks gets the outbound prefix
04:00 +652: C:/Users/Colby/Documents/Codex/2026-10-01/v2rayn-flclash-rust-v2rayn/apps/desktop/test/fix03b_custom_browse_test.dart: custom editor Browse outbound empty remarks gets the outbound prefix
04:00 +653: C:/Users/Colby/Documents/Codex/2026-10-01/v2rayn-flclash-rust-v2rayn/apps/desktop/test/fix03b_custom_browse_test.dart: custom editor Browse outbound empty remarks gets the outbound prefix
04:00 +654: C:/Users/Colby/Documents/Codex/2026-10-01/v2rayn-flclash-rust-v2rayn/apps/desktop/test/fix03b_custom_browse_test.dart: custom editor Browse outbound empty remarks gets the outbound prefix
04:01 +654: C:/Users/Colby/Documents/Codex/2026-10-01/v2rayn-flclash-rust-v2rayn/apps/desktop/test/fix03b_custom_browse_test.dart: custom editor Browse outbound empty remarks gets the outbound prefix
04:01 +655: C:/Users/Colby/Documents/Codex/2026-10-01/v2rayn-flclash-rust-v2rayn/apps/desktop/test/fix03b_custom_browse_test.dart: custom editor Browse outbound empty remarks gets the outbound prefix
04:01 +656: C:/Users/Colby/Documents/Codex/2026-10-01/v2rayn-flclash-rust-v2rayn/apps/desktop/test/fix03b_custom_browse_test.dart: custom editor Browse outbound empty remarks gets the outbound prefix
04:01 +657: C:/Users/Colby/Documents/Codex/2026-10-01/v2rayn-flclash-rust-v2rayn/apps/desktop/test/fix03b_custom_browse_test.dart: custom editor Browse outbound empty remarks gets the outbound prefix
04:01 +658: C:/Users/Colby/Documents/Codex/2026-10-01/v2rayn-flclash-rust-v2rayn/apps/desktop/test/fix03b_custom_browse_test.dart: custom editor Browse outbound empty remarks gets the outbound prefix
04:02 +658: C:/Users/Colby/Documents/Codex/2026-10-01/v2rayn-flclash-rust-v2rayn/apps/desktop/test/fix03b_custom_browse_test.dart: custom editor Browse outbound empty remarks gets the outbound prefix
04:02 +659: C:/Users/Colby/Documents/Codex/2026-10-01/v2rayn-flclash-rust-v2rayn/apps/desktop/test/fix03b_custom_browse_test.dart: custom editor Browse outbound empty remarks gets the outbound prefix
04:02 +660: C:/Users/Colby/Documents/Codex/2026-10-01/v2rayn-flclash-rust-v2rayn/apps/desktop/test/fix03b_custom_browse_test.dart: custom editor Browse outbound empty remarks gets the outbound prefix
04:02 +661: C:/Users/Colby/Documents/Codex/2026-10-01/v2rayn-flclash-rust-v2rayn/apps/desktop/test/fix03b_custom_browse_test.dart: custom editor Browse outbound empty remarks gets the outbound prefix
04:02 +662: C:/Users/Colby/Documents/Codex/2026-10-01/v2rayn-flclash-rust-v2rayn/apps/desktop/test/fix03b_custom_browse_test.dart: custom editor Browse outbound empty remarks gets the outbound prefix
04:02 +663: C:/Users/Colby/Documents/Codex/2026-10-01/v2rayn-flclash-rust-v2rayn/apps/desktop/test/fix03b_custom_browse_test.dart: custom editor Browse outbound empty remarks gets the outbound prefix
04:02 +664: C:/Users/Colby/Documents/Codex/2026-10-01/v2rayn-flclash-rust-v2rayn/apps/desktop/test/fix03b_custom_browse_test.dart: custom editor Browse outbound empty remarks gets the outbound prefix
04:02 +665: C:/Users/Colby/Documents/Codex/2026-10-01/v2rayn-flclash-rust-v2rayn/apps/desktop/test/fix03b_custom_browse_test.dart: custom editor Browse outbound empty remarks gets the outbound prefix
04:02 +666: C:/Users/Colby/Documents/Codex/2026-10-01/v2rayn-flclash-rust-v2rayn/apps/desktop/test/fix03b_custom_browse_test.dart: custom editor Browse outbound empty remarks gets the outbound prefix
04:02 +667: C:/Users/Colby/Documents/Codex/2026-10-01/v2rayn-flclash-rust-v2rayn/apps/desktop/test/fix03b_custom_browse_test.dart: custom editor Browse outbound empty remarks gets the outbound prefix
04:02 +668: C:/Users/Colby/Documents/Codex/2026-10-01/v2rayn-flclash-rust-v2rayn/apps/desktop/test/fix03b_custom_browse_test.dart: custom editor Browse outbound empty remarks gets the outbound prefix
04:02 +669: C:/Users/Colby/Documents/Codex/2026-10-01/v2rayn-flclash-rust-v2rayn/apps/desktop/test/fix03b_custom_browse_test.dart: custom editor Browse outbound empty remarks gets the outbound prefix
04:02 +670: C:/Users/Colby/Documents/Codex/2026-10-01/v2rayn-flclash-rust-v2rayn/apps/desktop/test/fix03b_custom_browse_test.dart: custom editor Browse outbound empty remarks gets the outbound prefix
04:02 +671: C:/Users/Colby/Documents/Codex/2026-10-01/v2rayn-flclash-rust-v2rayn/apps/desktop/test/fix03b_custom_browse_test.dart: custom editor Browse outbound empty remarks gets the outbound prefix
04:02 +672: C:/Users/Colby/Documents/Codex/2026-10-01/v2rayn-flclash-rust-v2rayn/apps/desktop/test/fix03b_custom_browse_test.dart: custom editor Browse outbound empty remarks gets the outbound prefix
04:03 +672: C:/Users/Colby/Documents/Codex/2026-10-01/v2rayn-flclash-rust-v2rayn/apps/desktop/test/fix03b_custom_browse_test.dart: custom editor Browse outbound empty remarks gets the outbound prefix
04:03 +673: C:/Users/Colby/Documents/Codex/2026-10-01/v2rayn-flclash-rust-v2rayn/apps/desktop/test/fix03b_custom_browse_test.dart: custom editor Browse outbound empty remarks gets the outbound prefix
04:03 +674: C:/Users/Colby/Documents/Codex/2026-10-01/v2rayn-flclash-rust-v2rayn/apps/desktop/test/fix03b_custom_browse_test.dart: custom editor Browse outbound empty remarks gets the outbound prefix
04:04 +674: C:/Users/Colby/Documents/Codex/2026-10-01/v2rayn-flclash-rust-v2rayn/apps/desktop/test/fix03b_custom_browse_test.dart: custom editor Browse outbound empty remarks gets the outbound prefix
04:04 +675: C:/Users/Colby/Documents/Codex/2026-10-01/v2rayn-flclash-rust-v2rayn/apps/desktop/test/fix03b_custom_browse_test.dart: custom editor Browse outbound empty remarks gets the outbound prefix
04:04 +676: C:/Users/Colby/Documents/Codex/2026-10-01/v2rayn-flclash-rust-v2rayn/apps/desktop/test/fix03b_custom_browse_test.dart: custom editor Browse outbound empty remarks gets the outbound prefix
04:04 +677: C:/Users/Colby/Documents/Codex/2026-10-01/v2rayn-flclash-rust-v2rayn/apps/desktop/test/fix03b_custom_browse_test.dart: custom editor Browse outbound empty remarks gets the outbound prefix
04:05 +677: C:/Users/Colby/Documents/Codex/2026-10-01/v2rayn-flclash-rust-v2rayn/apps/desktop/test/fix03b_custom_browse_test.dart: custom editor Browse outbound empty remarks gets the outbound prefix
04:05 +678: C:/Users/Colby/Documents/Codex/2026-10-01/v2rayn-flclash-rust-v2rayn/apps/desktop/test/fix03b_custom_browse_test.dart: custom editor Browse outbound empty remarks gets the outbound prefix
04:05 +679: C:/Users/Colby/Documents/Codex/2026-10-01/v2rayn-flclash-rust-v2rayn/apps/desktop/test/fix03b_custom_browse_test.dart: custom editor Browse outbound empty remarks gets the outbound prefix
04:05 +680: C:/Users/Colby/Documents/Codex/2026-10-01/v2rayn-flclash-rust-v2rayn/apps/desktop/test/fix03b_custom_browse_test.dart: custom editor Browse outbound empty remarks gets the outbound prefix
04:05 +681: C:/Users/Colby/Documents/Codex/2026-10-01/v2rayn-flclash-rust-v2rayn/apps/desktop/test/fix03b_custom_browse_test.dart: custom editor Browse outbound empty remarks gets the outbound prefix
04:05 +682: C:/Users/Colby/Documents/Codex/2026-10-01/v2rayn-flclash-rust-v2rayn/apps/desktop/test/fix03b_custom_browse_test.dart: custom editor Browse outbound empty remarks gets the outbound prefix
04:06 +682: C:/Users/Colby/Documents/Codex/2026-10-01/v2rayn-flclash-rust-v2rayn/apps/desktop/test/fix03b_custom_browse_test.dart: custom editor Browse outbound empty remarks gets the outbound prefix
04:06 +683: C:/Users/Colby/Documents/Codex/2026-10-01/v2rayn-flclash-rust-v2rayn/apps/desktop/test/fix03b_custom_browse_test.dart: custom editor Browse outbound empty remarks gets the outbound prefix
04:06 +684: C:/Users/Colby/Documents/Codex/2026-10-01/v2rayn-flclash-rust-v2rayn/apps/desktop/test/fix03b_custom_browse_test.dart: custom editor Browse outbound empty remarks gets the outbound prefix
04:06 +685: C:/Users/Colby/Documents/Codex/2026-10-01/v2rayn-flclash-rust-v2rayn/apps/desktop/test/fix03b_custom_browse_test.dart: custom editor Browse outbound empty remarks gets the outbound prefix
04:06 +686: C:/Users/Colby/Documents/Codex/2026-10-01/v2rayn-flclash-rust-v2rayn/apps/desktop/test/fix03b_custom_browse_test.dart: custom editor Browse outbound empty remarks gets the outbound prefix
04:06 +687: C:/Users/Colby/Documents/Codex/2026-10-01/v2rayn-flclash-rust-v2rayn/apps/desktop/test/fix03b_custom_browse_test.dart: custom editor Browse outbound empty remarks gets the outbound prefix
04:06 +688: C:/Users/Colby/Documents/Codex/2026-10-01/v2rayn-flclash-rust-v2rayn/apps/desktop/test/fix03b_custom_browse_test.dart: custom editor Browse outbound empty remarks gets the outbound prefix
04:07 +688: C:/Users/Colby/Documents/Codex/2026-10-01/v2rayn-flclash-rust-v2rayn/apps/desktop/test/fix03b_custom_browse_test.dart: custom editor Browse outbound empty remarks gets the outbound prefix
04:07 +689: C:/Users/Colby/Documents/Codex/2026-10-01/v2rayn-flclash-rust-v2rayn/apps/desktop/test/fix03b_custom_browse_test.dart: custom editor Browse outbound empty remarks gets the outbound prefix
04:07 +690: C:/Users/Colby/Documents/Codex/2026-10-01/v2rayn-flclash-rust-v2rayn/apps/desktop/test/fix03b_custom_browse_test.dart: custom editor Browse outbound empty remarks gets the outbound prefix
04:08 +690: C:/Users/Colby/Documents/Codex/2026-10-01/v2rayn-flclash-rust-v2rayn/apps/desktop/test/fix03b_custom_browse_test.dart: custom editor Browse outbound empty remarks gets the outbound prefix
04:08 +691: C:/Users/Colby/Documents/Codex/2026-10-01/v2rayn-flclash-rust-v2rayn/apps/desktop/test/fix03b_custom_browse_test.dart: custom editor Browse outbound empty remarks gets the outbound prefix
04:08 +692: C:/Users/Colby/Documents/Codex/2026-10-01/v2rayn-flclash-rust-v2rayn/apps/desktop/test/fix03b_custom_browse_test.dart: custom editor Browse outbound empty remarks gets the outbound prefix
04:08 +692: C:/Users/Colby/Documents/Codex/2026-10-01/v2rayn-flclash-rust-v2rayn/apps/desktop/test/t15b_smoke_probe_test.dart: bridge TCPing writes a real ProfileExItem delay                         
probe disabled

04:08 +692 ~1: C:/Users/Colby/Documents/Codex/2026-10-01/v2rayn-flclash-rust-v2rayn/apps/desktop/test/fix03b_custom_browse_test.dart: ... editor Browse outbound empty remarks gets the outbound prefix
04:09 +692 ~1: C:/Users/Colby/Documents/Codex/2026-10-01/v2rayn-flclash-rust-v2rayn/apps/desktop/test/fix03b_custom_browse_test.dart: ... editor Browse outbound empty remarks gets the outbound prefix
04:09 +692 ~1: C:/Users/Colby/Documents/Codex/2026-10-01/v2rayn-flclash-rust-v2rayn/apps/desktop/test/t15b_smoke_seed_test.dart: seed local smoke profiles                                             
seed disabled

04:09 +692 ~2: C:/Users/Colby/Documents/Codex/2026-10-01/v2rayn-flclash-rust-v2rayn/apps/desktop/test/fix03b_custom_browse_test.dart: ... editor Browse outbound empty remarks gets the outbound prefix
04:09 +693 ~2: C:/Users/Colby/Documents/Codex/2026-10-01/v2rayn-flclash-rust-v2rayn/apps/desktop/test/fix03b_custom_browse_test.dart: ... editor Browse outbound empty remarks gets the outbound prefix
04:09 +694 ~2: C:/Users/Colby/Documents/Codex/2026-10-01/v2rayn-flclash-rust-v2rayn/apps/desktop/test/fix03b_custom_browse_test.dart: ... editor Browse outbound empty remarks gets the outbound prefix
04:09 +695 ~2: C:/Users/Colby/Documents/Codex/2026-10-01/v2rayn-flclash-rust-v2rayn/apps/desktop/test/fix03b_custom_browse_test.dart: ... editor Browse outbound empty remarks gets the outbound prefix
04:09 +696 ~2: C:/Users/Colby/Documents/Codex/2026-10-01/v2rayn-flclash-rust-v2rayn/apps/desktop/test/fix03b_custom_browse_test.dart: ... editor Browse outbound empty remarks gets the outbound prefix
04:09 +697 ~2: C:/Users/Colby/Documents/Codex/2026-10-01/v2rayn-flclash-rust-v2rayn/apps/desktop/test/fix03b_custom_browse_test.dart: ... editor Browse outbound empty remarks gets the outbound prefix
04:09 +698 ~2: C:/Users/Colby/Documents/Codex/2026-10-01/v2rayn-flclash-rust-v2rayn/apps/desktop/test/fix03b_custom_browse_test.dart: ... editor Browse outbound empty remarks gets the outbound prefix
04:09 +699 ~2: C:/Users/Colby/Documents/Codex/2026-10-01/v2rayn-flclash-rust-v2rayn/apps/desktop/test/fix03b_custom_browse_test.dart: ... editor Browse outbound empty remarks gets the outbound prefix
04:10 +699 ~2: C:/Users/Colby/Documents/Codex/2026-10-01/v2rayn-flclash-rust-v2rayn/apps/desktop/test/fix03b_custom_browse_test.dart: ... editor Browse outbound empty remarks gets the outbound prefix
04:11 +699 ~2: C:/Users/Colby/Documents/Codex/2026-10-01/v2rayn-flclash-rust-v2rayn/apps/desktop/test/fix03b_custom_browse_test.dart: ... editor Browse outbound empty remarks gets the outbound prefix
04:11 +700 ~2: C:/Users/Colby/Documents/Codex/2026-10-01/v2rayn-flclash-rust-v2rayn/apps/desktop/test/fix03b_custom_browse_test.dart: ... editor Browse outbound empty remarks gets the outbound prefix
04:11 +701 ~2: C:/Users/Colby/Documents/Codex/2026-10-01/v2rayn-flclash-rust-v2rayn/apps/desktop/test/fix03b_custom_browse_test.dart: ... editor Browse outbound empty remarks gets the outbound prefix
04:11 +702 ~2: C:/Users/Colby/Documents/Codex/2026-10-01/v2rayn-flclash-rust-v2rayn/apps/desktop/test/fix03b_custom_browse_test.dart: ... editor Browse outbound empty remarks gets the outbound prefix
04:11 +703 ~2: C:/Users/Colby/Documents/Codex/2026-10-01/v2rayn-flclash-rust-v2rayn/apps/desktop/test/fix03b_custom_browse_test.dart: ... editor Browse outbound empty remarks gets the outbound prefix
04:11 +704 ~2: C:/Users/Colby/Documents/Codex/2026-10-01/v2rayn-flclash-rust-v2rayn/apps/desktop/test/fix03b_custom_browse_test.dart: ... editor Browse outbound empty remarks gets the outbound prefix
04:11 +705 ~2: C:/Users/Colby/Documents/Codex/2026-10-01/v2rayn-flclash-rust-v2rayn/apps/desktop/test/fix03b_custom_browse_test.dart: ... editor Browse outbound empty remarks gets the outbound prefix
04:11 +706 ~2: C:/Users/Colby/Documents/Codex/2026-10-01/v2rayn-flclash-rust-v2rayn/apps/desktop/test/fix03b_custom_browse_test.dart: ... editor Browse outbound empty remarks gets the outbound prefix
04:12 +706 ~2: C:/Users/Colby/Documents/Codex/2026-10-01/v2rayn-flclash-rust-v2rayn/apps/desktop/test/fix03b_custom_browse_test.dart: ... editor Browse outbound empty remarks gets the outbound prefix
04:13 +706 ~2: C:/Users/Colby/Documents/Codex/2026-10-01/v2rayn-flclash-rust-v2rayn/apps/desktop/test/fix03b_custom_browse_test.dart: ... editor Browse outbound empty remarks gets the outbound prefix
04:13 +707 ~2: C:/Users/Colby/Documents/Codex/2026-10-01/v2rayn-flclash-rust-v2rayn/apps/desktop/test/fix03b_custom_browse_test.dart: ... editor Browse outbound empty remarks gets the outbound prefix
04:14 +707 ~2: C:/Users/Colby/Documents/Codex/2026-10-01/v2rayn-flclash-rust-v2rayn/apps/desktop/test/fix03b_custom_browse_test.dart: ... editor Browse outbound empty remarks gets the outbound prefix
04:14 +708 ~2: C:/Users/Colby/Documents/Codex/2026-10-01/v2rayn-flclash-rust-v2rayn/apps/desktop/test/fix03b_custom_browse_test.dart: ... editor Browse outbound empty remarks gets the outbound prefix
04:14 +709 ~2: C:/Users/Colby/Documents/Codex/2026-10-01/v2rayn-flclash-rust-v2rayn/apps/desktop/test/fix03b_custom_browse_test.dart: ... editor Browse outbound empty remarks gets the outbound prefix
04:14 +710 ~2: C:/Users/Colby/Documents/Codex/2026-10-01/v2rayn-flclash-rust-v2rayn/apps/desktop/test/fix03b_custom_browse_test.dart: ... editor Browse outbound empty remarks gets the outbound prefix
04:14 +711 ~2: C:/Users/Colby/Documents/Codex/2026-10-01/v2rayn-flclash-rust-v2rayn/apps/desktop/test/fix03b_custom_browse_test.dart: ... editor Browse outbound empty remarks gets the outbound prefix
04:14 +712 ~2: C:/Users/Colby/Documents/Codex/2026-10-01/v2rayn-flclash-rust-v2rayn/apps/desktop/test/fix03b_custom_browse_test.dart: ... editor Browse outbound empty remarks gets the outbound prefix
04:14 +713 ~2: C:/Users/Colby/Documents/Codex/2026-10-01/v2rayn-flclash-rust-v2rayn/apps/desktop/test/fix03b_custom_browse_test.dart: ... editor Browse outbound empty remarks gets the outbound prefix
04:14 +714 ~2: C:/Users/Colby/Documents/Codex/2026-10-01/v2rayn-flclash-rust-v2rayn/apps/desktop/test/fix03b_custom_browse_test.dart: ... editor Browse outbound empty remarks gets the outbound prefix
04:15 +714 ~2: C:/Users/Colby/Documents/Codex/2026-10-01/v2rayn-flclash-rust-v2rayn/apps/desktop/test/fix03b_custom_browse_test.dart: ... editor Browse outbound empty remarks gets the outbound prefix
04:16 +714 ~2: C:/Users/Colby/Documents/Codex/2026-10-01/v2rayn-flclash-rust-v2rayn/apps/desktop/test/fix03b_custom_browse_test.dart: ... editor Browse outbound empty remarks gets the outbound prefix
04:16 +715 ~2: C:/Users/Colby/Documents/Codex/2026-10-01/v2rayn-flclash-rust-v2rayn/apps/desktop/test/fix03b_custom_browse_test.dart: ... editor Browse outbound empty remarks gets the outbound prefix
04:16 +716 ~2: C:/Users/Colby/Documents/Codex/2026-10-01/v2rayn-flclash-rust-v2rayn/apps/desktop/test/fix03b_custom_browse_test.dart: ... editor Browse outbound empty remarks gets the outbound prefix
04:16 +717 ~2: C:/Users/Colby/Documents/Codex/2026-10-01/v2rayn-flclash-rust-v2rayn/apps/desktop/test/fix03b_custom_browse_test.dart: ... editor Browse outbound empty remarks gets the outbound prefix
04:16 +718 ~2: C:/Users/Colby/Documents/Codex/2026-10-01/v2rayn-flclash-rust-v2rayn/apps/desktop/test/fix03b_custom_browse_test.dart: ... editor Browse outbound empty remarks gets the outbound prefix
04:16 +719 ~2: C:/Users/Colby/Documents/Codex/2026-10-01/v2rayn-flclash-rust-v2rayn/apps/desktop/test/fix03b_custom_browse_test.dart: ... editor Browse outbound empty remarks gets the outbound prefix
04:16 +720 ~2: C:/Users/Colby/Documents/Codex/2026-10-01/v2rayn-flclash-rust-v2rayn/apps/desktop/test/fix03b_custom_browse_test.dart: ... editor Browse outbound empty remarks gets the outbound prefix
04:17 +720 ~2: C:/Users/Colby/Documents/Codex/2026-10-01/v2rayn-flclash-rust-v2rayn/apps/desktop/test/fix03b_custom_browse_test.dart: ... editor Browse outbound empty remarks gets the outbound prefix
04:18 +720 ~2: C:/Users/Colby/Documents/Codex/2026-10-01/v2rayn-flclash-rust-v2rayn/apps/desktop/test/fix03b_custom_browse_test.dart: ... editor Browse outbound empty remarks gets the outbound prefix
04:19 +720 ~2: C:/Users/Colby/Documents/Codex/2026-10-01/v2rayn-flclash-rust-v2rayn/apps/desktop/test/fix03b_custom_browse_test.dart: ... editor Browse outbound empty remarks gets the outbound prefix
04:19 +721 ~2: C:/Users/Colby/Documents/Codex/2026-10-01/v2rayn-flclash-rust-v2rayn/apps/desktop/test/fix03b_custom_browse_test.dart: ... editor Browse outbound empty remarks gets the outbound prefix
04:19 +722 ~2: C:/Users/Colby/Documents/Codex/2026-10-01/v2rayn-flclash-rust-v2rayn/apps/desktop/test/fix03b_custom_browse_test.dart: ... editor Browse outbound empty remarks gets the outbound prefix
04:19 +723 ~2: C:/Users/Colby/Documents/Codex/2026-10-01/v2rayn-flclash-rust-v2rayn/apps/desktop/test/fix03b_custom_browse_test.dart: ... editor Browse outbound empty remarks gets the outbound prefix
04:19 +724 ~2: C:/Users/Colby/Documents/Codex/2026-10-01/v2rayn-flclash-rust-v2rayn/apps/desktop/test/fix03b_custom_browse_test.dart: ... editor Browse outbound empty remarks gets the outbound prefix
04:19 +725 ~2: C:/Users/Colby/Documents/Codex/2026-10-01/v2rayn-flclash-rust-v2rayn/apps/desktop/test/fix03b_custom_browse_test.dart: ... editor Browse outbound empty remarks gets the outbound prefix
04:19 +725 ~2: C:/Users/Colby/Documents/Codex/2026-10-01/v2rayn-flclash-rust-v2rayn/apps/desktop/test/t21e_import_forms_test.dart: uppercase scheme probe (recorded, no parity claim)                  
uppercase scheme ok=false code=E_INVALID_ARGUMENT

04:19 +726 ~2: C:/Users/Colby/Documents/Codex/2026-10-01/v2rayn-flclash-rust-v2rayn/apps/desktop/test/fix03b_custom_browse_test.dart: ... editor Browse outbound empty remarks gets the outbound prefix
04:20 +726 ~2: C:/Users/Colby/Documents/Codex/2026-10-01/v2rayn-flclash-rust-v2rayn/apps/desktop/test/fix03b_custom_browse_test.dart: ... editor Browse outbound empty remarks gets the outbound prefix
04:20 +727 ~2: C:/Users/Colby/Documents/Codex/2026-10-01/v2rayn-flclash-rust-v2rayn/apps/desktop/test/fix03b_custom_browse_test.dart: ... editor Browse outbound empty remarks gets the outbound prefix
04:20 +728 ~2: C:/Users/Colby/Documents/Codex/2026-10-01/v2rayn-flclash-rust-v2rayn/apps/desktop/test/fix03b_custom_browse_test.dart: ... editor Browse outbound empty remarks gets the outbound prefix
04:20 +729 ~2: C:/Users/Colby/Documents/Codex/2026-10-01/v2rayn-flclash-rust-v2rayn/apps/desktop/test/fix03b_custom_browse_test.dart: ... editor Browse outbound empty remarks gets the outbound prefix
04:20 +730 ~2: C:/Users/Colby/Documents/Codex/2026-10-01/v2rayn-flclash-rust-v2rayn/apps/desktop/test/fix03b_custom_browse_test.dart: ... editor Browse outbound empty remarks gets the outbound prefix
04:20 +731 ~2: C:/Users/Colby/Documents/Codex/2026-10-01/v2rayn-flclash-rust-v2rayn/apps/desktop/test/fix03b_custom_browse_test.dart: ... editor Browse outbound empty remarks gets the outbound prefix
04:20 +732 ~2: C:/Users/Colby/Documents/Codex/2026-10-01/v2rayn-flclash-rust-v2rayn/apps/desktop/test/fix03b_custom_browse_test.dart: ... editor Browse outbound empty remarks gets the outbound prefix
04:21 +732 ~2: C:/Users/Colby/Documents/Codex/2026-10-01/v2rayn-flclash-rust-v2rayn/apps/desktop/test/fix03b_custom_browse_test.dart: ... editor Browse outbound empty remarks gets the outbound prefix
04:21 +733 ~2: C:/Users/Colby/Documents/Codex/2026-10-01/v2rayn-flclash-rust-v2rayn/apps/desktop/test/fix03b_custom_browse_test.dart: ... editor Browse outbound empty remarks gets the outbound prefix
04:21 +734 ~2: C:/Users/Colby/Documents/Codex/2026-10-01/v2rayn-flclash-rust-v2rayn/apps/desktop/test/fix03b_custom_browse_test.dart: ... editor Browse outbound empty remarks gets the outbound prefix
04:22 +734 ~2: C:/Users/Colby/Documents/Codex/2026-10-01/v2rayn-flclash-rust-v2rayn/apps/desktop/test/fix03b_custom_browse_test.dart: ... editor Browse outbound empty remarks gets the outbound prefix
04:22 +735 ~2: C:/Users/Colby/Documents/Codex/2026-10-01/v2rayn-flclash-rust-v2rayn/apps/desktop/test/fix03b_custom_browse_test.dart: ... editor Browse outbound empty remarks gets the outbound prefix
04:23 +735 ~2: C:/Users/Colby/Documents/Codex/2026-10-01/v2rayn-flclash-rust-v2rayn/apps/desktop/test/fix03b_custom_browse_test.dart: ... editor Browse outbound empty remarks gets the outbound prefix
04:23 +736 ~2: C:/Users/Colby/Documents/Codex/2026-10-01/v2rayn-flclash-rust-v2rayn/apps/desktop/test/fix03b_custom_browse_test.dart: ... editor Browse outbound empty remarks gets the outbound prefix
04:23 +737 ~2: C:/Users/Colby/Documents/Codex/2026-10-01/v2rayn-flclash-rust-v2rayn/apps/desktop/test/fix03b_custom_browse_test.dart: ... editor Browse outbound empty remarks gets the outbound prefix
04:23 +738 ~2: C:/Users/Colby/Documents/Codex/2026-10-01/v2rayn-flclash-rust-v2rayn/apps/desktop/test/fix03b_custom_browse_test.dart: ... editor Browse outbound empty remarks gets the outbound prefix
04:23 +739 ~2: C:/Users/Colby/Documents/Codex/2026-10-01/v2rayn-flclash-rust-v2rayn/apps/desktop/test/fix03b_custom_browse_test.dart: ... editor Browse outbound empty remarks gets the outbound prefix
04:23 +740 ~2: C:/Users/Colby/Documents/Codex/2026-10-01/v2rayn-flclash-rust-v2rayn/apps/desktop/test/fix03b_custom_browse_test.dart: ... editor Browse outbound empty remarks gets the outbound prefix
04:23 +741 ~2: C:/Users/Colby/Documents/Codex/2026-10-01/v2rayn-flclash-rust-v2rayn/apps/desktop/test/fix03b_custom_browse_test.dart: ... editor Browse outbound empty remarks gets the outbound prefix
04:23 +742 ~2: C:/Users/Colby/Documents/Codex/2026-10-01/v2rayn-flclash-rust-v2rayn/apps/desktop/test/fix03b_custom_browse_test.dart: ... editor Browse outbound empty remarks gets the outbound prefix
04:23 +743 ~2: C:/Users/Colby/Documents/Codex/2026-10-01/v2rayn-flclash-rust-v2rayn/apps/desktop/test/fix03b_custom_browse_test.dart: ... editor Browse outbound empty remarks gets the outbound prefix
04:23 +744 ~2: C:/Users/Colby/Documents/Codex/2026-10-01/v2rayn-flclash-rust-v2rayn/apps/desktop/test/fix03b_custom_browse_test.dart: ... editor Browse outbound empty remarks gets the outbound prefix
04:24 +744 ~2: C:/Users/Colby/Documents/Codex/2026-10-01/v2rayn-flclash-rust-v2rayn/apps/desktop/test/fix03b_custom_browse_test.dart: ... editor Browse outbound empty remarks gets the outbound prefix
04:25 +744 ~2: C:/Users/Colby/Documents/Codex/2026-10-01/v2rayn-flclash-rust-v2rayn/apps/desktop/test/fix03b_custom_browse_test.dart: ... editor Browse outbound empty remarks gets the outbound prefix
04:25 +745 ~2: C:/Users/Colby/Documents/Codex/2026-10-01/v2rayn-flclash-rust-v2rayn/apps/desktop/test/fix03b_custom_browse_test.dart: ... editor Browse outbound empty remarks gets the outbound prefix
04:26 +745 ~2: C:/Users/Colby/Documents/Codex/2026-10-01/v2rayn-flclash-rust-v2rayn/apps/desktop/test/fix03b_custom_browse_test.dart: ... editor Browse outbound empty remarks gets the outbound prefix
04:27 +745 ~2: C:/Users/Colby/Documents/Codex/2026-10-01/v2rayn-flclash-rust-v2rayn/apps/desktop/test/fix03b_custom_browse_test.dart: ... editor Browse outbound empty remarks gets the outbound prefix
04:27 +746 ~2: C:/Users/Colby/Documents/Codex/2026-10-01/v2rayn-flclash-rust-v2rayn/apps/desktop/test/fix03b_custom_browse_test.dart: ... editor Browse outbound empty remarks gets the outbound prefix
04:28 +746 ~2: C:/Users/Colby/Documents/Codex/2026-10-01/v2rayn-flclash-rust-v2rayn/apps/desktop/test/fix03b_custom_browse_test.dart: ... editor Browse outbound empty remarks gets the outbound prefix
04:28 +747 ~2: C:/Users/Colby/Documents/Codex/2026-10-01/v2rayn-flclash-rust-v2rayn/apps/desktop/test/fix03b_custom_browse_test.dart: ... editor Browse outbound empty remarks gets the outbound prefix
04:28 +748 ~2: C:/Users/Colby/Documents/Codex/2026-10-01/v2rayn-flclash-rust-v2rayn/apps/desktop/test/fix03b_custom_browse_test.dart: ... editor Browse outbound empty remarks gets the outbound prefix
04:29 +748 ~2: C:/Users/Colby/Documents/Codex/2026-10-01/v2rayn-flclash-rust-v2rayn/apps/desktop/test/fix03b_custom_browse_test.dart: ... editor Browse outbound empty remarks gets the outbound prefix
04:29 +749 ~2: C:/Users/Colby/Documents/Codex/2026-10-01/v2rayn-flclash-rust-v2rayn/apps/desktop/test/fix03b_custom_browse_test.dart: ... editor Browse outbound empty remarks gets the outbound prefix
04:30 +749 ~2: C:/Users/Colby/Documents/Codex/2026-10-01/v2rayn-flclash-rust-v2rayn/apps/desktop/test/fix03b_custom_browse_test.dart: ... editor Browse outbound empty remarks gets the outbound prefix
04:30 +750 ~2: C:/Users/Colby/Documents/Codex/2026-10-01/v2rayn-flclash-rust-v2rayn/apps/desktop/test/fix03b_custom_browse_test.dart: ... editor Browse outbound empty remarks gets the outbound prefix
04:30 +751 ~2: C:/Users/Colby/Documents/Codex/2026-10-01/v2rayn-flclash-rust-v2rayn/apps/desktop/test/fix03b_custom_browse_test.dart: ... editor Browse outbound empty remarks gets the outbound prefix
04:31 +751 ~2: C:/Users/Colby/Documents/Codex/2026-10-01/v2rayn-flclash-rust-v2rayn/apps/desktop/test/fix03b_custom_browse_test.dart: ... editor Browse outbound empty remarks gets the outbound prefix
04:31 +752 ~2: C:/Users/Colby/Documents/Codex/2026-10-01/v2rayn-flclash-rust-v2rayn/apps/desktop/test/fix03b_custom_browse_test.dart: ... editor Browse outbound empty remarks gets the outbound prefix
04:31 +753 ~2: C:/Users/Colby/Documents/Codex/2026-10-01/v2rayn-flclash-rust-v2rayn/apps/desktop/test/fix03b_custom_browse_test.dart: ... editor Browse outbound empty remarks gets the outbound prefix
04:31 +754 ~2: C:/Users/Colby/Documents/Codex/2026-10-01/v2rayn-flclash-rust-v2rayn/apps/desktop/test/fix03b_custom_browse_test.dart: ... editor Browse outbound empty remarks gets the outbound prefix
04:31 +755 ~2: C:/Users/Colby/Documents/Codex/2026-10-01/v2rayn-flclash-rust-v2rayn/apps/desktop/test/fix03b_custom_browse_test.dart: ... editor Browse outbound empty remarks gets the outbound prefix
04:32 +755 ~2: C:/Users/Colby/Documents/Codex/2026-10-01/v2rayn-flclash-rust-v2rayn/apps/desktop/test/fix03b_custom_browse_test.dart: ... editor Browse outbound empty remarks gets the outbound prefix
04:33 +755 ~2: C:/Users/Colby/Documents/Codex/2026-10-01/v2rayn-flclash-rust-v2rayn/apps/desktop/test/fix03b_custom_browse_test.dart: ... editor Browse outbound empty remarks gets the outbound prefix
04:34 +755 ~2: C:/Users/Colby/Documents/Codex/2026-10-01/v2rayn-flclash-rust-v2rayn/apps/desktop/test/fix03b_custom_browse_test.dart: ... editor Browse outbound empty remarks gets the outbound prefix
04:35 +755 ~2: C:/Users/Colby/Documents/Codex/2026-10-01/v2rayn-flclash-rust-v2rayn/apps/desktop/test/fix03b_custom_browse_test.dart: ... editor Browse outbound empty remarks gets the outbound prefix
04:35 +756 ~2: C:/Users/Colby/Documents/Codex/2026-10-01/v2rayn-flclash-rust-v2rayn/apps/desktop/test/fix03b_custom_browse_test.dart: ... editor Browse outbound empty remarks gets the outbound prefix
04:36 +756 ~2: C:/Users/Colby/Documents/Codex/2026-10-01/v2rayn-flclash-rust-v2rayn/apps/desktop/test/fix03b_custom_browse_test.dart: ... editor Browse outbound empty remarks gets the outbound prefix
04:36 +757 ~2: C:/Users/Colby/Documents/Codex/2026-10-01/v2rayn-flclash-rust-v2rayn/apps/desktop/test/fix03b_custom_browse_test.dart: ... editor Browse outbound empty remarks gets the outbound prefix
04:36 +758 ~2: C:/Users/Colby/Documents/Codex/2026-10-01/v2rayn-flclash-rust-v2rayn/apps/desktop/test/fix03b_custom_browse_test.dart: ... editor Browse outbound empty remarks gets the outbound prefix
04:36 +759 ~2: C:/Users/Colby/Documents/Codex/2026-10-01/v2rayn-flclash-rust-v2rayn/apps/desktop/test/fix03b_custom_browse_test.dart: ... editor Browse outbound empty remarks gets the outbound prefix
04:37 +759 ~2: C:/Users/Colby/Documents/Codex/2026-10-01/v2rayn-flclash-rust-v2rayn/apps/desktop/test/fix03b_custom_browse_test.dart: ... editor Browse outbound empty remarks gets the outbound prefix
04:37 +760 ~2: C:/Users/Colby/Documents/Codex/2026-10-01/v2rayn-flclash-rust-v2rayn/apps/desktop/test/fix03b_custom_browse_test.dart: ... editor Browse outbound empty remarks gets the outbound prefix
04:37 +761 ~2: C:/Users/Colby/Documents/Codex/2026-10-01/v2rayn-flclash-rust-v2rayn/apps/desktop/test/fix03b_custom_browse_test.dart: ... editor Browse outbound empty remarks gets the outbound prefix
04:37 +762 ~2: C:/Users/Colby/Documents/Codex/2026-10-01/v2rayn-flclash-rust-v2rayn/apps/desktop/test/fix03b_custom_browse_test.dart: ... editor Browse outbound empty remarks gets the outbound prefix
04:37 +763 ~2: C:/Users/Colby/Documents/Codex/2026-10-01/v2rayn-flclash-rust-v2rayn/apps/desktop/test/fix03b_custom_browse_test.dart: ... editor Browse outbound empty remarks gets the outbound prefix
04:37 +764 ~2: C:/Users/Colby/Documents/Codex/2026-10-01/v2rayn-flclash-rust-v2rayn/apps/desktop/test/fix03b_custom_browse_test.dart: ... editor Browse outbound empty remarks gets the outbound prefix
04:38 +764 ~2: C:/Users/Colby/Documents/Codex/2026-10-01/v2rayn-flclash-rust-v2rayn/apps/desktop/test/fix03b_custom_browse_test.dart: ... editor Browse outbound empty remarks gets the outbound prefix
04:38 +765 ~2: C:/Users/Colby/Documents/Codex/2026-10-01/v2rayn-flclash-rust-v2rayn/apps/desktop/test/fix03b_custom_browse_test.dart: ... editor Browse outbound empty remarks gets the outbound prefix
04:38 +766 ~2: C:/Users/Colby/Documents/Codex/2026-10-01/v2rayn-flclash-rust-v2rayn/apps/desktop/test/fix03b_custom_browse_test.dart: ... editor Browse outbound empty remarks gets the outbound prefix
04:38 +767 ~2: C:/Users/Colby/Documents/Codex/2026-10-01/v2rayn-flclash-rust-v2rayn/apps/desktop/test/fix03b_custom_browse_test.dart: ... editor Browse outbound empty remarks gets the outbound prefix
04:39 +767 ~2: C:/Users/Colby/Documents/Codex/2026-10-01/v2rayn-flclash-rust-v2rayn/apps/desktop/test/fix03b_custom_browse_test.dart: ... editor Browse outbound empty remarks gets the outbound prefix
04:39 +768 ~2: C:/Users/Colby/Documents/Codex/2026-10-01/v2rayn-flclash-rust-v2rayn/apps/desktop/test/fix03b_custom_browse_test.dart: ... editor Browse outbound empty remarks gets the outbound prefix
04:39 +768 ~2: C:/Users/Colby/Documents/Codex/2026-10-01/v2rayn-flclash-rust-v2rayn/apps/desktop/test/fix03b_custom_browse_test.dart: custom editor Browse outbound empty remarks gets the outbound prefix - did not complete [E]

04:39 +768 ~2: C:/Users/Colby/Documents/Codex/2026-10-01/v2rayn-flclash-rust-v2rayn/apps/desktop/test/fix03b_custom_browse_test.dart: custom editor Browse cancelled picker leaves the draft untouched - did not complete [E]

04:39 +768 ~2: C:/Users/Colby/Documents/Codex/2026-10-01/v2rayn-flclash-rust-v2rayn/apps/desktop/test/fix03b_custom_browse_test.dart: custom editor Browse failed import keeps Address and shows a file error - did not complete [E]

04:39 +768 ~2: C:/Users/Colby/Documents/Codex/2026-10-01/v2rayn-flclash-rust-v2rayn/apps/desktop/test/fix03b_custom_browse_test.dart: custom editor Browse non-empty remarks are not overwritten on browse - did not complete [E]

04:39 +768 ~2: C:/Users/Colby/Documents/Codex/2026-10-01/v2rayn-flclash-rust-v2rayn/apps/desktop/test/fix03b_custom_browse_test.dart: custom editor Edit relative Address resolves under dataDir/config - did not complete [E]

04:39 +768 ~2: C:/Users/Colby/Documents/Codex/2026-10-01/v2rayn-flclash-rust-v2rayn/apps/desktop/test/fix03b_custom_browse_test.dart: custom editor Edit absolute Address is opened directly - did not complete [E]

04:39 +768 ~2: C:/Users/Colby/Documents/Codex/2026-10-01/v2rayn-flclash-rust-v2rayn/apps/desktop/test/fix03b_custom_browse_test.dart: custom editor Edit missing file shows an explicit error - did not complete [E]

04:39 +768 ~2: C:/Users/Colby/Documents/Codex/2026-10-01/v2rayn-flclash-rust-v2rayn/apps/desktop/test/fix03b_custom_browse_test.dart: custom editor Edit empty Address is rejected before opening - did not complete [E]

04:39 +768 ~2: C:/Users/Colby/Documents/Codex/2026-10-01/v2rayn-flclash-rust-v2rayn/apps/desktop/test/fix08c_routing_draft_test.dart: import failure keeps the draft; success enters it - did not complete [E]

04:39 +768 ~2: C:/Users/Colby/Documents/Codex/2026-10-01/v2rayn-flclash-rust-v2rayn/apps/desktop/test/fix08c_routing_draft_test.dart: deleting rules asks for confirmation; cancel keeps the draft - did not complete [E]

04:39 +768 ~2: C:/Users/Colby/Documents/Codex/2026-10-01/v2rayn-flclash-rust-v2rayn/apps/desktop/test/fix08c_routing_draft_test.dart: outbound selector excludes Custom profiles - did not complete [E]

04:39 +768 ~2: C:/Users/Colby/Documents/Codex/2026-10-01/v2rayn-flclash-rust-v2rayn/apps/desktop/test/fix16b_settings_source_test.dart: FIX-16B: source URLs save then reopen - did not complete [E]   

04:39 +768 ~2: C:/Users/Colby/Documents/Codex/2026-10-01/v2rayn-flclash-rust-v2rayn/apps/desktop/test/fix16_settings_field_test.dart: FIX-16: save then reopen restores HWA/cert/language - did not complete [E]

04:39 +768 ~2: C:/Users/Colby/Documents/Codex/2026-10-01/v2rayn-flclash-rust-v2rayn/apps/desktop/test/profiles_drag_scroll_up_test.dart: drag back above the top edge scrolls up to the first row - did not complete [E]

04:39 +768 ~2: C:/Users/Colby/Documents/Codex/2026-10-01/v2rayn-flclash-rust-v2rayn/apps/desktop/test/r3_visual_dpi_windows_test.dart: settings/routing windows survive the 100-200% DPI matrix - did not complete [E]

04:39 +768 ~2: C:/Users/Colby/Documents/Codex/2026-10-01/v2rayn-flclash-rust-v2rayn/apps/desktop/test/r4_07_contract_test.dart: context menu lifecycle and captured target - did not complete [E]      

04:39 +768 ~2: C:/Users/Colby/Documents/Codex/2026-10-01/v2rayn-flclash-rust-v2rayn/apps/desktop/test/r4_15_contract_test.dart: R4-15/D17: normal save (applyAfter=false) triggers the upstream reload - did not complete [E]

04:39 +768 ~2: C:/Users/Colby/Documents/Codex/2026-10-01/v2rayn-flclash-rust-v2rayn/apps/desktop/test/r4_15_contract_test.dart: R4-15: failed save keeps the window open, writes nothing, no reload - did not complete [E]

04:39 +768 ~2: C:/Users/Colby/Documents/Codex/2026-10-01/v2rayn-flclash-rust-v2rayn/apps/desktop/test/r4_15_contract_test.dart: R4-15: cancel persists nothing and does not reload - did not complete [E]

04:39 +768 ~2: C:/Users/Colby/Documents/Codex/2026-10-01/v2rayn-flclash-rust-v2rayn/apps/desktop/test/r4_15_contract_test.dart: R4-15: a toggled boolean draft survives repeated preset refreshes - did not complete [E]

04:39 +768 ~2: C:/Users/Colby/Documents/Codex/2026-10-01/v2rayn-flclash-rust-v2rayn/apps/desktop/test/r4_18_p03_contract_test.dart: R4-18.P03 cancel writes nothing - did not complete [E]             

04:39 +768 ~2: C:/Users/Colby/Documents/Codex/2026-10-01/v2rayn-flclash-rust-v2rayn/apps/desktop/test/recheck_r3_prof04_dedup_widget_test.dart: dedup re-picks the active node and reports delete failure - did not complete [E]

04:39 +768 ~2: C:/Users/Colby/Documents/Codex/2026-10-01/v2rayn-flclash-rust-v2rayn/apps/desktop/test/reprof10_group_preview_test.dart: cancel after a changed preview persists nothing - did not complete [E]

04:39 +768 ~2: C:/Users/Colby/Documents/Codex/2026-10-01/v2rayn-flclash-rust-v2rayn/apps/desktop/test/reprof10_group_preview_test.dart: a new group previews a child before it is saved - did not complete [E]

04:39 +768 ~2: C:/Users/Colby/Documents/Codex/2026-10-01/v2rayn-flclash-rust-v2rayn/apps/desktop/test/reprof10_group_preview_test.dart: subscription children are filtered by the draft remarks regex - did not complete [E]

04:39 +768 ~2: C:/Users/Colby/Documents/Codex/2026-10-01/v2rayn-flclash-rust-v2rayn/apps/desktop/test/reprof10_group_preview_test.dart: chain draft reorder is reflected by the refresh preview - did not complete [E]

04:39 +768 ~2: C:/Users/Colby/Documents/Codex/2026-10-01/v2rayn-flclash-rust-v2rayn/apps/desktop/test/re_prof_07_fields_test.dart: save returns muxEnabled/finalmask unchanged (reopen roundtrip) - did not complete [E]

04:39 +768 ~2: C:/Users/Colby/Documents/Codex/2026-10-01/v2rayn-flclash-rust-v2rayn/apps/desktop/test/re_prof_07_fields_test.dart: cancel never calls onSave - did not complete [E]                    

04:39 +768 ~2: C:/Users/Colby/Documents/Codex/2026-10-01/v2rayn-flclash-rust-v2rayn/apps/desktop/test/re_prof_08_export_udp_test.dart: file export cancel writes nothing - did not complete [E]        

04:39 +768 ~2: C:/Users/Colby/Documents/Codex/2026-10-01/v2rayn-flclash-rust-v2rayn/apps/desktop/test/re_prof_08_export_udp_test.dart: file export success writes the generated text - did not complete [E]

04:39 +768 ~2: C:/Users/Colby/Documents/Codex/2026-10-01/v2rayn-flclash-rust-v2rayn/apps/desktop/test/re_prof_08_export_udp_test.dart: file export reports a write failure - did not complete [E]      

04:39 +768 ~2: C:/Users/Colby/Documents/Codex/2026-10-01/v2rayn-flclash-rust-v2rayn/apps/desktop/test/re_prof_08_export_udp_test.dart: udp test is gated by the runtime support flag - did not complete [E]

04:39 +768 ~2: C:/Users/Colby/Documents/Codex/2026-10-01/v2rayn-flclash-rust-v2rayn/apps/desktop/test/re_prof_14_autofit_test.dart: autofit measures content and persists new column widths - did not complete [E]

04:39 +768 ~2: C:/Users/Colby/Documents/Codex/2026-10-01/v2rayn-flclash-rust-v2rayn/apps/desktop/test/re_prof_14_drag_enabled_test.dart: drag-reorder is registered when the setting is true - did not complete [E]

04:39 +768 ~2: C:/Users/Colby/Documents/Codex/2026-10-01/v2rayn-flclash-rust-v2rayn/apps/desktop/test/t05_shell_chrome_test.dart: shell chrome: status bar, menu, three layouts, split persistence - did not complete [E]

04:39 +768 ~2: C:/Users/Colby/Documents/Codex/2026-10-01/v2rayn-flclash-rust-v2rayn/apps/desktop/test/t10_groups_panel_test.dart: group filter compares sub ids, not display remarks - did not complete [E]

04:39 +768 ~2: C:/Users/Colby/Documents/Codex/2026-10-01/v2rayn-flclash-rust-v2rayn/apps/desktop/test/t12a_option_window_test.dart: option window: 5 upstream tabs, linkage, retained sections, cancel - did not complete [E]

04:39 +768 ~2: C:/Users/Colby/Documents/Codex/2026-10-01/v2rayn-flclash-rust-v2rayn/apps/desktop/test/t16_backup_test.dart: local backup calls the real bridge and reports the result - did not complete [E]

04:39 +768 ~2: C:/Users/Colby/Documents/Codex/2026-10-01/v2rayn-flclash-rust-v2rayn/apps/desktop/test/t16_backup_test.dart: restore validates first and surfaces a structured error - did not complete [E]

04:39 +768 ~2: C:/Users/Colby/Documents/Codex/2026-10-01/v2rayn-flclash-rust-v2rayn/apps/desktop/test/t16_backup_test.dart: import upstream ZIP reports the candidate-flow summary - did not complete [E]

04:39 +768 ~2: C:/Users/Colby/Documents/Codex/2026-10-01/v2rayn-flclash-rust-v2rayn/apps/desktop/test/t16_backup_test.dart: WebDAV check failure is shown without credentials - did not complete [E]   

04:39 +768 ~2: C:/Users/Colby/Documents/Codex/2026-10-01/v2rayn-flclash-rust-v2rayn/apps/desktop/test/t16_backup_test.dart: WebDAV remote backup uploads through the bridge - did not complete [E]     

04:39 +768 ~2: C:/Users/Colby/Documents/Codex/2026-10-01/v2rayn-flclash-rust-v2rayn/apps/desktop/test/t16_backup_test.dart: cleanup and open-directory actions route through the bridge - did not complete [E]

04:39 +768 ~2: C:/Users/Colby/Documents/Codex/2026-10-01/v2rayn-flclash-rust-v2rayn/apps/desktop/test/t17_disabled_entry_test.dart: preserved-only top-level entry is disabled with a tooltip - did not complete [E]

04:39 +768 ~2: C:/Users/Colby/Documents/Codex/2026-10-01/v2rayn-flclash-rust-v2rayn/apps/desktop/test/t17_disabled_entry_test.dart: wired 浠ョ鐞嗗憳韬唤閲嶅惎 entry is enabled - did not complete [E]             

04:39 +768 ~2: C:/Users/Colby/Documents/Codex/2026-10-01/v2rayn-flclash-rust-v2rayn/apps/desktop/test/t18b_runtime_ui_test.dart: apply button drives the real plan; rev mismatch shows 鏈簲鐢?- did not complete [E]

04:39 +768 ~2: C:/Users/Colby/Documents/Codex/2026-10-01/v2rayn-flclash-rust-v2rayn/apps/desktop/test/t18b_runtime_ui_test.dart: failed apply keeps the structured error on screen - did not complete [E]

04:39 +768 ~2: C:/Users/Colby/Documents/Codex/2026-10-01/v2rayn-flclash-rust-v2rayn/apps/desktop/test/t18b_runtime_ui_test.dart: hasUnappliedChanges is true only on a real mismatch - did not complete [E]

04:39 +768 ~2: C:/Users/Colby/Documents/Codex/2026-10-01/v2rayn-flclash-rust-v2rayn/apps/desktop/test/ux_space01_entries_test.dart: restored top entries are reachable and 30x30 - did not complete [E]

04:39 +768 ~2: Some tests failed.                                                                                                                                                                      
