00:00 +0: loading C:/Users/Colby/Documents/Codex/2026-10-01/v2rayn-flclash-rust-v2rayn/apps/desktop/test/context_menu_model_test.dart
00:00 +0: C:/Users/Colby/Documents/Codex/2026-10-01/v2rayn-flclash-rust-v2rayn/apps/desktop/test/context_menu_model_test.dart: context menu entries match LAY-PROFILES-004 / ACT-PROF-*
00:00 +1: C:/Users/Colby/Documents/Codex/2026-10-01/v2rayn-flclash-rust-v2rayn/apps/desktop/test/context_menu_model_test.dart: restores the frozen upstream 17-root / 4-separator structure
00:00 +2: loading C:/Users/Colby/Documents/Codex/2026-10-01/v2rayn-flclash-rust-v2rayn/apps/desktop/test/context_menu_move_test.dart
00:01 +2: C:/Users/Colby/Documents/Codex/2026-10-01/v2rayn-flclash-rust-v2rayn/apps/desktop/test/context_menu_move_test.dart: move-to-group rewrites subid through the real save path
00:01 +3: C:/Users/Colby/Documents/Codex/2026-10-01/v2rayn-flclash-rust-v2rayn/apps/desktop/test/context_menu_move_test.dart: move-to-group to no-group clears subid
00:01 +4: C:/Users/Colby/Documents/Codex/2026-10-01/v2rayn-flclash-rust-v2rayn/apps/desktop/test/context_menu_move_test.dart: move-to-group reports failure when a target vanished
00:01 +5: loading C:/Users/Colby/Documents/Codex/2026-10-01/v2rayn-flclash-rust-v2rayn/apps/desktop/test/fix02_tuic_editor_test.dart
00:01 +5: C:/Users/Colby/Documents/Codex/2026-10-01/v2rayn-flclash-rust-v2rayn/apps/desktop/test/fix02_tuic_editor_test.dart: TUIC exposes distinct UUID (username) and password fields
00:02 +6: C:/Users/Colby/Documents/Codex/2026-10-01/v2rayn-flclash-rust-v2rayn/apps/desktop/test/fix02_tuic_editor_test.dart: TUIC save keeps UUID and password separate across reopen
00:02 +7: C:/Users/Colby/Documents/Codex/2026-10-01/v2rayn-flclash-rust-v2rayn/apps/desktop/test/fix02_tuic_editor_test.dart: TUIC UUID must be a UUID; password must be non-empty
00:03 +8: C:/Users/Colby/Documents/Codex/2026-10-01/v2rayn-flclash-rust-v2rayn/apps/desktop/test/fix02_tuic_editor_test.dart: selecting Reality reveals its fields without reopening
00:03 +9: C:/Users/Colby/Documents/Codex/2026-10-01/v2rayn-flclash-rust-v2rayn/apps/desktop/test/fix02_tuic_editor_test.dart: unknown dropdown value falls back instead of asserting
00:03 +10: C:/Users/Colby/Documents/Codex/2026-10-01/v2rayn-flclash-rust-v2rayn/apps/desktop/test/fix02_tuic_editor_test.dart: Fingerprint candidates include randomized and empty
00:03 +11: C:/Users/Colby/Documents/Codex/2026-10-01/v2rayn-flclash-rust-v2rayn/apps/desktop/test/fix02_tuic_editor_test.dart: VLESS encryption is an editable text field
00:03 +12: C:/Users/Colby/Documents/Codex/2026-10-01/v2rayn-flclash-rust-v2rayn/apps/desktop/test/fix02_tuic_editor_test.dart: remarks-only save does not reset security/transport values
00:04 +13: C:/Users/Colby/Documents/Codex/2026-10-01/v2rayn-flclash-rust-v2rayn/apps/desktop/test/fix02_tuic_editor_test.dart: UUID generate button fills the UUID field
00:04 +14: C:/Users/Colby/Documents/Codex/2026-10-01/v2rayn-flclash-rust-v2rayn/apps/desktop/test/fix02_tuic_editor_test.dart: Cert SHA-256 helpers parse PEM chains deterministically
00:04 +15: C:/Users/Colby/Documents/Codex/2026-10-01/v2rayn-flclash-rust-v2rayn/apps/desktop/test/fix02_tuic_editor_test.dart: editing Cert auto-derives CertSha on save
00:04 +16: loading C:/Users/Colby/Documents/Codex/2026-10-01/v2rayn-flclash-rust-v2rayn/apps/desktop/test/fix03b_custom_browse_test.dart
00:04 +16: C:/Users/Colby/Documents/Codex/2026-10-01/v2rayn-flclash-rust-v2rayn/apps/desktop/test/fix03b_custom_browse_test.dart: resolveCustomConfigPath absolute path is used as-is
00:04 +17: C:/Users/Colby/Documents/Codex/2026-10-01/v2rayn-flclash-rust-v2rayn/apps/desktop/test/fix03b_custom_browse_test.dart: resolveCustomConfigPath relative name joins dataDir/config
00:04 +18: C:/Users/Colby/Documents/Codex/2026-10-01/v2rayn-flclash-rust-v2rayn/apps/desktop/test/fix03b_custom_browse_test.dart: defaultCustomRemarks matches upstream custom/outbound prefixes
00:04 +19: C:/Users/Colby/Documents/Codex/2026-10-01/v2rayn-flclash-rust-v2rayn/apps/desktop/test/fix03b_custom_browse_test.dart: SyntheticBridgePort custom seam records source and returns a stored name with the extension
00:04 +20: C:/Users/Colby/Documents/Codex/2026-10-01/v2rayn-flclash-rust-v2rayn/apps/desktop/test/fix03b_custom_browse_test.dart: SyntheticBridgePort custom seam reports a structured failure when forced
00:04 +21: C:/Users/Colby/Documents/Codex/2026-10-01/v2rayn-flclash-rust-v2rayn/apps/desktop/test/fix03b_custom_browse_test.dart: custom editor Browse copies the picked file and rewrites Address
00:05 +22: C:/Users/Colby/Documents/Codex/2026-10-01/v2rayn-flclash-rust-v2rayn/apps/desktop/test/fix03b_custom_browse_test.dart: custom editor Browse outbound empty remarks gets the outbound prefix
00:07 +23: C:/Users/Colby/Documents/Codex/2026-10-01/v2rayn-flclash-rust-v2rayn/apps/desktop/test/fix03b_custom_browse_test.dart: custom editor Browse outbound empty remarks gets the outbound prefix
00:07 +24: C:/Users/Colby/Documents/Codex/2026-10-01/v2rayn-flclash-rust-v2rayn/apps/desktop/test/fix03b_custom_browse_test.dart: custom editor Browse outbound empty remarks gets the outbound prefix
00:07 +25: C:/Users/Colby/Documents/Codex/2026-10-01/v2rayn-flclash-rust-v2rayn/apps/desktop/test/fix03b_custom_browse_test.dart: custom editor Browse outbound empty remarks gets the outbound prefix
00:07 +26: C:/Users/Colby/Documents/Codex/2026-10-01/v2rayn-flclash-rust-v2rayn/apps/desktop/test/fix03b_custom_browse_test.dart: custom editor Browse outbound empty remarks gets the outbound prefix
00:08 +27: C:/Users/Colby/Documents/Codex/2026-10-01/v2rayn-flclash-rust-v2rayn/apps/desktop/test/fix03b_custom_browse_test.dart: custom editor Browse outbound empty remarks gets the outbound prefix
00:08 +28: C:/Users/Colby/Documents/Codex/2026-10-01/v2rayn-flclash-rust-v2rayn/apps/desktop/test/fix03b_custom_browse_test.dart: custom editor Browse outbound empty remarks gets the outbound prefix
00:08 +29: C:/Users/Colby/Documents/Codex/2026-10-01/v2rayn-flclash-rust-v2rayn/apps/desktop/test/fix03b_custom_browse_test.dart: custom editor Browse outbound empty remarks gets the outbound prefix
00:08 +30: C:/Users/Colby/Documents/Codex/2026-10-01/v2rayn-flclash-rust-v2rayn/apps/desktop/test/fix03b_custom_browse_test.dart: custom editor Browse outbound empty remarks gets the outbound prefix
00:09 +31: C:/Users/Colby/Documents/Codex/2026-10-01/v2rayn-flclash-rust-v2rayn/apps/desktop/test/fix03b_custom_browse_test.dart: custom editor Browse outbound empty remarks gets the outbound prefix
00:09 +32: C:/Users/Colby/Documents/Codex/2026-10-01/v2rayn-flclash-rust-v2rayn/apps/desktop/test/fix03b_custom_browse_test.dart: custom editor Browse outbound empty remarks gets the outbound prefix
00:09 +33: C:/Users/Colby/Documents/Codex/2026-10-01/v2rayn-flclash-rust-v2rayn/apps/desktop/test/fix03b_custom_browse_test.dart: custom editor Browse outbound empty remarks gets the outbound prefix
00:10 +34: C:/Users/Colby/Documents/Codex/2026-10-01/v2rayn-flclash-rust-v2rayn/apps/desktop/test/fix03b_custom_browse_test.dart: custom editor Browse outbound empty remarks gets the outbound prefix
00:10 +35: C:/Users/Colby/Documents/Codex/2026-10-01/v2rayn-flclash-rust-v2rayn/apps/desktop/test/fix03b_custom_browse_test.dart: custom editor Browse outbound empty remarks gets the outbound prefix
00:10 +36: C:/Users/Colby/Documents/Codex/2026-10-01/v2rayn-flclash-rust-v2rayn/apps/desktop/test/fix03b_custom_browse_test.dart: custom editor Browse outbound empty remarks gets the outbound prefix
00:12 +37: C:/Users/Colby/Documents/Codex/2026-10-01/v2rayn-flclash-rust-v2rayn/apps/desktop/test/fix03b_custom_browse_test.dart: custom editor Browse outbound empty remarks gets the outbound prefix
00:13 +38: C:/Users/Colby/Documents/Codex/2026-10-01/v2rayn-flclash-rust-v2rayn/apps/desktop/test/fix03b_custom_browse_test.dart: custom editor Browse outbound empty remarks gets the outbound prefix
00:13 +39: C:/Users/Colby/Documents/Codex/2026-10-01/v2rayn-flclash-rust-v2rayn/apps/desktop/test/fix03b_custom_browse_test.dart: custom editor Browse outbound empty remarks gets the outbound prefix
00:13 +40: C:/Users/Colby/Documents/Codex/2026-10-01/v2rayn-flclash-rust-v2rayn/apps/desktop/test/fix03b_custom_browse_test.dart: custom editor Browse outbound empty remarks gets the outbound prefix
00:15 +41: C:/Users/Colby/Documents/Codex/2026-10-01/v2rayn-flclash-rust-v2rayn/apps/desktop/test/fix03b_custom_browse_test.dart: custom editor Browse outbound empty remarks gets the outbound prefix
00:16 +42: C:/Users/Colby/Documents/Codex/2026-10-01/v2rayn-flclash-rust-v2rayn/apps/desktop/test/fix03b_custom_browse_test.dart: custom editor Browse outbound empty remarks gets the outbound prefix
00:16 +43: C:/Users/Colby/Documents/Codex/2026-10-01/v2rayn-flclash-rust-v2rayn/apps/desktop/test/fix03b_custom_browse_test.dart: custom editor Browse outbound empty remarks gets the outbound prefix
00:19 +44: C:/Users/Colby/Documents/Codex/2026-10-01/v2rayn-flclash-rust-v2rayn/apps/desktop/test/fix03b_custom_browse_test.dart: custom editor Browse outbound empty remarks gets the outbound prefix
00:19 +45: C:/Users/Colby/Documents/Codex/2026-10-01/v2rayn-flclash-rust-v2rayn/apps/desktop/test/fix03b_custom_browse_test.dart: custom editor Browse outbound empty remarks gets the outbound prefix
00:19 +46: C:/Users/Colby/Documents/Codex/2026-10-01/v2rayn-flclash-rust-v2rayn/apps/desktop/test/fix03b_custom_browse_test.dart: custom editor Browse outbound empty remarks gets the outbound prefix
00:20 +47: C:/Users/Colby/Documents/Codex/2026-10-01/v2rayn-flclash-rust-v2rayn/apps/desktop/test/fix03b_custom_browse_test.dart: custom editor Browse outbound empty remarks gets the outbound prefix
00:20 +48: C:/Users/Colby/Documents/Codex/2026-10-01/v2rayn-flclash-rust-v2rayn/apps/desktop/test/fix03b_custom_browse_test.dart: custom editor Browse outbound empty remarks gets the outbound prefix
00:20 +49: C:/Users/Colby/Documents/Codex/2026-10-01/v2rayn-flclash-rust-v2rayn/apps/desktop/test/fix03b_custom_browse_test.dart: custom editor Browse outbound empty remarks gets the outbound prefix
00:20 +50: C:/Users/Colby/Documents/Codex/2026-10-01/v2rayn-flclash-rust-v2rayn/apps/desktop/test/fix03b_custom_browse_test.dart: custom editor Browse outbound empty remarks gets the outbound prefix
00:20 +51: C:/Users/Colby/Documents/Codex/2026-10-01/v2rayn-flclash-rust-v2rayn/apps/desktop/test/fix03b_custom_browse_test.dart: custom editor Browse outbound empty remarks gets the outbound prefix
00:22 +52: C:/Users/Colby/Documents/Codex/2026-10-01/v2rayn-flclash-rust-v2rayn/apps/desktop/test/fix03b_custom_browse_test.dart: custom editor Browse outbound empty remarks gets the outbound prefix
00:25 +53: C:/Users/Colby/Documents/Codex/2026-10-01/v2rayn-flclash-rust-v2rayn/apps/desktop/test/fix03b_custom_browse_test.dart: custom editor Browse outbound empty remarks gets the outbound prefix
00:31 +54: C:/Users/Colby/Documents/Codex/2026-10-01/v2rayn-flclash-rust-v2rayn/apps/desktop/test/fix03b_custom_browse_test.dart: custom editor Browse outbound empty remarks gets the outbound prefix
00:31 +55: C:/Users/Colby/Documents/Codex/2026-10-01/v2rayn-flclash-rust-v2rayn/apps/desktop/test/fix03b_custom_browse_test.dart: custom editor Browse outbound empty remarks gets the outbound prefix
00:32 +56: C:/Users/Colby/Documents/Codex/2026-10-01/v2rayn-flclash-rust-v2rayn/apps/desktop/test/fix03b_custom_browse_test.dart: custom editor Browse outbound empty remarks gets the outbound prefix
00:33 +57: C:/Users/Colby/Documents/Codex/2026-10-01/v2rayn-flclash-rust-v2rayn/apps/desktop/test/fix03b_custom_browse_test.dart: custom editor Browse outbound empty remarks gets the outbound prefix
00:33 +58: C:/Users/Colby/Documents/Codex/2026-10-01/v2rayn-flclash-rust-v2rayn/apps/desktop/test/fix03b_custom_browse_test.dart: custom editor Browse outbound empty remarks gets the outbound prefix
00:33 +59: C:/Users/Colby/Documents/Codex/2026-10-01/v2rayn-flclash-rust-v2rayn/apps/desktop/test/fix03b_custom_browse_test.dart: custom editor Browse outbound empty remarks gets the outbound prefix
00:33 +60: C:/Users/Colby/Documents/Codex/2026-10-01/v2rayn-flclash-rust-v2rayn/apps/desktop/test/fix03b_custom_browse_test.dart: custom editor Browse outbound empty remarks gets the outbound prefix
00:33 +61: C:/Users/Colby/Documents/Codex/2026-10-01/v2rayn-flclash-rust-v2rayn/apps/desktop/test/fix03b_custom_browse_test.dart: custom editor Browse outbound empty remarks gets the outbound prefix
00:33 +62: C:/Users/Colby/Documents/Codex/2026-10-01/v2rayn-flclash-rust-v2rayn/apps/desktop/test/fix03b_custom_browse_test.dart: custom editor Browse outbound empty remarks gets the outbound prefix
00:33 +63: C:/Users/Colby/Documents/Codex/2026-10-01/v2rayn-flclash-rust-v2rayn/apps/desktop/test/fix03b_custom_browse_test.dart: custom editor Browse outbound empty remarks gets the outbound prefix
00:33 +64: C:/Users/Colby/Documents/Codex/2026-10-01/v2rayn-flclash-rust-v2rayn/apps/desktop/test/fix03b_custom_browse_test.dart: custom editor Browse outbound empty remarks gets the outbound prefix
00:33 +65: C:/Users/Colby/Documents/Codex/2026-10-01/v2rayn-flclash-rust-v2rayn/apps/desktop/test/fix03b_custom_browse_test.dart: custom editor Browse outbound empty remarks gets the outbound prefix
00:33 +66: C:/Users/Colby/Documents/Codex/2026-10-01/v2rayn-flclash-rust-v2rayn/apps/desktop/test/fix03b_custom_browse_test.dart: custom editor Browse outbound empty remarks gets the outbound prefix
00:33 +67: C:/Users/Colby/Documents/Codex/2026-10-01/v2rayn-flclash-rust-v2rayn/apps/desktop/test/fix03b_custom_browse_test.dart: custom editor Browse outbound empty remarks gets the outbound prefix
00:33 +68: C:/Users/Colby/Documents/Codex/2026-10-01/v2rayn-flclash-rust-v2rayn/apps/desktop/test/fix03b_custom_browse_test.dart: custom editor Browse outbound empty remarks gets the outbound prefix
00:34 +69: C:/Users/Colby/Documents/Codex/2026-10-01/v2rayn-flclash-rust-v2rayn/apps/desktop/test/fix03b_custom_browse_test.dart: custom editor Browse outbound empty remarks gets the outbound prefix
00:35 +70: C:/Users/Colby/Documents/Codex/2026-10-01/v2rayn-flclash-rust-v2rayn/apps/desktop/test/fix03b_custom_browse_test.dart: custom editor Browse outbound empty remarks gets the outbound prefix
00:35 +71: C:/Users/Colby/Documents/Codex/2026-10-01/v2rayn-flclash-rust-v2rayn/apps/desktop/test/fix03b_custom_browse_test.dart: custom editor Browse outbound empty remarks gets the outbound prefix
00:35 +72: C:/Users/Colby/Documents/Codex/2026-10-01/v2rayn-flclash-rust-v2rayn/apps/desktop/test/fix03b_custom_browse_test.dart: custom editor Browse outbound empty remarks gets the outbound prefix
00:35 +73: C:/Users/Colby/Documents/Codex/2026-10-01/v2rayn-flclash-rust-v2rayn/apps/desktop/test/fix03b_custom_browse_test.dart: custom editor Browse outbound empty remarks gets the outbound prefix
00:35 +74: C:/Users/Colby/Documents/Codex/2026-10-01/v2rayn-flclash-rust-v2rayn/apps/desktop/test/fix03b_custom_browse_test.dart: custom editor Browse outbound empty remarks gets the outbound prefix
00:35 +75: C:/Users/Colby/Documents/Codex/2026-10-01/v2rayn-flclash-rust-v2rayn/apps/desktop/test/fix03b_custom_browse_test.dart: custom editor Browse outbound empty remarks gets the outbound prefix
00:35 +76: C:/Users/Colby/Documents/Codex/2026-10-01/v2rayn-flclash-rust-v2rayn/apps/desktop/test/fix03b_custom_browse_test.dart: custom editor Browse outbound empty remarks gets the outbound prefix
00:35 +77: C:/Users/Colby/Documents/Codex/2026-10-01/v2rayn-flclash-rust-v2rayn/apps/desktop/test/fix03b_custom_browse_test.dart: custom editor Browse outbound empty remarks gets the outbound prefix
00:35 +78: C:/Users/Colby/Documents/Codex/2026-10-01/v2rayn-flclash-rust-v2rayn/apps/desktop/test/fix03b_custom_browse_test.dart: custom editor Browse outbound empty remarks gets the outbound prefix
00:35 +79: C:/Users/Colby/Documents/Codex/2026-10-01/v2rayn-flclash-rust-v2rayn/apps/desktop/test/fix03b_custom_browse_test.dart: custom editor Browse outbound empty remarks gets the outbound prefix
00:35 +80: C:/Users/Colby/Documents/Codex/2026-10-01/v2rayn-flclash-rust-v2rayn/apps/desktop/test/fix03b_custom_browse_test.dart: custom editor Browse outbound empty remarks gets the outbound prefix
00:36 +81: C:/Users/Colby/Documents/Codex/2026-10-01/v2rayn-flclash-rust-v2rayn/apps/desktop/test/fix03b_custom_browse_test.dart: custom editor Browse outbound empty remarks gets the outbound prefix
00:36 +82: C:/Users/Colby/Documents/Codex/2026-10-01/v2rayn-flclash-rust-v2rayn/apps/desktop/test/fix03b_custom_browse_test.dart: custom editor Browse outbound empty remarks gets the outbound prefix
00:36 +83: C:/Users/Colby/Documents/Codex/2026-10-01/v2rayn-flclash-rust-v2rayn/apps/desktop/test/fix03b_custom_browse_test.dart: custom editor Browse outbound empty remarks gets the outbound prefix
00:36 +84: C:/Users/Colby/Documents/Codex/2026-10-01/v2rayn-flclash-rust-v2rayn/apps/desktop/test/fix03b_custom_browse_test.dart: custom editor Browse outbound empty remarks gets the outbound prefix
00:36 +85: C:/Users/Colby/Documents/Codex/2026-10-01/v2rayn-flclash-rust-v2rayn/apps/desktop/test/fix03b_custom_browse_test.dart: custom editor Browse outbound empty remarks gets the outbound prefix
00:36 +86: C:/Users/Colby/Documents/Codex/2026-10-01/v2rayn-flclash-rust-v2rayn/apps/desktop/test/fix03b_custom_browse_test.dart: custom editor Browse outbound empty remarks gets the outbound prefix
00:36 +87: C:/Users/Colby/Documents/Codex/2026-10-01/v2rayn-flclash-rust-v2rayn/apps/desktop/test/fix03b_custom_browse_test.dart: custom editor Browse outbound empty remarks gets the outbound prefix
00:36 +88: C:/Users/Colby/Documents/Codex/2026-10-01/v2rayn-flclash-rust-v2rayn/apps/desktop/test/fix03b_custom_browse_test.dart: custom editor Browse outbound empty remarks gets the outbound prefix
00:36 +89: C:/Users/Colby/Documents/Codex/2026-10-01/v2rayn-flclash-rust-v2rayn/apps/desktop/test/fix03b_custom_browse_test.dart: custom editor Browse outbound empty remarks gets the outbound prefix
00:36 +90: C:/Users/Colby/Documents/Codex/2026-10-01/v2rayn-flclash-rust-v2rayn/apps/desktop/test/fix03b_custom_browse_test.dart: custom editor Browse outbound empty remarks gets the outbound prefix
00:36 +91: C:/Users/Colby/Documents/Codex/2026-10-01/v2rayn-flclash-rust-v2rayn/apps/desktop/test/fix03b_custom_browse_test.dart: custom editor Browse outbound empty remarks gets the outbound prefix
00:36 +92: C:/Users/Colby/Documents/Codex/2026-10-01/v2rayn-flclash-rust-v2rayn/apps/desktop/test/fix03b_custom_browse_test.dart: custom editor Browse outbound empty remarks gets the outbound prefix
00:37 +93: C:/Users/Colby/Documents/Codex/2026-10-01/v2rayn-flclash-rust-v2rayn/apps/desktop/test/fix03b_custom_browse_test.dart: custom editor Browse outbound empty remarks gets the outbound prefix
00:38 +94: C:/Users/Colby/Documents/Codex/2026-10-01/v2rayn-flclash-rust-v2rayn/apps/desktop/test/fix03b_custom_browse_test.dart: custom editor Browse outbound empty remarks gets the outbound prefix
00:38 +95: C:/Users/Colby/Documents/Codex/2026-10-01/v2rayn-flclash-rust-v2rayn/apps/desktop/test/fix03b_custom_browse_test.dart: custom editor Browse outbound empty remarks gets the outbound prefix
00:38 +96: C:/Users/Colby/Documents/Codex/2026-10-01/v2rayn-flclash-rust-v2rayn/apps/desktop/test/fix03b_custom_browse_test.dart: custom editor Browse outbound empty remarks gets the outbound prefix
00:38 +97: C:/Users/Colby/Documents/Codex/2026-10-01/v2rayn-flclash-rust-v2rayn/apps/desktop/test/fix03b_custom_browse_test.dart: custom editor Browse outbound empty remarks gets the outbound prefix
00:39 +98: C:/Users/Colby/Documents/Codex/2026-10-01/v2rayn-flclash-rust-v2rayn/apps/desktop/test/fix03b_custom_browse_test.dart: custom editor Browse outbound empty remarks gets the outbound prefix
00:39 +99: C:/Users/Colby/Documents/Codex/2026-10-01/v2rayn-flclash-rust-v2rayn/apps/desktop/test/fix03b_custom_browse_test.dart: custom editor Browse outbound empty remarks gets the outbound prefix
00:40 +100: C:/Users/Colby/Documents/Codex/2026-10-01/v2rayn-flclash-rust-v2rayn/apps/desktop/test/fix03b_custom_browse_test.dart: custom editor Browse outbound empty remarks gets the outbound prefix
00:40 +101: C:/Users/Colby/Documents/Codex/2026-10-01/v2rayn-flclash-rust-v2rayn/apps/desktop/test/fix03b_custom_browse_test.dart: custom editor Browse outbound empty remarks gets the outbound prefix
00:41 +102: C:/Users/Colby/Documents/Codex/2026-10-01/v2rayn-flclash-rust-v2rayn/apps/desktop/test/fix03b_custom_browse_test.dart: custom editor Browse outbound empty remarks gets the outbound prefix
00:41 +103: C:/Users/Colby/Documents/Codex/2026-10-01/v2rayn-flclash-rust-v2rayn/apps/desktop/test/fix03b_custom_browse_test.dart: custom editor Browse outbound empty remarks gets the outbound prefix
00:41 +104: C:/Users/Colby/Documents/Codex/2026-10-01/v2rayn-flclash-rust-v2rayn/apps/desktop/test/fix03b_custom_browse_test.dart: custom editor Browse outbound empty remarks gets the outbound prefix
00:42 +105: C:/Users/Colby/Documents/Codex/2026-10-01/v2rayn-flclash-rust-v2rayn/apps/desktop/test/fix03b_custom_browse_test.dart: custom editor Browse outbound empty remarks gets the outbound prefix
00:42 +106: C:/Users/Colby/Documents/Codex/2026-10-01/v2rayn-flclash-rust-v2rayn/apps/desktop/test/fix03b_custom_browse_test.dart: custom editor Browse outbound empty remarks gets the outbound prefix
00:42 +107: C:/Users/Colby/Documents/Codex/2026-10-01/v2rayn-flclash-rust-v2rayn/apps/desktop/test/fix03b_custom_browse_test.dart: custom editor Browse outbound empty remarks gets the outbound prefix
00:44 +108: C:/Users/Colby/Documents/Codex/2026-10-01/v2rayn-flclash-rust-v2rayn/apps/desktop/test/fix03b_custom_browse_test.dart: custom editor Browse outbound empty remarks gets the outbound prefix
00:44 +109: C:/Users/Colby/Documents/Codex/2026-10-01/v2rayn-flclash-rust-v2rayn/apps/desktop/test/fix03b_custom_browse_test.dart: custom editor Browse outbound empty remarks gets the outbound prefix
00:45 +110: C:/Users/Colby/Documents/Codex/2026-10-01/v2rayn-flclash-rust-v2rayn/apps/desktop/test/fix03b_custom_browse_test.dart: custom editor Browse outbound empty remarks gets the outbound prefix
00:45 +111: C:/Users/Colby/Documents/Codex/2026-10-01/v2rayn-flclash-rust-v2rayn/apps/desktop/test/fix03b_custom_browse_test.dart: custom editor Browse outbound empty remarks gets the outbound prefix
00:45 +112: C:/Users/Colby/Documents/Codex/2026-10-01/v2rayn-flclash-rust-v2rayn/apps/desktop/test/fix03b_custom_browse_test.dart: custom editor Browse outbound empty remarks gets the outbound prefix
00:45 +113: C:/Users/Colby/Documents/Codex/2026-10-01/v2rayn-flclash-rust-v2rayn/apps/desktop/test/fix03b_custom_browse_test.dart: custom editor Browse outbound empty remarks gets the outbound prefix
00:45 +114: C:/Users/Colby/Documents/Codex/2026-10-01/v2rayn-flclash-rust-v2rayn/apps/desktop/test/fix03b_custom_browse_test.dart: custom editor Browse outbound empty remarks gets the outbound prefix
00:45 +115: C:/Users/Colby/Documents/Codex/2026-10-01/v2rayn-flclash-rust-v2rayn/apps/desktop/test/fix03b_custom_browse_test.dart: custom editor Browse outbound empty remarks gets the outbound prefix
00:45 +116: C:/Users/Colby/Documents/Codex/2026-10-01/v2rayn-flclash-rust-v2rayn/apps/desktop/test/fix03b_custom_browse_test.dart: custom editor Browse outbound empty remarks gets the outbound prefix
00:45 +117: C:/Users/Colby/Documents/Codex/2026-10-01/v2rayn-flclash-rust-v2rayn/apps/desktop/test/fix03b_custom_browse_test.dart: custom editor Browse outbound empty remarks gets the outbound prefix
00:45 +118: C:/Users/Colby/Documents/Codex/2026-10-01/v2rayn-flclash-rust-v2rayn/apps/desktop/test/fix03b_custom_browse_test.dart: custom editor Browse outbound empty remarks gets the outbound prefix
00:46 +118 -1: loading C:/Users/Colby/Documents/Codex/2026-10-01/v2rayn-flclash-rust-v2rayn/apps/desktop/test/fix15_hotkey_test.dart [E]
  Failed to load "C:/Users/Colby/Documents/Codex/2026-10-01/v2rayn-flclash-rust-v2rayn/apps/desktop/test/fix15_hotkey_test.dart": Connection closed before test suite loaded.
00:46 +119 -1: C:/Users/Colby/Documents/Codex/2026-10-01/v2rayn-flclash-rust-v2rayn/apps/desktop/test/fix03b_custom_browse_test.dart: custom editor Browse outbound empty remarks gets the outbound prefix
00:46 +120 -1: C:/Users/Colby/Documents/Codex/2026-10-01/v2rayn-flclash-rust-v2rayn/apps/desktop/test/fix03b_custom_browse_test.dart: custom editor Browse outbound empty remarks gets the outbound prefix
00:46 +121 -1: C:/Users/Colby/Documents/Codex/2026-10-01/v2rayn-flclash-rust-v2rayn/apps/desktop/test/fix03b_custom_browse_test.dart: custom editor Browse outbound empty remarks gets the outbound prefix
00:46 +122 -1: C:/Users/Colby/Documents/Codex/2026-10-01/v2rayn-flclash-rust-v2rayn/apps/desktop/test/fix03b_custom_browse_test.dart: custom editor Browse outbound empty remarks gets the outbound prefix
00:46 +123 -1: C:/Users/Colby/Documents/Codex/2026-10-01/v2rayn-flclash-rust-v2rayn/apps/desktop/test/fix03b_custom_browse_test.dart: custom editor Browse outbound empty remarks gets the outbound prefix
00:46 +124 -1: C:/Users/Colby/Documents/Codex/2026-10-01/v2rayn-flclash-rust-v2rayn/apps/desktop/test/fix03b_custom_browse_test.dart: custom editor Browse outbound empty remarks gets the outbound prefix
00:46 +125 -1: C:/Users/Colby/Documents/Codex/2026-10-01/v2rayn-flclash-rust-v2rayn/apps/desktop/test/fix03b_custom_browse_test.dart: custom editor Browse outbound empty remarks gets the outbound prefix
00:46 +126 -1: C:/Users/Colby/Documents/Codex/2026-10-01/v2rayn-flclash-rust-v2rayn/apps/desktop/test/fix03b_custom_browse_test.dart: custom editor Browse outbound empty remarks gets the outbound prefix
00:49 +127 -1: C:/Users/Colby/Documents/Codex/2026-10-01/v2rayn-flclash-rust-v2rayn/apps/desktop/test/fix03b_custom_browse_test.dart: custom editor Browse outbound empty remarks gets the outbound prefix
00:49 +128 -1: C:/Users/Colby/Documents/Codex/2026-10-01/v2rayn-flclash-rust-v2rayn/apps/desktop/test/fix03b_custom_browse_test.dart: custom editor Browse outbound empty remarks gets the outbound prefix
00:49 +129 -1: C:/Users/Colby/Documents/Codex/2026-10-01/v2rayn-flclash-rust-v2rayn/apps/desktop/test/fix03b_custom_browse_test.dart: custom editor Browse outbound empty remarks gets the outbound prefix
00:49 +130 -1: C:/Users/Colby/Documents/Codex/2026-10-01/v2rayn-flclash-rust-v2rayn/apps/desktop/test/fix03b_custom_browse_test.dart: custom editor Browse outbound empty remarks gets the outbound prefix
00:49 +131 -1: C:/Users/Colby/Documents/Codex/2026-10-01/v2rayn-flclash-rust-v2rayn/apps/desktop/test/fix03b_custom_browse_test.dart: custom editor Browse outbound empty remarks gets the outbound prefix
00:49 +132 -1: C:/Users/Colby/Documents/Codex/2026-10-01/v2rayn-flclash-rust-v2rayn/apps/desktop/test/fix03b_custom_browse_test.dart: custom editor Browse outbound empty remarks gets the outbound prefix
00:50 +133 -1: C:/Users/Colby/Documents/Codex/2026-10-01/v2rayn-flclash-rust-v2rayn/apps/desktop/test/fix03b_custom_browse_test.dart: custom editor Browse outbound empty remarks gets the outbound prefix
00:50 +134 -1: C:/Users/Colby/Documents/Codex/2026-10-01/v2rayn-flclash-rust-v2rayn/apps/desktop/test/fix03b_custom_browse_test.dart: custom editor Browse outbound empty remarks gets the outbound prefix
00:50 +135 -1: C:/Users/Colby/Documents/Codex/2026-10-01/v2rayn-flclash-rust-v2rayn/apps/desktop/test/fix03b_custom_browse_test.dart: custom editor Browse outbound empty remarks gets the outbound prefix
00:51 +136 -1: C:/Users/Colby/Documents/Codex/2026-10-01/v2rayn-flclash-rust-v2rayn/apps/desktop/test/fix03b_custom_browse_test.dart: custom editor Browse outbound empty remarks gets the outbound prefix
00:52 +137 -1: C:/Users/Colby/Documents/Codex/2026-10-01/v2rayn-flclash-rust-v2rayn/apps/desktop/test/fix03b_custom_browse_test.dart: custom editor Browse outbound empty remarks gets the outbound prefix
00:53 +138 -1: C:/Users/Colby/Documents/Codex/2026-10-01/v2rayn-flclash-rust-v2rayn/apps/desktop/test/fix03b_custom_browse_test.dart: custom editor Browse outbound empty remarks gets the outbound prefix
00:53 +139 -1: C:/Users/Colby/Documents/Codex/2026-10-01/v2rayn-flclash-rust-v2rayn/apps/desktop/test/fix03b_custom_browse_test.dart: custom editor Browse outbound empty remarks gets the outbound prefix
00:53 +140 -1: C:/Users/Colby/Documents/Codex/2026-10-01/v2rayn-flclash-rust-v2rayn/apps/desktop/test/fix03b_custom_browse_test.dart: custom editor Browse outbound empty remarks gets the outbound prefix
00:53 +141 -1: C:/Users/Colby/Documents/Codex/2026-10-01/v2rayn-flclash-rust-v2rayn/apps/desktop/test/fix03b_custom_browse_test.dart: custom editor Browse outbound empty remarks gets the outbound prefix
00:53 +142 -1: C:/Users/Colby/Documents/Codex/2026-10-01/v2rayn-flclash-rust-v2rayn/apps/desktop/test/fix03b_custom_browse_test.dart: custom editor Browse outbound empty remarks gets the outbound prefix
00:53 +143 -1: C:/Users/Colby/Documents/Codex/2026-10-01/v2rayn-flclash-rust-v2rayn/apps/desktop/test/fix03b_custom_browse_test.dart: custom editor Browse outbound empty remarks gets the outbound prefix
00:53 +144 -1: C:/Users/Colby/Documents/Codex/2026-10-01/v2rayn-flclash-rust-v2rayn/apps/desktop/test/fix03b_custom_browse_test.dart: custom editor Browse outbound empty remarks gets the outbound prefix
00:53 +145 -1: C:/Users/Colby/Documents/Codex/2026-10-01/v2rayn-flclash-rust-v2rayn/apps/desktop/test/fix03b_custom_browse_test.dart: custom editor Browse outbound empty remarks gets the outbound prefix
00:53 +146 -1: C:/Users/Colby/Documents/Codex/2026-10-01/v2rayn-flclash-rust-v2rayn/apps/desktop/test/fix03b_custom_browse_test.dart: custom editor Browse outbound empty remarks gets the outbound prefix
00:53 +147 -1: C:/Users/Colby/Documents/Codex/2026-10-01/v2rayn-flclash-rust-v2rayn/apps/desktop/test/fix03b_custom_browse_test.dart: custom editor Browse outbound empty remarks gets the outbound prefix
00:53 +148 -1: C:/Users/Colby/Documents/Codex/2026-10-01/v2rayn-flclash-rust-v2rayn/apps/desktop/test/fix03b_custom_browse_test.dart: custom editor Browse outbound empty remarks gets the outbound prefix
00:53 +149 -1: C:/Users/Colby/Documents/Codex/2026-10-01/v2rayn-flclash-rust-v2rayn/apps/desktop/test/fix03b_custom_browse_test.dart: custom editor Browse outbound empty remarks gets the outbound prefix
00:53 +150 -1: C:/Users/Colby/Documents/Codex/2026-10-01/v2rayn-flclash-rust-v2rayn/apps/desktop/test/fix03b_custom_browse_test.dart: custom editor Browse outbound empty remarks gets the outbound prefix
00:55 +151 -1: C:/Users/Colby/Documents/Codex/2026-10-01/v2rayn-flclash-rust-v2rayn/apps/desktop/test/fix03b_custom_browse_test.dart: custom editor Browse outbound empty remarks gets the outbound prefix
00:57 +152 -1: C:/Users/Colby/Documents/Codex/2026-10-01/v2rayn-flclash-rust-v2rayn/apps/desktop/test/fix03b_custom_browse_test.dart: custom editor Browse outbound empty remarks gets the outbound prefix
01:01 +153 -1: C:/Users/Colby/Documents/Codex/2026-10-01/v2rayn-flclash-rust-v2rayn/apps/desktop/test/fix03b_custom_browse_test.dart: custom editor Browse outbound empty remarks gets the outbound prefix
01:04 +154 -1: C:/Users/Colby/Documents/Codex/2026-10-01/v2rayn-flclash-rust-v2rayn/apps/desktop/test/fix03b_custom_browse_test.dart: custom editor Browse outbound empty remarks gets the outbound prefix
01:07 +155 -1: C:/Users/Colby/Documents/Codex/2026-10-01/v2rayn-flclash-rust-v2rayn/apps/desktop/test/fix03b_custom_browse_test.dart: custom editor Browse outbound empty remarks gets the outbound prefix
01:07 +156 -1: C:/Users/Colby/Documents/Codex/2026-10-01/v2rayn-flclash-rust-v2rayn/apps/desktop/test/fix03b_custom_browse_test.dart: custom editor Browse outbound empty remarks gets the outbound prefix
01:07 +157 -1: C:/Users/Colby/Documents/Codex/2026-10-01/v2rayn-flclash-rust-v2rayn/apps/desktop/test/fix03b_custom_browse_test.dart: custom editor Browse outbound empty remarks gets the outbound prefix
01:07 +158 -1: C:/Users/Colby/Documents/Codex/2026-10-01/v2rayn-flclash-rust-v2rayn/apps/desktop/test/fix03b_custom_browse_test.dart: custom editor Browse outbound empty remarks gets the outbound prefix
01:07 +159 -1: C:/Users/Colby/Documents/Codex/2026-10-01/v2rayn-flclash-rust-v2rayn/apps/desktop/test/fix03b_custom_browse_test.dart: custom editor Browse outbound empty remarks gets the outbound prefix
01:07 +160 -1: C:/Users/Colby/Documents/Codex/2026-10-01/v2rayn-flclash-rust-v2rayn/apps/desktop/test/fix03b_custom_browse_test.dart: custom editor Browse outbound empty remarks gets the outbound prefix
01:07 +161 -1: C:/Users/Colby/Documents/Codex/2026-10-01/v2rayn-flclash-rust-v2rayn/apps/desktop/test/fix03b_custom_browse_test.dart: custom editor Browse outbound empty remarks gets the outbound prefix
01:07 +162 -1: C:/Users/Colby/Documents/Codex/2026-10-01/v2rayn-flclash-rust-v2rayn/apps/desktop/test/fix03b_custom_browse_test.dart: custom editor Browse outbound empty remarks gets the outbound prefix
01:10 +163 -1: C:/Users/Colby/Documents/Codex/2026-10-01/v2rayn-flclash-rust-v2rayn/apps/desktop/test/fix03b_custom_browse_test.dart: custom editor Browse outbound empty remarks gets the outbound prefix
01:16 +164 -1: C:/Users/Colby/Documents/Codex/2026-10-01/v2rayn-flclash-rust-v2rayn/apps/desktop/test/fix03b_custom_browse_test.dart: custom editor Browse outbound empty remarks gets the outbound prefix
01:16 +165 -1: C:/Users/Colby/Documents/Codex/2026-10-01/v2rayn-flclash-rust-v2rayn/apps/desktop/test/fix03b_custom_browse_test.dart: custom editor Browse outbound empty remarks gets the outbound prefix
01:16 +166 -1: C:/Users/Colby/Documents/Codex/2026-10-01/v2rayn-flclash-rust-v2rayn/apps/desktop/test/fix03b_custom_browse_test.dart: custom editor Browse outbound empty remarks gets the outbound prefix
01:16 +167 -1: C:/Users/Colby/Documents/Codex/2026-10-01/v2rayn-flclash-rust-v2rayn/apps/desktop/test/fix03b_custom_browse_test.dart: custom editor Browse outbound empty remarks gets the outbound prefix
01:16 +168 -1: C:/Users/Colby/Documents/Codex/2026-10-01/v2rayn-flclash-rust-v2rayn/apps/desktop/test/fix03b_custom_browse_test.dart: custom editor Browse outbound empty remarks gets the outbound prefix
01:16 +169 -1: C:/Users/Colby/Documents/Codex/2026-10-01/v2rayn-flclash-rust-v2rayn/apps/desktop/test/fix03b_custom_browse_test.dart: custom editor Browse outbound empty remarks gets the outbound prefix
01:16 +170 -1: C:/Users/Colby/Documents/Codex/2026-10-01/v2rayn-flclash-rust-v2rayn/apps/desktop/test/fix03b_custom_browse_test.dart: custom editor Browse outbound empty remarks gets the outbound prefix
01:16 +171 -1: C:/Users/Colby/Documents/Codex/2026-10-01/v2rayn-flclash-rust-v2rayn/apps/desktop/test/fix03b_custom_browse_test.dart: custom editor Browse outbound empty remarks gets the outbound prefix
01:16 +172 -1: C:/Users/Colby/Documents/Codex/2026-10-01/v2rayn-flclash-rust-v2rayn/apps/desktop/test/fix03b_custom_browse_test.dart: custom editor Browse outbound empty remarks gets the outbound prefix
01:16 +173 -1: C:/Users/Colby/Documents/Codex/2026-10-01/v2rayn-flclash-rust-v2rayn/apps/desktop/test/fix03b_custom_browse_test.dart: custom editor Browse outbound empty remarks gets the outbound prefix
01:17 +174 -1: C:/Users/Colby/Documents/Codex/2026-10-01/v2rayn-flclash-rust-v2rayn/apps/desktop/test/fix03b_custom_browse_test.dart: custom editor Browse outbound empty remarks gets the outbound prefix
01:18 +175 -1: C:/Users/Colby/Documents/Codex/2026-10-01/v2rayn-flclash-rust-v2rayn/apps/desktop/test/fix03b_custom_browse_test.dart: custom editor Browse outbound empty remarks gets the outbound prefix
01:18 +176 -1: C:/Users/Colby/Documents/Codex/2026-10-01/v2rayn-flclash-rust-v2rayn/apps/desktop/test/fix03b_custom_browse_test.dart: custom editor Browse outbound empty remarks gets the outbound prefix
01:18 +177 -1: C:/Users/Colby/Documents/Codex/2026-10-01/v2rayn-flclash-rust-v2rayn/apps/desktop/test/fix03b_custom_browse_test.dart: custom editor Browse outbound empty remarks gets the outbound prefix
01:18 +178 -1: C:/Users/Colby/Documents/Codex/2026-10-01/v2rayn-flclash-rust-v2rayn/apps/desktop/test/fix03b_custom_browse_test.dart: custom editor Browse outbound empty remarks gets the outbound prefix
01:19 +179 -1: C:/Users/Colby/Documents/Codex/2026-10-01/v2rayn-flclash-rust-v2rayn/apps/desktop/test/fix03b_custom_browse_test.dart: custom editor Browse outbound empty remarks gets the outbound prefix
01:19 +180 -1: C:/Users/Colby/Documents/Codex/2026-10-01/v2rayn-flclash-rust-v2rayn/apps/desktop/test/fix03b_custom_browse_test.dart: custom editor Browse outbound empty remarks gets the outbound prefix
01:19 +181 -1: C:/Users/Colby/Documents/Codex/2026-10-01/v2rayn-flclash-rust-v2rayn/apps/desktop/test/fix03b_custom_browse_test.dart: custom editor Browse outbound empty remarks gets the outbound prefix
01:20 +182 -1: C:/Users/Colby/Documents/Codex/2026-10-01/v2rayn-flclash-rust-v2rayn/apps/desktop/test/fix03b_custom_browse_test.dart: custom editor Browse outbound empty remarks gets the outbound prefix
01:20 +183 -1: C:/Users/Colby/Documents/Codex/2026-10-01/v2rayn-flclash-rust-v2rayn/apps/desktop/test/fix03b_custom_browse_test.dart: custom editor Browse outbound empty remarks gets the outbound prefix
01:20 +184 -1: C:/Users/Colby/Documents/Codex/2026-10-01/v2rayn-flclash-rust-v2rayn/apps/desktop/test/fix03b_custom_browse_test.dart: custom editor Browse outbound empty remarks gets the outbound prefix
01:20 +185 -1: C:/Users/Colby/Documents/Codex/2026-10-01/v2rayn-flclash-rust-v2rayn/apps/desktop/test/fix03b_custom_browse_test.dart: custom editor Browse outbound empty remarks gets the outbound prefix
01:20 +186 -1: C:/Users/Colby/Documents/Codex/2026-10-01/v2rayn-flclash-rust-v2rayn/apps/desktop/test/fix03b_custom_browse_test.dart: custom editor Browse outbound empty remarks gets the outbound prefix
01:20 +187 -1: C:/Users/Colby/Documents/Codex/2026-10-01/v2rayn-flclash-rust-v2rayn/apps/desktop/test/fix03b_custom_browse_test.dart: custom editor Browse outbound empty remarks gets the outbound prefix
01:20 +188 -1: C:/Users/Colby/Documents/Codex/2026-10-01/v2rayn-flclash-rust-v2rayn/apps/desktop/test/fix03b_custom_browse_test.dart: custom editor Browse outbound empty remarks gets the outbound prefix
01:20 +189 -1: C:/Users/Colby/Documents/Codex/2026-10-01/v2rayn-flclash-rust-v2rayn/apps/desktop/test/fix03b_custom_browse_test.dart: custom editor Browse outbound empty remarks gets the outbound prefix
01:21 +190 -1: C:/Users/Colby/Documents/Codex/2026-10-01/v2rayn-flclash-rust-v2rayn/apps/desktop/test/fix03b_custom_browse_test.dart: custom editor Browse outbound empty remarks gets the outbound prefix
01:21 +191 -1: C:/Users/Colby/Documents/Codex/2026-10-01/v2rayn-flclash-rust-v2rayn/apps/desktop/test/fix03b_custom_browse_test.dart: custom editor Browse outbound empty remarks gets the outbound prefix
01:21 +192 -1: C:/Users/Colby/Documents/Codex/2026-10-01/v2rayn-flclash-rust-v2rayn/apps/desktop/test/fix03b_custom_browse_test.dart: custom editor Browse outbound empty remarks gets the outbound prefix
01:22 +193 -1: C:/Users/Colby/Documents/Codex/2026-10-01/v2rayn-flclash-rust-v2rayn/apps/desktop/test/fix03b_custom_browse_test.dart: custom editor Browse outbound empty remarks gets the outbound prefix
01:27 +194 -1: C:/Users/Colby/Documents/Codex/2026-10-01/v2rayn-flclash-rust-v2rayn/apps/desktop/test/fix03b_custom_browse_test.dart: custom editor Browse outbound empty remarks gets the outbound prefix
01:30 +195 -1: C:/Users/Colby/Documents/Codex/2026-10-01/v2rayn-flclash-rust-v2rayn/apps/desktop/test/fix03b_custom_browse_test.dart: custom editor Browse outbound empty remarks gets the outbound prefix
01:30 +196 -1: C:/Users/Colby/Documents/Codex/2026-10-01/v2rayn-flclash-rust-v2rayn/apps/desktop/test/fix03b_custom_browse_test.dart: custom editor Browse outbound empty remarks gets the outbound prefix
01:30 +197 -1: C:/Users/Colby/Documents/Codex/2026-10-01/v2rayn-flclash-rust-v2rayn/apps/desktop/test/fix03b_custom_browse_test.dart: custom editor Browse outbound empty remarks gets the outbound prefix
01:30 +198 -1: C:/Users/Colby/Documents/Codex/2026-10-01/v2rayn-flclash-rust-v2rayn/apps/desktop/test/fix03b_custom_browse_test.dart: custom editor Browse outbound empty remarks gets the outbound prefix
01:31 +199 -1: C:/Users/Colby/Documents/Codex/2026-10-01/v2rayn-flclash-rust-v2rayn/apps/desktop/test/fix03b_custom_browse_test.dart: custom editor Browse outbound empty remarks gets the outbound prefix
01:31 +200 -1: C:/Users/Colby/Documents/Codex/2026-10-01/v2rayn-flclash-rust-v2rayn/apps/desktop/test/fix03b_custom_browse_test.dart: custom editor Browse outbound empty remarks gets the outbound prefix
01:31 +201 -1: C:/Users/Colby/Documents/Codex/2026-10-01/v2rayn-flclash-rust-v2rayn/apps/desktop/test/fix03b_custom_browse_test.dart: custom editor Browse outbound empty remarks gets the outbound prefix
01:31 +202 -1: C:/Users/Colby/Documents/Codex/2026-10-01/v2rayn-flclash-rust-v2rayn/apps/desktop/test/fix03b_custom_browse_test.dart: custom editor Browse outbound empty remarks gets the outbound prefix
01:32 +203 -1: C:/Users/Colby/Documents/Codex/2026-10-01/v2rayn-flclash-rust-v2rayn/apps/desktop/test/fix03b_custom_browse_test.dart: custom editor Browse outbound empty remarks gets the outbound prefix
01:32 +204 -1: C:/Users/Colby/Documents/Codex/2026-10-01/v2rayn-flclash-rust-v2rayn/apps/desktop/test/fix03b_custom_browse_test.dart: custom editor Browse outbound empty remarks gets the outbound prefix
01:32 +205 -1: C:/Users/Colby/Documents/Codex/2026-10-01/v2rayn-flclash-rust-v2rayn/apps/desktop/test/fix03b_custom_browse_test.dart: custom editor Browse outbound empty remarks gets the outbound prefix
01:32 +206 -1: C:/Users/Colby/Documents/Codex/2026-10-01/v2rayn-flclash-rust-v2rayn/apps/desktop/test/fix03b_custom_browse_test.dart: custom editor Browse outbound empty remarks gets the outbound prefix
01:32 +207 -1: C:/Users/Colby/Documents/Codex/2026-10-01/v2rayn-flclash-rust-v2rayn/apps/desktop/test/fix03b_custom_browse_test.dart: custom editor Browse outbound empty remarks gets the outbound prefix
01:33 +208 -1: C:/Users/Colby/Documents/Codex/2026-10-01/v2rayn-flclash-rust-v2rayn/apps/desktop/test/fix03b_custom_browse_test.dart: custom editor Browse outbound empty remarks gets the outbound prefix
01:33 +209 -1: C:/Users/Colby/Documents/Codex/2026-10-01/v2rayn-flclash-rust-v2rayn/apps/desktop/test/fix03b_custom_browse_test.dart: custom editor Browse outbound empty remarks gets the outbound prefix
01:35 +210 -1: C:/Users/Colby/Documents/Codex/2026-10-01/v2rayn-flclash-rust-v2rayn/apps/desktop/test/fix03b_custom_browse_test.dart: custom editor Browse outbound empty remarks gets the outbound prefix
01:35 +211 -1: C:/Users/Colby/Documents/Codex/2026-10-01/v2rayn-flclash-rust-v2rayn/apps/desktop/test/fix03b_custom_browse_test.dart: custom editor Browse outbound empty remarks gets the outbound prefix
01:35 +212 -1: C:/Users/Colby/Documents/Codex/2026-10-01/v2rayn-flclash-rust-v2rayn/apps/desktop/test/fix03b_custom_browse_test.dart: custom editor Browse outbound empty remarks gets the outbound prefix
01:35 +213 -1: C:/Users/Colby/Documents/Codex/2026-10-01/v2rayn-flclash-rust-v2rayn/apps/desktop/test/fix03b_custom_browse_test.dart: custom editor Browse outbound empty remarks gets the outbound prefix
01:35 +214 -1: C:/Users/Colby/Documents/Codex/2026-10-01/v2rayn-flclash-rust-v2rayn/apps/desktop/test/fix03b_custom_browse_test.dart: custom editor Browse outbound empty remarks gets the outbound prefix
01:35 +215 -1: C:/Users/Colby/Documents/Codex/2026-10-01/v2rayn-flclash-rust-v2rayn/apps/desktop/test/fix03b_custom_browse_test.dart: custom editor Browse outbound empty remarks gets the outbound prefix
01:35 +216 -1: C:/Users/Colby/Documents/Codex/2026-10-01/v2rayn-flclash-rust-v2rayn/apps/desktop/test/fix03b_custom_browse_test.dart: custom editor Browse outbound empty remarks gets the outbound prefix
01:35 +217 -1: C:/Users/Colby/Documents/Codex/2026-10-01/v2rayn-flclash-rust-v2rayn/apps/desktop/test/fix03b_custom_browse_test.dart: custom editor Browse outbound empty remarks gets the outbound prefix
01:35 +218 -1: C:/Users/Colby/Documents/Codex/2026-10-01/v2rayn-flclash-rust-v2rayn/apps/desktop/test/fix03b_custom_browse_test.dart: custom editor Browse outbound empty remarks gets the outbound prefix
01:35 +219 -1: C:/Users/Colby/Documents/Codex/2026-10-01/v2rayn-flclash-rust-v2rayn/apps/desktop/test/fix03b_custom_browse_test.dart: custom editor Browse outbound empty remarks gets the outbound prefix
01:35 +220 -1: C:/Users/Colby/Documents/Codex/2026-10-01/v2rayn-flclash-rust-v2rayn/apps/desktop/test/fix03b_custom_browse_test.dart: custom editor Browse outbound empty remarks gets the outbound prefix
01:35 +221 -1: C:/Users/Colby/Documents/Codex/2026-10-01/v2rayn-flclash-rust-v2rayn/apps/desktop/test/fix03b_custom_browse_test.dart: custom editor Browse outbound empty remarks gets the outbound prefix
01:35 +222 -1: C:/Users/Colby/Documents/Codex/2026-10-01/v2rayn-flclash-rust-v2rayn/apps/desktop/test/fix03b_custom_browse_test.dart: custom editor Browse outbound empty remarks gets the outbound prefix
01:35 +223 -1: C:/Users/Colby/Documents/Codex/2026-10-01/v2rayn-flclash-rust-v2rayn/apps/desktop/test/fix03b_custom_browse_test.dart: custom editor Browse outbound empty remarks gets the outbound prefix
01:35 +224 -1: C:/Users/Colby/Documents/Codex/2026-10-01/v2rayn-flclash-rust-v2rayn/apps/desktop/test/fix03b_custom_browse_test.dart: custom editor Browse outbound empty remarks gets the outbound prefix
01:36 +225 -1: C:/Users/Colby/Documents/Codex/2026-10-01/v2rayn-flclash-rust-v2rayn/apps/desktop/test/fix03b_custom_browse_test.dart: custom editor Browse outbound empty remarks gets the outbound prefix
01:36 +226 -1: C:/Users/Colby/Documents/Codex/2026-10-01/v2rayn-flclash-rust-v2rayn/apps/desktop/test/fix03b_custom_browse_test.dart: custom editor Browse outbound empty remarks gets the outbound prefix
01:36 +227 -1: C:/Users/Colby/Documents/Codex/2026-10-01/v2rayn-flclash-rust-v2rayn/apps/desktop/test/fix03b_custom_browse_test.dart: custom editor Browse outbound empty remarks gets the outbound prefix
01:37 +228 -1: C:/Users/Colby/Documents/Codex/2026-10-01/v2rayn-flclash-rust-v2rayn/apps/desktop/test/fix03b_custom_browse_test.dart: custom editor Browse outbound empty remarks gets the outbound prefix
01:37 +229 -1: C:/Users/Colby/Documents/Codex/2026-10-01/v2rayn-flclash-rust-v2rayn/apps/desktop/test/fix03b_custom_browse_test.dart: custom editor Browse outbound empty remarks gets the outbound prefix
01:37 +230 -1: C:/Users/Colby/Documents/Codex/2026-10-01/v2rayn-flclash-rust-v2rayn/apps/desktop/test/fix03b_custom_browse_test.dart: custom editor Browse outbound empty remarks gets the outbound prefix
01:37 +231 -1: C:/Users/Colby/Documents/Codex/2026-10-01/v2rayn-flclash-rust-v2rayn/apps/desktop/test/fix03b_custom_browse_test.dart: custom editor Browse outbound empty remarks gets the outbound prefix
01:37 +232 -1: C:/Users/Colby/Documents/Codex/2026-10-01/v2rayn-flclash-rust-v2rayn/apps/desktop/test/fix03b_custom_browse_test.dart: custom editor Browse outbound empty remarks gets the outbound prefix
01:37 +233 -1: C:/Users/Colby/Documents/Codex/2026-10-01/v2rayn-flclash-rust-v2rayn/apps/desktop/test/fix03b_custom_browse_test.dart: custom editor Browse outbound empty remarks gets the outbound prefix
01:37 +234 -1: C:/Users/Colby/Documents/Codex/2026-10-01/v2rayn-flclash-rust-v2rayn/apps/desktop/test/fix03b_custom_browse_test.dart: custom editor Browse outbound empty remarks gets the outbound prefix
01:37 +235 -1: C:/Users/Colby/Documents/Codex/2026-10-01/v2rayn-flclash-rust-v2rayn/apps/desktop/test/fix03b_custom_browse_test.dart: custom editor Browse outbound empty remarks gets the outbound prefix
01:37 +236 -1: C:/Users/Colby/Documents/Codex/2026-10-01/v2rayn-flclash-rust-v2rayn/apps/desktop/test/fix03b_custom_browse_test.dart: custom editor Browse outbound empty remarks gets the outbound prefix
01:37 +237 -1: C:/Users/Colby/Documents/Codex/2026-10-01/v2rayn-flclash-rust-v2rayn/apps/desktop/test/fix03b_custom_browse_test.dart: custom editor Browse outbound empty remarks gets the outbound prefix
01:37 +238 -1: C:/Users/Colby/Documents/Codex/2026-10-01/v2rayn-flclash-rust-v2rayn/apps/desktop/test/fix03b_custom_browse_test.dart: custom editor Browse outbound empty remarks gets the outbound prefix
01:37 +239 -1: C:/Users/Colby/Documents/Codex/2026-10-01/v2rayn-flclash-rust-v2rayn/apps/desktop/test/fix03b_custom_browse_test.dart: custom editor Browse outbound empty remarks gets the outbound prefix
01:37 +240 -1: C:/Users/Colby/Documents/Codex/2026-10-01/v2rayn-flclash-rust-v2rayn/apps/desktop/test/fix03b_custom_browse_test.dart: custom editor Browse outbound empty remarks gets the outbound prefix
01:38 +241 -1: C:/Users/Colby/Documents/Codex/2026-10-01/v2rayn-flclash-rust-v2rayn/apps/desktop/test/fix03b_custom_browse_test.dart: custom editor Browse outbound empty remarks gets the outbound prefix
01:43 +242 -1: C:/Users/Colby/Documents/Codex/2026-10-01/v2rayn-flclash-rust-v2rayn/apps/desktop/test/fix03b_custom_browse_test.dart: custom editor Browse outbound empty remarks gets the outbound prefix
01:43 +243 -1: C:/Users/Colby/Documents/Codex/2026-10-01/v2rayn-flclash-rust-v2rayn/apps/desktop/test/fix03b_custom_browse_test.dart: custom editor Browse outbound empty remarks gets the outbound prefix
01:43 +244 -1: C:/Users/Colby/Documents/Codex/2026-10-01/v2rayn-flclash-rust-v2rayn/apps/desktop/test/fix03b_custom_browse_test.dart: custom editor Browse outbound empty remarks gets the outbound prefix
01:43 +245 -1: C:/Users/Colby/Documents/Codex/2026-10-01/v2rayn-flclash-rust-v2rayn/apps/desktop/test/fix03b_custom_browse_test.dart: custom editor Browse outbound empty remarks gets the outbound prefix
01:43 +246 -1: C:/Users/Colby/Documents/Codex/2026-10-01/v2rayn-flclash-rust-v2rayn/apps/desktop/test/fix03b_custom_browse_test.dart: custom editor Browse outbound empty remarks gets the outbound prefix
01:43 +247 -1: C:/Users/Colby/Documents/Codex/2026-10-01/v2rayn-flclash-rust-v2rayn/apps/desktop/test/fix03b_custom_browse_test.dart: custom editor Browse outbound empty remarks gets the outbound prefix
01:43 +248 -1: C:/Users/Colby/Documents/Codex/2026-10-01/v2rayn-flclash-rust-v2rayn/apps/desktop/test/fix03b_custom_browse_test.dart: custom editor Browse outbound empty remarks gets the outbound prefix
01:44 +249 -1: C:/Users/Colby/Documents/Codex/2026-10-01/v2rayn-flclash-rust-v2rayn/apps/desktop/test/fix03b_custom_browse_test.dart: custom editor Browse outbound empty remarks gets the outbound prefix
01:44 +250 -1: C:/Users/Colby/Documents/Codex/2026-10-01/v2rayn-flclash-rust-v2rayn/apps/desktop/test/fix03b_custom_browse_test.dart: custom editor Browse outbound empty remarks gets the outbound prefix
01:44 +251 -1: C:/Users/Colby/Documents/Codex/2026-10-01/v2rayn-flclash-rust-v2rayn/apps/desktop/test/fix03b_custom_browse_test.dart: custom editor Browse outbound empty remarks gets the outbound prefix
01:44 +252 -1: C:/Users/Colby/Documents/Codex/2026-10-01/v2rayn-flclash-rust-v2rayn/apps/desktop/test/fix03b_custom_browse_test.dart: custom editor Browse outbound empty remarks gets the outbound prefix
01:45 +253 -1: C:/Users/Colby/Documents/Codex/2026-10-01/v2rayn-flclash-rust-v2rayn/apps/desktop/test/fix03b_custom_browse_test.dart: custom editor Browse outbound empty remarks gets the outbound prefix
01:46 +254 -1: C:/Users/Colby/Documents/Codex/2026-10-01/v2rayn-flclash-rust-v2rayn/apps/desktop/test/fix03b_custom_browse_test.dart: custom editor Browse outbound empty remarks gets the outbound prefix
01:46 +255 -1: C:/Users/Colby/Documents/Codex/2026-10-01/v2rayn-flclash-rust-v2rayn/apps/desktop/test/fix03b_custom_browse_test.dart: custom editor Browse outbound empty remarks gets the outbound prefix
01:46 +256 -1: C:/Users/Colby/Documents/Codex/2026-10-01/v2rayn-flclash-rust-v2rayn/apps/desktop/test/fix03b_custom_browse_test.dart: custom editor Browse outbound empty remarks gets the outbound prefix
01:46 +257 -1: C:/Users/Colby/Documents/Codex/2026-10-01/v2rayn-flclash-rust-v2rayn/apps/desktop/test/fix03b_custom_browse_test.dart: custom editor Browse outbound empty remarks gets the outbound prefix
01:47 +258 -1: C:/Users/Colby/Documents/Codex/2026-10-01/v2rayn-flclash-rust-v2rayn/apps/desktop/test/fix03b_custom_browse_test.dart: custom editor Browse outbound empty remarks gets the outbound prefix
01:47 +259 -1: C:/Users/Colby/Documents/Codex/2026-10-01/v2rayn-flclash-rust-v2rayn/apps/desktop/test/fix03b_custom_browse_test.dart: custom editor Browse outbound empty remarks gets the outbound prefix
01:49 +260 -1: C:/Users/Colby/Documents/Codex/2026-10-01/v2rayn-flclash-rust-v2rayn/apps/desktop/test/fix03b_custom_browse_test.dart: custom editor Browse outbound empty remarks gets the outbound prefix
01:49 +261 -1: C:/Users/Colby/Documents/Codex/2026-10-01/v2rayn-flclash-rust-v2rayn/apps/desktop/test/fix03b_custom_browse_test.dart: custom editor Browse outbound empty remarks gets the outbound prefix
01:49 +262 -1: C:/Users/Colby/Documents/Codex/2026-10-01/v2rayn-flclash-rust-v2rayn/apps/desktop/test/fix03b_custom_browse_test.dart: custom editor Browse outbound empty remarks gets the outbound prefix
01:49 +263 -1: C:/Users/Colby/Documents/Codex/2026-10-01/v2rayn-flclash-rust-v2rayn/apps/desktop/test/fix03b_custom_browse_test.dart: custom editor Browse outbound empty remarks gets the outbound prefix
01:49 +264 -1: C:/Users/Colby/Documents/Codex/2026-10-01/v2rayn-flclash-rust-v2rayn/apps/desktop/test/fix03b_custom_browse_test.dart: custom editor Browse outbound empty remarks gets the outbound prefix
01:49 +265 -1: C:/Users/Colby/Documents/Codex/2026-10-01/v2rayn-flclash-rust-v2rayn/apps/desktop/test/fix03b_custom_browse_test.dart: custom editor Browse outbound empty remarks gets the outbound prefix
01:50 +266 -1: C:/Users/Colby/Documents/Codex/2026-10-01/v2rayn-flclash-rust-v2rayn/apps/desktop/test/fix03b_custom_browse_test.dart: custom editor Browse outbound empty remarks gets the outbound prefix
01:50 +267 -1: C:/Users/Colby/Documents/Codex/2026-10-01/v2rayn-flclash-rust-v2rayn/apps/desktop/test/fix03b_custom_browse_test.dart: custom editor Browse outbound empty remarks gets the outbound prefix
01:50 +268 -1: C:/Users/Colby/Documents/Codex/2026-10-01/v2rayn-flclash-rust-v2rayn/apps/desktop/test/fix03b_custom_browse_test.dart: custom editor Browse outbound empty remarks gets the outbound prefix
01:50 +269 -1: C:/Users/Colby/Documents/Codex/2026-10-01/v2rayn-flclash-rust-v2rayn/apps/desktop/test/fix03b_custom_browse_test.dart: custom editor Browse outbound empty remarks gets the outbound prefix
01:51 +270 -1: C:/Users/Colby/Documents/Codex/2026-10-01/v2rayn-flclash-rust-v2rayn/apps/desktop/test/fix03b_custom_browse_test.dart: custom editor Browse outbound empty remarks gets the outbound prefix
01:51 +271 -1: C:/Users/Colby/Documents/Codex/2026-10-01/v2rayn-flclash-rust-v2rayn/apps/desktop/test/fix03b_custom_browse_test.dart: custom editor Browse outbound empty remarks gets the outbound prefix
01:51 +272 -1: C:/Users/Colby/Documents/Codex/2026-10-01/v2rayn-flclash-rust-v2rayn/apps/desktop/test/fix03b_custom_browse_test.dart: custom editor Browse outbound empty remarks gets the outbound prefix
01:51 +273 -1: C:/Users/Colby/Documents/Codex/2026-10-01/v2rayn-flclash-rust-v2rayn/apps/desktop/test/fix03b_custom_browse_test.dart: custom editor Browse outbound empty remarks gets the outbound prefix
01:52 +274 -1: C:/Users/Colby/Documents/Codex/2026-10-01/v2rayn-flclash-rust-v2rayn/apps/desktop/test/fix03b_custom_browse_test.dart: custom editor Browse outbound empty remarks gets the outbound prefix
01:52 +275 -1: C:/Users/Colby/Documents/Codex/2026-10-01/v2rayn-flclash-rust-v2rayn/apps/desktop/test/fix03b_custom_browse_test.dart: custom editor Browse outbound empty remarks gets the outbound prefix
01:52 +276 -1: C:/Users/Colby/Documents/Codex/2026-10-01/v2rayn-flclash-rust-v2rayn/apps/desktop/test/fix03b_custom_browse_test.dart: custom editor Browse outbound empty remarks gets the outbound prefix
01:52 +277 -1: C:/Users/Colby/Documents/Codex/2026-10-01/v2rayn-flclash-rust-v2rayn/apps/desktop/test/fix03b_custom_browse_test.dart: custom editor Browse outbound empty remarks gets the outbound prefix
01:52 +278 -1: C:/Users/Colby/Documents/Codex/2026-10-01/v2rayn-flclash-rust-v2rayn/apps/desktop/test/fix03b_custom_browse_test.dart: custom editor Browse outbound empty remarks gets the outbound prefix
01:52 +279 -1: C:/Users/Colby/Documents/Codex/2026-10-01/v2rayn-flclash-rust-v2rayn/apps/desktop/test/fix03b_custom_browse_test.dart: custom editor Browse outbound empty remarks gets the outbound prefix
01:53 +280 -1: C:/Users/Colby/Documents/Codex/2026-10-01/v2rayn-flclash-rust-v2rayn/apps/desktop/test/fix03b_custom_browse_test.dart: custom editor Browse outbound empty remarks gets the outbound prefix
01:53 +281 -1: C:/Users/Colby/Documents/Codex/2026-10-01/v2rayn-flclash-rust-v2rayn/apps/desktop/test/fix03b_custom_browse_test.dart: custom editor Browse outbound empty remarks gets the outbound prefix
01:53 +282 -1: C:/Users/Colby/Documents/Codex/2026-10-01/v2rayn-flclash-rust-v2rayn/apps/desktop/test/fix03b_custom_browse_test.dart: custom editor Browse outbound empty remarks gets the outbound prefix
01:53 +283 -1: C:/Users/Colby/Documents/Codex/2026-10-01/v2rayn-flclash-rust-v2rayn/apps/desktop/test/fix03b_custom_browse_test.dart: custom editor Browse outbound empty remarks gets the outbound prefix
01:54 +284 -1: C:/Users/Colby/Documents/Codex/2026-10-01/v2rayn-flclash-rust-v2rayn/apps/desktop/test/fix03b_custom_browse_test.dart: custom editor Browse outbound empty remarks gets the outbound prefix
01:54 +285 -1: C:/Users/Colby/Documents/Codex/2026-10-01/v2rayn-flclash-rust-v2rayn/apps/desktop/test/fix03b_custom_browse_test.dart: custom editor Browse outbound empty remarks gets the outbound prefix
01:54 +286 -1: C:/Users/Colby/Documents/Codex/2026-10-01/v2rayn-flclash-rust-v2rayn/apps/desktop/test/fix03b_custom_browse_test.dart: custom editor Browse outbound empty remarks gets the outbound prefix
01:54 +287 -1: C:/Users/Colby/Documents/Codex/2026-10-01/v2rayn-flclash-rust-v2rayn/apps/desktop/test/fix03b_custom_browse_test.dart: custom editor Browse outbound empty remarks gets the outbound prefix
01:54 +288 -1: C:/Users/Colby/Documents/Codex/2026-10-01/v2rayn-flclash-rust-v2rayn/apps/desktop/test/fix03b_custom_browse_test.dart: custom editor Browse outbound empty remarks gets the outbound prefix
01:54 +289 -1: C:/Users/Colby/Documents/Codex/2026-10-01/v2rayn-flclash-rust-v2rayn/apps/desktop/test/fix03b_custom_browse_test.dart: custom editor Browse outbound empty remarks gets the outbound prefix
01:54 +290 -1: C:/Users/Colby/Documents/Codex/2026-10-01/v2rayn-flclash-rust-v2rayn/apps/desktop/test/fix03b_custom_browse_test.dart: custom editor Browse outbound empty remarks gets the outbound prefix
01:55 +290 -2: loading C:/Users/Colby/Documents/Codex/2026-10-01/v2rayn-flclash-rust-v2rayn/apps/desktop/test/r4_13_s13_contract_test.dart [E]
  Failed to load "C:/Users/Colby/Documents/Codex/2026-10-01/v2rayn-flclash-rust-v2rayn/apps/desktop/test/r4_13_s13_contract_test.dart": Connection closed before test suite loaded.
01:56 +291 -2: C:/Users/Colby/Documents/Codex/2026-10-01/v2rayn-flclash-rust-v2rayn/apps/desktop/test/fix03b_custom_browse_test.dart: custom editor Browse outbound empty remarks gets the outbound prefix
01:56 +292 -2: C:/Users/Colby/Documents/Codex/2026-10-01/v2rayn-flclash-rust-v2rayn/apps/desktop/test/fix03b_custom_browse_test.dart: custom editor Browse outbound empty remarks gets the outbound prefix
01:56 +293 -2: C:/Users/Colby/Documents/Codex/2026-10-01/v2rayn-flclash-rust-v2rayn/apps/desktop/test/fix03b_custom_browse_test.dart: custom editor Browse outbound empty remarks gets the outbound prefix
01:56 +294 -2: C:/Users/Colby/Documents/Codex/2026-10-01/v2rayn-flclash-rust-v2rayn/apps/desktop/test/fix03b_custom_browse_test.dart: custom editor Browse outbound empty remarks gets the outbound prefix
01:56 +295 -2: C:/Users/Colby/Documents/Codex/2026-10-01/v2rayn-flclash-rust-v2rayn/apps/desktop/test/fix03b_custom_browse_test.dart: custom editor Browse outbound empty remarks gets the outbound prefix
01:56 +296 -2: C:/Users/Colby/Documents/Codex/2026-10-01/v2rayn-flclash-rust-v2rayn/apps/desktop/test/fix03b_custom_browse_test.dart: custom editor Browse outbound empty remarks gets the outbound prefix
01:57 +297 -2: C:/Users/Colby/Documents/Codex/2026-10-01/v2rayn-flclash-rust-v2rayn/apps/desktop/test/fix03b_custom_browse_test.dart: custom editor Browse outbound empty remarks gets the outbound prefix
01:57 +298 -2: C:/Users/Colby/Documents/Codex/2026-10-01/v2rayn-flclash-rust-v2rayn/apps/desktop/test/fix03b_custom_browse_test.dart: custom editor Browse outbound empty remarks gets the outbound prefix
01:57 +299 -2: C:/Users/Colby/Documents/Codex/2026-10-01/v2rayn-flclash-rust-v2rayn/apps/desktop/test/fix03b_custom_browse_test.dart: custom editor Browse outbound empty remarks gets the outbound prefix
01:57 +300 -2: C:/Users/Colby/Documents/Codex/2026-10-01/v2rayn-flclash-rust-v2rayn/apps/desktop/test/fix03b_custom_browse_test.dart: custom editor Browse outbound empty remarks gets the outbound prefix
01:58 +301 -2: C:/Users/Colby/Documents/Codex/2026-10-01/v2rayn-flclash-rust-v2rayn/apps/desktop/test/fix03b_custom_browse_test.dart: custom editor Browse outbound empty remarks gets the outbound prefix
01:58 +302 -2: C:/Users/Colby/Documents/Codex/2026-10-01/v2rayn-flclash-rust-v2rayn/apps/desktop/test/fix03b_custom_browse_test.dart: custom editor Browse outbound empty remarks gets the outbound prefix
01:58 +303 -2: C:/Users/Colby/Documents/Codex/2026-10-01/v2rayn-flclash-rust-v2rayn/apps/desktop/test/fix03b_custom_browse_test.dart: custom editor Browse outbound empty remarks gets the outbound prefix
01:58 +304 -2: C:/Users/Colby/Documents/Codex/2026-10-01/v2rayn-flclash-rust-v2rayn/apps/desktop/test/fix03b_custom_browse_test.dart: custom editor Browse outbound empty remarks gets the outbound prefix
01:59 +305 -2: C:/Users/Colby/Documents/Codex/2026-10-01/v2rayn-flclash-rust-v2rayn/apps/desktop/test/fix03b_custom_browse_test.dart: custom editor Browse outbound empty remarks gets the outbound prefix
01:59 +306 -2: C:/Users/Colby/Documents/Codex/2026-10-01/v2rayn-flclash-rust-v2rayn/apps/desktop/test/fix03b_custom_browse_test.dart: custom editor Browse outbound empty remarks gets the outbound prefix
01:59 +307 -2: C:/Users/Colby/Documents/Codex/2026-10-01/v2rayn-flclash-rust-v2rayn/apps/desktop/test/fix03b_custom_browse_test.dart: custom editor Browse outbound empty remarks gets the outbound prefix
01:59 +308 -2: C:/Users/Colby/Documents/Codex/2026-10-01/v2rayn-flclash-rust-v2rayn/apps/desktop/test/fix03b_custom_browse_test.dart: custom editor Browse outbound empty remarks gets the outbound prefix
01:59 +309 -2: C:/Users/Colby/Documents/Codex/2026-10-01/v2rayn-flclash-rust-v2rayn/apps/desktop/test/fix03b_custom_browse_test.dart: custom editor Browse outbound empty remarks gets the outbound prefix
01:59 +310 -2: C:/Users/Colby/Documents/Codex/2026-10-01/v2rayn-flclash-rust-v2rayn/apps/desktop/test/fix03b_custom_browse_test.dart: custom editor Browse outbound empty remarks gets the outbound prefix
01:59 +311 -2: C:/Users/Colby/Documents/Codex/2026-10-01/v2rayn-flclash-rust-v2rayn/apps/desktop/test/fix03b_custom_browse_test.dart: custom editor Browse outbound empty remarks gets the outbound prefix
02:00 +312 -2: C:/Users/Colby/Documents/Codex/2026-10-01/v2rayn-flclash-rust-v2rayn/apps/desktop/test/fix03b_custom_browse_test.dart: custom editor Browse outbound empty remarks gets the outbound prefix
02:00 +313 -2: C:/Users/Colby/Documents/Codex/2026-10-01/v2rayn-flclash-rust-v2rayn/apps/desktop/test/fix03b_custom_browse_test.dart: custom editor Browse outbound empty remarks gets the outbound prefix
02:01 +314 -2: C:/Users/Colby/Documents/Codex/2026-10-01/v2rayn-flclash-rust-v2rayn/apps/desktop/test/fix03b_custom_browse_test.dart: custom editor Browse outbound empty remarks gets the outbound prefix
02:02 +315 -2: C:/Users/Colby/Documents/Codex/2026-10-01/v2rayn-flclash-rust-v2rayn/apps/desktop/test/fix03b_custom_browse_test.dart: custom editor Browse outbound empty remarks gets the outbound prefix
02:02 +316 -2: C:/Users/Colby/Documents/Codex/2026-10-01/v2rayn-flclash-rust-v2rayn/apps/desktop/test/fix03b_custom_browse_test.dart: custom editor Browse outbound empty remarks gets the outbound prefix
02:02 +317 -2: C:/Users/Colby/Documents/Codex/2026-10-01/v2rayn-flclash-rust-v2rayn/apps/desktop/test/fix03b_custom_browse_test.dart: custom editor Browse outbound empty remarks gets the outbound prefix
02:02 +318 -2: C:/Users/Colby/Documents/Codex/2026-10-01/v2rayn-flclash-rust-v2rayn/apps/desktop/test/fix03b_custom_browse_test.dart: custom editor Browse outbound empty remarks gets the outbound prefix
02:03 +319 -2: C:/Users/Colby/Documents/Codex/2026-10-01/v2rayn-flclash-rust-v2rayn/apps/desktop/test/fix03b_custom_browse_test.dart: custom editor Browse outbound empty remarks gets the outbound prefix
02:03 +320 -2: C:/Users/Colby/Documents/Codex/2026-10-01/v2rayn-flclash-rust-v2rayn/apps/desktop/test/fix03b_custom_browse_test.dart: custom editor Browse outbound empty remarks gets the outbound prefix
02:03 +321 -2: C:/Users/Colby/Documents/Codex/2026-10-01/v2rayn-flclash-rust-v2rayn/apps/desktop/test/fix03b_custom_browse_test.dart: custom editor Browse outbound empty remarks gets the outbound prefix
02:03 +322 -2: C:/Users/Colby/Documents/Codex/2026-10-01/v2rayn-flclash-rust-v2rayn/apps/desktop/test/fix03b_custom_browse_test.dart: custom editor Browse outbound empty remarks gets the outbound prefix
02:04 +323 -2: C:/Users/Colby/Documents/Codex/2026-10-01/v2rayn-flclash-rust-v2rayn/apps/desktop/test/fix03b_custom_browse_test.dart: custom editor Browse outbound empty remarks gets the outbound prefix
02:04 +324 -2: C:/Users/Colby/Documents/Codex/2026-10-01/v2rayn-flclash-rust-v2rayn/apps/desktop/test/fix03b_custom_browse_test.dart: custom editor Browse outbound empty remarks gets the outbound prefix
02:05 +325 -2: C:/Users/Colby/Documents/Codex/2026-10-01/v2rayn-flclash-rust-v2rayn/apps/desktop/test/fix03b_custom_browse_test.dart: custom editor Browse outbound empty remarks gets the outbound prefix
02:05 +326 -2: C:/Users/Colby/Documents/Codex/2026-10-01/v2rayn-flclash-rust-v2rayn/apps/desktop/test/fix03b_custom_browse_test.dart: custom editor Browse outbound empty remarks gets the outbound prefix
02:05 +327 -2: C:/Users/Colby/Documents/Codex/2026-10-01/v2rayn-flclash-rust-v2rayn/apps/desktop/test/fix03b_custom_browse_test.dart: custom editor Browse outbound empty remarks gets the outbound prefix
02:05 +328 -2: C:/Users/Colby/Documents/Codex/2026-10-01/v2rayn-flclash-rust-v2rayn/apps/desktop/test/fix03b_custom_browse_test.dart: custom editor Browse outbound empty remarks gets the outbound prefix
02:05 +329 -2: C:/Users/Colby/Documents/Codex/2026-10-01/v2rayn-flclash-rust-v2rayn/apps/desktop/test/fix03b_custom_browse_test.dart: custom editor Browse outbound empty remarks gets the outbound prefix
02:05 +330 -2: C:/Users/Colby/Documents/Codex/2026-10-01/v2rayn-flclash-rust-v2rayn/apps/desktop/test/fix03b_custom_browse_test.dart: custom editor Browse outbound empty remarks gets the outbound prefix
02:05 +331 -2: C:/Users/Colby/Documents/Codex/2026-10-01/v2rayn-flclash-rust-v2rayn/apps/desktop/test/fix03b_custom_browse_test.dart: custom editor Browse outbound empty remarks gets the outbound prefix
02:05 +332 -2: C:/Users/Colby/Documents/Codex/2026-10-01/v2rayn-flclash-rust-v2rayn/apps/desktop/test/fix03b_custom_browse_test.dart: custom editor Browse outbound empty remarks gets the outbound prefix
02:05 +333 -2: C:/Users/Colby/Documents/Codex/2026-10-01/v2rayn-flclash-rust-v2rayn/apps/desktop/test/fix03b_custom_browse_test.dart: custom editor Browse outbound empty remarks gets the outbound prefix
02:05 +334 -2: C:/Users/Colby/Documents/Codex/2026-10-01/v2rayn-flclash-rust-v2rayn/apps/desktop/test/fix03b_custom_browse_test.dart: custom editor Browse outbound empty remarks gets the outbound prefix
02:05 +335 -2: C:/Users/Colby/Documents/Codex/2026-10-01/v2rayn-flclash-rust-v2rayn/apps/desktop/test/fix03b_custom_browse_test.dart: custom editor Browse outbound empty remarks gets the outbound prefix
02:05 +336 -2: C:/Users/Colby/Documents/Codex/2026-10-01/v2rayn-flclash-rust-v2rayn/apps/desktop/test/fix03b_custom_browse_test.dart: custom editor Browse outbound empty remarks gets the outbound prefix
02:06 +337 -2: C:/Users/Colby/Documents/Codex/2026-10-01/v2rayn-flclash-rust-v2rayn/apps/desktop/test/fix03b_custom_browse_test.dart: custom editor Browse outbound empty remarks gets the outbound prefix
02:07 +338 -2: C:/Users/Colby/Documents/Codex/2026-10-01/v2rayn-flclash-rust-v2rayn/apps/desktop/test/fix03b_custom_browse_test.dart: custom editor Browse outbound empty remarks gets the outbound prefix
02:07 +339 -2: C:/Users/Colby/Documents/Codex/2026-10-01/v2rayn-flclash-rust-v2rayn/apps/desktop/test/fix03b_custom_browse_test.dart: custom editor Browse outbound empty remarks gets the outbound prefix
02:07 +340 -2: C:/Users/Colby/Documents/Codex/2026-10-01/v2rayn-flclash-rust-v2rayn/apps/desktop/test/fix03b_custom_browse_test.dart: custom editor Browse outbound empty remarks gets the outbound prefix
02:07 +341 -2: C:/Users/Colby/Documents/Codex/2026-10-01/v2rayn-flclash-rust-v2rayn/apps/desktop/test/fix03b_custom_browse_test.dart: custom editor Browse outbound empty remarks gets the outbound prefix
02:07 +342 -2: C:/Users/Colby/Documents/Codex/2026-10-01/v2rayn-flclash-rust-v2rayn/apps/desktop/test/fix03b_custom_browse_test.dart: custom editor Browse outbound empty remarks gets the outbound prefix
02:09 +343 -2: C:/Users/Colby/Documents/Codex/2026-10-01/v2rayn-flclash-rust-v2rayn/apps/desktop/test/fix03b_custom_browse_test.dart: custom editor Browse outbound empty remarks gets the outbound prefix
02:09 +344 -2: C:/Users/Colby/Documents/Codex/2026-10-01/v2rayn-flclash-rust-v2rayn/apps/desktop/test/fix03b_custom_browse_test.dart: custom editor Browse outbound empty remarks gets the outbound prefix
02:10 +345 -2: C:/Users/Colby/Documents/Codex/2026-10-01/v2rayn-flclash-rust-v2rayn/apps/desktop/test/fix03b_custom_browse_test.dart: custom editor Browse outbound empty remarks gets the outbound prefix
02:10 +346 -2: C:/Users/Colby/Documents/Codex/2026-10-01/v2rayn-flclash-rust-v2rayn/apps/desktop/test/fix03b_custom_browse_test.dart: custom editor Browse outbound empty remarks gets the outbound prefix
02:13 +347 -2: C:/Users/Colby/Documents/Codex/2026-10-01/v2rayn-flclash-rust-v2rayn/apps/desktop/test/fix03b_custom_browse_test.dart: custom editor Browse outbound empty remarks gets the outbound prefix
02:16 +348 -2: C:/Users/Colby/Documents/Codex/2026-10-01/v2rayn-flclash-rust-v2rayn/apps/desktop/test/fix03b_custom_browse_test.dart: custom editor Browse outbound empty remarks gets the outbound prefix
02:16 +349 -2: C:/Users/Colby/Documents/Codex/2026-10-01/v2rayn-flclash-rust-v2rayn/apps/desktop/test/fix03b_custom_browse_test.dart: custom editor Browse outbound empty remarks gets the outbound prefix
02:18 +350 -2: C:/Users/Colby/Documents/Codex/2026-10-01/v2rayn-flclash-rust-v2rayn/apps/desktop/test/fix03b_custom_browse_test.dart: custom editor Browse outbound empty remarks gets the outbound prefix
02:18 +351 -2: C:/Users/Colby/Documents/Codex/2026-10-01/v2rayn-flclash-rust-v2rayn/apps/desktop/test/fix03b_custom_browse_test.dart: custom editor Browse outbound empty remarks gets the outbound prefix
02:18 +352 -2: C:/Users/Colby/Documents/Codex/2026-10-01/v2rayn-flclash-rust-v2rayn/apps/desktop/test/fix03b_custom_browse_test.dart: custom editor Browse outbound empty remarks gets the outbound prefix
02:19 +353 -2: C:/Users/Colby/Documents/Codex/2026-10-01/v2rayn-flclash-rust-v2rayn/apps/desktop/test/fix03b_custom_browse_test.dart: custom editor Browse outbound empty remarks gets the outbound prefix
02:19 +354 -2: C:/Users/Colby/Documents/Codex/2026-10-01/v2rayn-flclash-rust-v2rayn/apps/desktop/test/fix03b_custom_browse_test.dart: custom editor Browse outbound empty remarks gets the outbound prefix
02:20 +355 -2: C:/Users/Colby/Documents/Codex/2026-10-01/v2rayn-flclash-rust-v2rayn/apps/desktop/test/fix03b_custom_browse_test.dart: custom editor Browse outbound empty remarks gets the outbound prefix
02:20 +356 -2: C:/Users/Colby/Documents/Codex/2026-10-01/v2rayn-flclash-rust-v2rayn/apps/desktop/test/fix03b_custom_browse_test.dart: custom editor Browse outbound empty remarks gets the outbound prefix
02:22 +357 -2: C:/Users/Colby/Documents/Codex/2026-10-01/v2rayn-flclash-rust-v2rayn/apps/desktop/test/fix03b_custom_browse_test.dart: custom editor Browse outbound empty remarks gets the outbound prefix
02:22 +358 -2: C:/Users/Colby/Documents/Codex/2026-10-01/v2rayn-flclash-rust-v2rayn/apps/desktop/test/fix03b_custom_browse_test.dart: custom editor Browse outbound empty remarks gets the outbound prefix
02:22 +359 -2: C:/Users/Colby/Documents/Codex/2026-10-01/v2rayn-flclash-rust-v2rayn/apps/desktop/test/fix03b_custom_browse_test.dart: custom editor Browse outbound empty remarks gets the outbound prefix
02:22 +360 -2: C:/Users/Colby/Documents/Codex/2026-10-01/v2rayn-flclash-rust-v2rayn/apps/desktop/test/fix03b_custom_browse_test.dart: custom editor Browse outbound empty remarks gets the outbound prefix
02:24 +361 -2: C:/Users/Colby/Documents/Codex/2026-10-01/v2rayn-flclash-rust-v2rayn/apps/desktop/test/fix03b_custom_browse_test.dart: custom editor Browse outbound empty remarks gets the outbound prefix
02:25 +362 -2: C:/Users/Colby/Documents/Codex/2026-10-01/v2rayn-flclash-rust-v2rayn/apps/desktop/test/fix03b_custom_browse_test.dart: custom editor Browse outbound empty remarks gets the outbound prefix
02:25 +363 -2: C:/Users/Colby/Documents/Codex/2026-10-01/v2rayn-flclash-rust-v2rayn/apps/desktop/test/fix03b_custom_browse_test.dart: custom editor Browse outbound empty remarks gets the outbound prefix
02:25 +364 -2: C:/Users/Colby/Documents/Codex/2026-10-01/v2rayn-flclash-rust-v2rayn/apps/desktop/test/fix03b_custom_browse_test.dart: custom editor Browse outbound empty remarks gets the outbound prefix
02:26 +365 -2: C:/Users/Colby/Documents/Codex/2026-10-01/v2rayn-flclash-rust-v2rayn/apps/desktop/test/fix03b_custom_browse_test.dart: custom editor Browse outbound empty remarks gets the outbound prefix
02:26 +366 -2: C:/Users/Colby/Documents/Codex/2026-10-01/v2rayn-flclash-rust-v2rayn/apps/desktop/test/fix03b_custom_browse_test.dart: custom editor Browse outbound empty remarks gets the outbound prefix
02:26 +367 -2: C:/Users/Colby/Documents/Codex/2026-10-01/v2rayn-flclash-rust-v2rayn/apps/desktop/test/fix03b_custom_browse_test.dart: custom editor Browse outbound empty remarks gets the outbound prefix
02:26 +368 -2: C:/Users/Colby/Documents/Codex/2026-10-01/v2rayn-flclash-rust-v2rayn/apps/desktop/test/fix03b_custom_browse_test.dart: custom editor Browse outbound empty remarks gets the outbound prefix
02:28 +369 -2: C:/Users/Colby/Documents/Codex/2026-10-01/v2rayn-flclash-rust-v2rayn/apps/desktop/test/fix03b_custom_browse_test.dart: custom editor Browse outbound empty remarks gets the outbound prefix
02:28 +370 -2: C:/Users/Colby/Documents/Codex/2026-10-01/v2rayn-flclash-rust-v2rayn/apps/desktop/test/fix03b_custom_browse_test.dart: custom editor Browse outbound empty remarks gets the outbound prefix
02:28 +371 -2: C:/Users/Colby/Documents/Codex/2026-10-01/v2rayn-flclash-rust-v2rayn/apps/desktop/test/fix03b_custom_browse_test.dart: custom editor Browse outbound empty remarks gets the outbound prefix
02:28 +372 -2: C:/Users/Colby/Documents/Codex/2026-10-01/v2rayn-flclash-rust-v2rayn/apps/desktop/test/fix03b_custom_browse_test.dart: custom editor Browse outbound empty remarks gets the outbound prefix
02:29 +373 -2: C:/Users/Colby/Documents/Codex/2026-10-01/v2rayn-flclash-rust-v2rayn/apps/desktop/test/fix03b_custom_browse_test.dart: custom editor Browse outbound empty remarks gets the outbound prefix
02:31 +374 -2: C:/Users/Colby/Documents/Codex/2026-10-01/v2rayn-flclash-rust-v2rayn/apps/desktop/test/fix03b_custom_browse_test.dart: custom editor Browse outbound empty remarks gets the outbound prefix
02:31 +375 -2: C:/Users/Colby/Documents/Codex/2026-10-01/v2rayn-flclash-rust-v2rayn/apps/desktop/test/fix03b_custom_browse_test.dart: custom editor Browse outbound empty remarks gets the outbound prefix
02:31 +376 -2: C:/Users/Colby/Documents/Codex/2026-10-01/v2rayn-flclash-rust-v2rayn/apps/desktop/test/fix03b_custom_browse_test.dart: custom editor Browse outbound empty remarks gets the outbound prefix
02:31 +377 -2: C:/Users/Colby/Documents/Codex/2026-10-01/v2rayn-flclash-rust-v2rayn/apps/desktop/test/fix03b_custom_browse_test.dart: custom editor Browse outbound empty remarks gets the outbound prefix
02:31 +378 -2: C:/Users/Colby/Documents/Codex/2026-10-01/v2rayn-flclash-rust-v2rayn/apps/desktop/test/fix03b_custom_browse_test.dart: custom editor Browse outbound empty remarks gets the outbound prefix
02:31 +379 -2: C:/Users/Colby/Documents/Codex/2026-10-01/v2rayn-flclash-rust-v2rayn/apps/desktop/test/fix03b_custom_browse_test.dart: custom editor Browse outbound empty remarks gets the outbound prefix
02:32 +380 -2: C:/Users/Colby/Documents/Codex/2026-10-01/v2rayn-flclash-rust-v2rayn/apps/desktop/test/fix03b_custom_browse_test.dart: custom editor Browse outbound empty remarks gets the outbound prefix
02:32 +381 -2: C:/Users/Colby/Documents/Codex/2026-10-01/v2rayn-flclash-rust-v2rayn/apps/desktop/test/fix03b_custom_browse_test.dart: custom editor Browse outbound empty remarks gets the outbound prefix
02:32 +382 -2: C:/Users/Colby/Documents/Codex/2026-10-01/v2rayn-flclash-rust-v2rayn/apps/desktop/test/fix03b_custom_browse_test.dart: custom editor Browse outbound empty remarks gets the outbound prefix
02:32 +383 -2: C:/Users/Colby/Documents/Codex/2026-10-01/v2rayn-flclash-rust-v2rayn/apps/desktop/test/fix03b_custom_browse_test.dart: custom editor Browse outbound empty remarks gets the outbound prefix
02:32 +384 -2: C:/Users/Colby/Documents/Codex/2026-10-01/v2rayn-flclash-rust-v2rayn/apps/desktop/test/fix03b_custom_browse_test.dart: custom editor Browse outbound empty remarks gets the outbound prefix
02:32 +385 -2: C:/Users/Colby/Documents/Codex/2026-10-01/v2rayn-flclash-rust-v2rayn/apps/desktop/test/fix03b_custom_browse_test.dart: custom editor Browse outbound empty remarks gets the outbound prefix
02:32 +386 -2: C:/Users/Colby/Documents/Codex/2026-10-01/v2rayn-flclash-rust-v2rayn/apps/desktop/test/fix03b_custom_browse_test.dart: custom editor Browse outbound empty remarks gets the outbound prefix
02:33 +387 -2: C:/Users/Colby/Documents/Codex/2026-10-01/v2rayn-flclash-rust-v2rayn/apps/desktop/test/fix03b_custom_browse_test.dart: custom editor Browse outbound empty remarks gets the outbound prefix
02:33 +388 -2: C:/Users/Colby/Documents/Codex/2026-10-01/v2rayn-flclash-rust-v2rayn/apps/desktop/test/fix03b_custom_browse_test.dart: custom editor Browse outbound empty remarks gets the outbound prefix
02:33 +389 -2: C:/Users/Colby/Documents/Codex/2026-10-01/v2rayn-flclash-rust-v2rayn/apps/desktop/test/fix03b_custom_browse_test.dart: custom editor Browse outbound empty remarks gets the outbound prefix
02:34 +390 -2: C:/Users/Colby/Documents/Codex/2026-10-01/v2rayn-flclash-rust-v2rayn/apps/desktop/test/fix03b_custom_browse_test.dart: custom editor Browse outbound empty remarks gets the outbound prefix
02:34 +391 -2: C:/Users/Colby/Documents/Codex/2026-10-01/v2rayn-flclash-rust-v2rayn/apps/desktop/test/fix03b_custom_browse_test.dart: custom editor Browse outbound empty remarks gets the outbound prefix
02:35 +392 -2: C:/Users/Colby/Documents/Codex/2026-10-01/v2rayn-flclash-rust-v2rayn/apps/desktop/test/fix03b_custom_browse_test.dart: custom editor Browse outbound empty remarks gets the outbound prefix
02:35 +393 -2: C:/Users/Colby/Documents/Codex/2026-10-01/v2rayn-flclash-rust-v2rayn/apps/desktop/test/fix03b_custom_browse_test.dart: custom editor Browse outbound empty remarks gets the outbound prefix
02:35 +394 -2: C:/Users/Colby/Documents/Codex/2026-10-01/v2rayn-flclash-rust-v2rayn/apps/desktop/test/fix03b_custom_browse_test.dart: custom editor Browse outbound empty remarks gets the outbound prefix
02:35 +395 -2: C:/Users/Colby/Documents/Codex/2026-10-01/v2rayn-flclash-rust-v2rayn/apps/desktop/test/fix03b_custom_browse_test.dart: custom editor Browse outbound empty remarks gets the outbound prefix
02:35 +396 -2: C:/Users/Colby/Documents/Codex/2026-10-01/v2rayn-flclash-rust-v2rayn/apps/desktop/test/fix03b_custom_browse_test.dart: custom editor Browse outbound empty remarks gets the outbound prefix
02:35 +397 -2: C:/Users/Colby/Documents/Codex/2026-10-01/v2rayn-flclash-rust-v2rayn/apps/desktop/test/fix03b_custom_browse_test.dart: custom editor Browse outbound empty remarks gets the outbound prefix
02:36 +398 -2: C:/Users/Colby/Documents/Codex/2026-10-01/v2rayn-flclash-rust-v2rayn/apps/desktop/test/fix03b_custom_browse_test.dart: custom editor Browse outbound empty remarks gets the outbound prefix
02:36 +399 -2: C:/Users/Colby/Documents/Codex/2026-10-01/v2rayn-flclash-rust-v2rayn/apps/desktop/test/fix03b_custom_browse_test.dart: custom editor Browse outbound empty remarks gets the outbound prefix
02:36 +400 -2: C:/Users/Colby/Documents/Codex/2026-10-01/v2rayn-flclash-rust-v2rayn/apps/desktop/test/fix03b_custom_browse_test.dart: custom editor Browse outbound empty remarks gets the outbound prefix
02:36 +401 -2: C:/Users/Colby/Documents/Codex/2026-10-01/v2rayn-flclash-rust-v2rayn/apps/desktop/test/fix03b_custom_browse_test.dart: custom editor Browse outbound empty remarks gets the outbound prefix
02:36 +402 -2: C:/Users/Colby/Documents/Codex/2026-10-01/v2rayn-flclash-rust-v2rayn/apps/desktop/test/fix03b_custom_browse_test.dart: custom editor Browse outbound empty remarks gets the outbound prefix
02:36 +403 -2: C:/Users/Colby/Documents/Codex/2026-10-01/v2rayn-flclash-rust-v2rayn/apps/desktop/test/fix03b_custom_browse_test.dart: custom editor Browse outbound empty remarks gets the outbound prefix
02:36 +404 -2: C:/Users/Colby/Documents/Codex/2026-10-01/v2rayn-flclash-rust-v2rayn/apps/desktop/test/fix03b_custom_browse_test.dart: custom editor Browse outbound empty remarks gets the outbound prefix
02:36 +405 -2: C:/Users/Colby/Documents/Codex/2026-10-01/v2rayn-flclash-rust-v2rayn/apps/desktop/test/fix03b_custom_browse_test.dart: custom editor Browse outbound empty remarks gets the outbound prefix
02:36 +406 -2: C:/Users/Colby/Documents/Codex/2026-10-01/v2rayn-flclash-rust-v2rayn/apps/desktop/test/fix03b_custom_browse_test.dart: custom editor Browse outbound empty remarks gets the outbound prefix
02:36 +407 -2: C:/Users/Colby/Documents/Codex/2026-10-01/v2rayn-flclash-rust-v2rayn/apps/desktop/test/fix03b_custom_browse_test.dart: custom editor Browse outbound empty remarks gets the outbound prefix
02:36 +408 -2: C:/Users/Colby/Documents/Codex/2026-10-01/v2rayn-flclash-rust-v2rayn/apps/desktop/test/fix03b_custom_browse_test.dart: custom editor Browse outbound empty remarks gets the outbound prefix
02:36 +409 -2: C:/Users/Colby/Documents/Codex/2026-10-01/v2rayn-flclash-rust-v2rayn/apps/desktop/test/fix03b_custom_browse_test.dart: custom editor Browse outbound empty remarks gets the outbound prefix
02:36 +410 -2: C:/Users/Colby/Documents/Codex/2026-10-01/v2rayn-flclash-rust-v2rayn/apps/desktop/test/fix03b_custom_browse_test.dart: custom editor Browse outbound empty remarks gets the outbound prefix
02:36 +411 -2: C:/Users/Colby/Documents/Codex/2026-10-01/v2rayn-flclash-rust-v2rayn/apps/desktop/test/fix03b_custom_browse_test.dart: custom editor Browse outbound empty remarks gets the outbound prefix
02:36 +412 -2: C:/Users/Colby/Documents/Codex/2026-10-01/v2rayn-flclash-rust-v2rayn/apps/desktop/test/fix03b_custom_browse_test.dart: custom editor Browse outbound empty remarks gets the outbound prefix
02:36 +413 -2: C:/Users/Colby/Documents/Codex/2026-10-01/v2rayn-flclash-rust-v2rayn/apps/desktop/test/fix03b_custom_browse_test.dart: custom editor Browse outbound empty remarks gets the outbound prefix
02:36 +414 -2: C:/Users/Colby/Documents/Codex/2026-10-01/v2rayn-flclash-rust-v2rayn/apps/desktop/test/fix03b_custom_browse_test.dart: custom editor Browse outbound empty remarks gets the outbound prefix
02:36 +415 -2: C:/Users/Colby/Documents/Codex/2026-10-01/v2rayn-flclash-rust-v2rayn/apps/desktop/test/fix03b_custom_browse_test.dart: custom editor Browse outbound empty remarks gets the outbound prefix
02:36 +416 -2: C:/Users/Colby/Documents/Codex/2026-10-01/v2rayn-flclash-rust-v2rayn/apps/desktop/test/fix03b_custom_browse_test.dart: custom editor Browse outbound empty remarks gets the outbound prefix
02:36 +417 -2: C:/Users/Colby/Documents/Codex/2026-10-01/v2rayn-flclash-rust-v2rayn/apps/desktop/test/fix03b_custom_browse_test.dart: custom editor Browse outbound empty remarks gets the outbound prefix
02:37 +418 -2: C:/Users/Colby/Documents/Codex/2026-10-01/v2rayn-flclash-rust-v2rayn/apps/desktop/test/fix03b_custom_browse_test.dart: custom editor Browse outbound empty remarks gets the outbound prefix
02:37 +419 -2: C:/Users/Colby/Documents/Codex/2026-10-01/v2rayn-flclash-rust-v2rayn/apps/desktop/test/fix03b_custom_browse_test.dart: custom editor Browse outbound empty remarks gets the outbound prefix
02:37 +420 -2: C:/Users/Colby/Documents/Codex/2026-10-01/v2rayn-flclash-rust-v2rayn/apps/desktop/test/fix03b_custom_browse_test.dart: custom editor Browse outbound empty remarks gets the outbound prefix
02:37 +421 -2: C:/Users/Colby/Documents/Codex/2026-10-01/v2rayn-flclash-rust-v2rayn/apps/desktop/test/fix03b_custom_browse_test.dart: custom editor Browse outbound empty remarks gets the outbound prefix
02:37 +422 -2: C:/Users/Colby/Documents/Codex/2026-10-01/v2rayn-flclash-rust-v2rayn/apps/desktop/test/fix03b_custom_browse_test.dart: custom editor Browse outbound empty remarks gets the outbound prefix
02:37 +423 -2: C:/Users/Colby/Documents/Codex/2026-10-01/v2rayn-flclash-rust-v2rayn/apps/desktop/test/fix03b_custom_browse_test.dart: custom editor Browse outbound empty remarks gets the outbound prefix
02:37 +424 -2: C:/Users/Colby/Documents/Codex/2026-10-01/v2rayn-flclash-rust-v2rayn/apps/desktop/test/fix03b_custom_browse_test.dart: custom editor Browse outbound empty remarks gets the outbound prefix
02:37 +425 -2: C:/Users/Colby/Documents/Codex/2026-10-01/v2rayn-flclash-rust-v2rayn/apps/desktop/test/fix03b_custom_browse_test.dart: custom editor Browse outbound empty remarks gets the outbound prefix
02:37 +426 -2: C:/Users/Colby/Documents/Codex/2026-10-01/v2rayn-flclash-rust-v2rayn/apps/desktop/test/fix03b_custom_browse_test.dart: custom editor Browse outbound empty remarks gets the outbound prefix
02:37 +427 -2: C:/Users/Colby/Documents/Codex/2026-10-01/v2rayn-flclash-rust-v2rayn/apps/desktop/test/fix03b_custom_browse_test.dart: custom editor Browse outbound empty remarks gets the outbound prefix
02:37 +428 -2: C:/Users/Colby/Documents/Codex/2026-10-01/v2rayn-flclash-rust-v2rayn/apps/desktop/test/fix03b_custom_browse_test.dart: custom editor Browse outbound empty remarks gets the outbound prefix
02:37 +429 -2: C:/Users/Colby/Documents/Codex/2026-10-01/v2rayn-flclash-rust-v2rayn/apps/desktop/test/fix03b_custom_browse_test.dart: custom editor Browse outbound empty remarks gets the outbound prefix
02:37 +430 -2: C:/Users/Colby/Documents/Codex/2026-10-01/v2rayn-flclash-rust-v2rayn/apps/desktop/test/fix03b_custom_browse_test.dart: custom editor Browse outbound empty remarks gets the outbound prefix
02:37 +431 -2: C:/Users/Colby/Documents/Codex/2026-10-01/v2rayn-flclash-rust-v2rayn/apps/desktop/test/fix03b_custom_browse_test.dart: custom editor Browse outbound empty remarks gets the outbound prefix
02:37 +432 -2: C:/Users/Colby/Documents/Codex/2026-10-01/v2rayn-flclash-rust-v2rayn/apps/desktop/test/fix03b_custom_browse_test.dart: custom editor Browse outbound empty remarks gets the outbound prefix
02:37 +433 -2: C:/Users/Colby/Documents/Codex/2026-10-01/v2rayn-flclash-rust-v2rayn/apps/desktop/test/fix03b_custom_browse_test.dart: custom editor Browse outbound empty remarks gets the outbound prefix
02:37 +434 -2: C:/Users/Colby/Documents/Codex/2026-10-01/v2rayn-flclash-rust-v2rayn/apps/desktop/test/fix03b_custom_browse_test.dart: custom editor Browse outbound empty remarks gets the outbound prefix
02:37 +435 -2: C:/Users/Colby/Documents/Codex/2026-10-01/v2rayn-flclash-rust-v2rayn/apps/desktop/test/fix03b_custom_browse_test.dart: custom editor Browse outbound empty remarks gets the outbound prefix
02:37 +436 -2: C:/Users/Colby/Documents/Codex/2026-10-01/v2rayn-flclash-rust-v2rayn/apps/desktop/test/fix03b_custom_browse_test.dart: custom editor Browse outbound empty remarks gets the outbound prefix
02:37 +437 -2: C:/Users/Colby/Documents/Codex/2026-10-01/v2rayn-flclash-rust-v2rayn/apps/desktop/test/fix03b_custom_browse_test.dart: custom editor Browse outbound empty remarks gets the outbound prefix
02:37 +438 -2: C:/Users/Colby/Documents/Codex/2026-10-01/v2rayn-flclash-rust-v2rayn/apps/desktop/test/fix03b_custom_browse_test.dart: custom editor Browse outbound empty remarks gets the outbound prefix
02:37 +439 -2: C:/Users/Colby/Documents/Codex/2026-10-01/v2rayn-flclash-rust-v2rayn/apps/desktop/test/fix03b_custom_browse_test.dart: custom editor Browse outbound empty remarks gets the outbound prefix
02:37 +440 -2: C:/Users/Colby/Documents/Codex/2026-10-01/v2rayn-flclash-rust-v2rayn/apps/desktop/test/fix03b_custom_browse_test.dart: custom editor Browse outbound empty remarks gets the outbound prefix
02:37 +441 -2: C:/Users/Colby/Documents/Codex/2026-10-01/v2rayn-flclash-rust-v2rayn/apps/desktop/test/fix03b_custom_browse_test.dart: custom editor Browse outbound empty remarks gets the outbound prefix
02:37 +442 -2: C:/Users/Colby/Documents/Codex/2026-10-01/v2rayn-flclash-rust-v2rayn/apps/desktop/test/fix03b_custom_browse_test.dart: custom editor Browse outbound empty remarks gets the outbound prefix
02:37 +443 -2: C:/Users/Colby/Documents/Codex/2026-10-01/v2rayn-flclash-rust-v2rayn/apps/desktop/test/fix03b_custom_browse_test.dart: custom editor Browse outbound empty remarks gets the outbound prefix
02:37 +444 -2: C:/Users/Colby/Documents/Codex/2026-10-01/v2rayn-flclash-rust-v2rayn/apps/desktop/test/fix03b_custom_browse_test.dart: custom editor Browse outbound empty remarks gets the outbound prefix
02:37 +445 -2: C:/Users/Colby/Documents/Codex/2026-10-01/v2rayn-flclash-rust-v2rayn/apps/desktop/test/fix03b_custom_browse_test.dart: custom editor Browse outbound empty remarks gets the outbound prefix
02:37 +446 -2: C:/Users/Colby/Documents/Codex/2026-10-01/v2rayn-flclash-rust-v2rayn/apps/desktop/test/fix03b_custom_browse_test.dart: custom editor Browse outbound empty remarks gets the outbound prefix
02:37 +447 -2: C:/Users/Colby/Documents/Codex/2026-10-01/v2rayn-flclash-rust-v2rayn/apps/desktop/test/fix03b_custom_browse_test.dart: custom editor Browse outbound empty remarks gets the outbound prefix
02:37 +448 -2: C:/Users/Colby/Documents/Codex/2026-10-01/v2rayn-flclash-rust-v2rayn/apps/desktop/test/fix03b_custom_browse_test.dart: custom editor Browse outbound empty remarks gets the outbound prefix
02:37 +449 -2: C:/Users/Colby/Documents/Codex/2026-10-01/v2rayn-flclash-rust-v2rayn/apps/desktop/test/fix03b_custom_browse_test.dart: custom editor Browse outbound empty remarks gets the outbound prefix
02:38 +450 -2: C:/Users/Colby/Documents/Codex/2026-10-01/v2rayn-flclash-rust-v2rayn/apps/desktop/test/fix03b_custom_browse_test.dart: custom editor Browse outbound empty remarks gets the outbound prefix
02:38 +451 -2: C:/Users/Colby/Documents/Codex/2026-10-01/v2rayn-flclash-rust-v2rayn/apps/desktop/test/fix03b_custom_browse_test.dart: custom editor Browse outbound empty remarks gets the outbound prefix
02:38 +452 -2: C:/Users/Colby/Documents/Codex/2026-10-01/v2rayn-flclash-rust-v2rayn/apps/desktop/test/fix03b_custom_browse_test.dart: custom editor Browse outbound empty remarks gets the outbound prefix
02:38 +453 -2: C:/Users/Colby/Documents/Codex/2026-10-01/v2rayn-flclash-rust-v2rayn/apps/desktop/test/fix03b_custom_browse_test.dart: custom editor Browse outbound empty remarks gets the outbound prefix
02:38 +454 -2: C:/Users/Colby/Documents/Codex/2026-10-01/v2rayn-flclash-rust-v2rayn/apps/desktop/test/fix03b_custom_browse_test.dart: custom editor Browse outbound empty remarks gets the outbound prefix
02:38 +455 -2: C:/Users/Colby/Documents/Codex/2026-10-01/v2rayn-flclash-rust-v2rayn/apps/desktop/test/fix03b_custom_browse_test.dart: custom editor Browse outbound empty remarks gets the outbound prefix
02:38 +456 -2: C:/Users/Colby/Documents/Codex/2026-10-01/v2rayn-flclash-rust-v2rayn/apps/desktop/test/fix03b_custom_browse_test.dart: custom editor Browse outbound empty remarks gets the outbound prefix
02:38 +457 -2: C:/Users/Colby/Documents/Codex/2026-10-01/v2rayn-flclash-rust-v2rayn/apps/desktop/test/fix03b_custom_browse_test.dart: custom editor Browse outbound empty remarks gets the outbound prefix
02:38 +458 -2: C:/Users/Colby/Documents/Codex/2026-10-01/v2rayn-flclash-rust-v2rayn/apps/desktop/test/fix03b_custom_browse_test.dart: custom editor Browse outbound empty remarks gets the outbound prefix
02:39 +459 -2: C:/Users/Colby/Documents/Codex/2026-10-01/v2rayn-flclash-rust-v2rayn/apps/desktop/test/fix03b_custom_browse_test.dart: custom editor Browse outbound empty remarks gets the outbound prefix
02:39 +460 -2: C:/Users/Colby/Documents/Codex/2026-10-01/v2rayn-flclash-rust-v2rayn/apps/desktop/test/fix03b_custom_browse_test.dart: custom editor Browse outbound empty remarks gets the outbound prefix
02:39 +461 -2: C:/Users/Colby/Documents/Codex/2026-10-01/v2rayn-flclash-rust-v2rayn/apps/desktop/test/fix03b_custom_browse_test.dart: custom editor Browse outbound empty remarks gets the outbound prefix
02:39 +462 -2: C:/Users/Colby/Documents/Codex/2026-10-01/v2rayn-flclash-rust-v2rayn/apps/desktop/test/fix03b_custom_browse_test.dart: custom editor Browse outbound empty remarks gets the outbound prefix
02:39 +463 -2: C:/Users/Colby/Documents/Codex/2026-10-01/v2rayn-flclash-rust-v2rayn/apps/desktop/test/fix03b_custom_browse_test.dart: custom editor Browse outbound empty remarks gets the outbound prefix
02:39 +464 -2: C:/Users/Colby/Documents/Codex/2026-10-01/v2rayn-flclash-rust-v2rayn/apps/desktop/test/fix03b_custom_browse_test.dart: custom editor Browse outbound empty remarks gets the outbound prefix
02:39 +465 -2: C:/Users/Colby/Documents/Codex/2026-10-01/v2rayn-flclash-rust-v2rayn/apps/desktop/test/fix03b_custom_browse_test.dart: custom editor Browse outbound empty remarks gets the outbound prefix
02:39 +466 -2: C:/Users/Colby/Documents/Codex/2026-10-01/v2rayn-flclash-rust-v2rayn/apps/desktop/test/fix03b_custom_browse_test.dart: custom editor Browse outbound empty remarks gets the outbound prefix
02:40 +467 -2: C:/Users/Colby/Documents/Codex/2026-10-01/v2rayn-flclash-rust-v2rayn/apps/desktop/test/fix03b_custom_browse_test.dart: custom editor Browse outbound empty remarks gets the outbound prefix
02:40 +468 -2: C:/Users/Colby/Documents/Codex/2026-10-01/v2rayn-flclash-rust-v2rayn/apps/desktop/test/fix03b_custom_browse_test.dart: custom editor Browse outbound empty remarks gets the outbound prefix
02:40 +469 -2: C:/Users/Colby/Documents/Codex/2026-10-01/v2rayn-flclash-rust-v2rayn/apps/desktop/test/fix03b_custom_browse_test.dart: custom editor Browse outbound empty remarks gets the outbound prefix
02:40 +470 -2: C:/Users/Colby/Documents/Codex/2026-10-01/v2rayn-flclash-rust-v2rayn/apps/desktop/test/fix03b_custom_browse_test.dart: custom editor Browse outbound empty remarks gets the outbound prefix
02:40 +471 -2: C:/Users/Colby/Documents/Codex/2026-10-01/v2rayn-flclash-rust-v2rayn/apps/desktop/test/fix03b_custom_browse_test.dart: custom editor Browse outbound empty remarks gets the outbound prefix
02:40 +472 -2: C:/Users/Colby/Documents/Codex/2026-10-01/v2rayn-flclash-rust-v2rayn/apps/desktop/test/fix03b_custom_browse_test.dart: custom editor Browse outbound empty remarks gets the outbound prefix
02:40 +473 -2: C:/Users/Colby/Documents/Codex/2026-10-01/v2rayn-flclash-rust-v2rayn/apps/desktop/test/fix03b_custom_browse_test.dart: custom editor Browse outbound empty remarks gets the outbound prefix
02:40 +474 -2: C:/Users/Colby/Documents/Codex/2026-10-01/v2rayn-flclash-rust-v2rayn/apps/desktop/test/fix03b_custom_browse_test.dart: custom editor Browse outbound empty remarks gets the outbound prefix
02:40 +475 -2: C:/Users/Colby/Documents/Codex/2026-10-01/v2rayn-flclash-rust-v2rayn/apps/desktop/test/fix03b_custom_browse_test.dart: custom editor Browse outbound empty remarks gets the outbound prefix
02:40 +476 -2: C:/Users/Colby/Documents/Codex/2026-10-01/v2rayn-flclash-rust-v2rayn/apps/desktop/test/fix03b_custom_browse_test.dart: custom editor Browse outbound empty remarks gets the outbound prefix
02:40 +477 -2: C:/Users/Colby/Documents/Codex/2026-10-01/v2rayn-flclash-rust-v2rayn/apps/desktop/test/fix03b_custom_browse_test.dart: custom editor Browse outbound empty remarks gets the outbound prefix
02:40 +478 -2: C:/Users/Colby/Documents/Codex/2026-10-01/v2rayn-flclash-rust-v2rayn/apps/desktop/test/fix03b_custom_browse_test.dart: custom editor Browse outbound empty remarks gets the outbound prefix
02:40 +479 -2: C:/Users/Colby/Documents/Codex/2026-10-01/v2rayn-flclash-rust-v2rayn/apps/desktop/test/fix03b_custom_browse_test.dart: custom editor Browse outbound empty remarks gets the outbound prefix
02:40 +480 -2: C:/Users/Colby/Documents/Codex/2026-10-01/v2rayn-flclash-rust-v2rayn/apps/desktop/test/fix03b_custom_browse_test.dart: custom editor Browse outbound empty remarks gets the outbound prefix
02:41 +481 -2: C:/Users/Colby/Documents/Codex/2026-10-01/v2rayn-flclash-rust-v2rayn/apps/desktop/test/fix03b_custom_browse_test.dart: custom editor Browse outbound empty remarks gets the outbound prefix
02:42 +482 -2: C:/Users/Colby/Documents/Codex/2026-10-01/v2rayn-flclash-rust-v2rayn/apps/desktop/test/fix03b_custom_browse_test.dart: custom editor Browse outbound empty remarks gets the outbound prefix
02:42 +483 -2: C:/Users/Colby/Documents/Codex/2026-10-01/v2rayn-flclash-rust-v2rayn/apps/desktop/test/fix03b_custom_browse_test.dart: custom editor Browse outbound empty remarks gets the outbound prefix
02:42 +484 -2: C:/Users/Colby/Documents/Codex/2026-10-01/v2rayn-flclash-rust-v2rayn/apps/desktop/test/fix03b_custom_browse_test.dart: custom editor Browse outbound empty remarks gets the outbound prefix
02:42 +485 -2: C:/Users/Colby/Documents/Codex/2026-10-01/v2rayn-flclash-rust-v2rayn/apps/desktop/test/fix03b_custom_browse_test.dart: custom editor Browse outbound empty remarks gets the outbound prefix
02:42 +486 -2: C:/Users/Colby/Documents/Codex/2026-10-01/v2rayn-flclash-rust-v2rayn/apps/desktop/test/fix03b_custom_browse_test.dart: custom editor Browse outbound empty remarks gets the outbound prefix
02:42 +487 -2: C:/Users/Colby/Documents/Codex/2026-10-01/v2rayn-flclash-rust-v2rayn/apps/desktop/test/fix03b_custom_browse_test.dart: custom editor Browse outbound empty remarks gets the outbound prefix
02:42 +488 -2: C:/Users/Colby/Documents/Codex/2026-10-01/v2rayn-flclash-rust-v2rayn/apps/desktop/test/fix03b_custom_browse_test.dart: custom editor Browse outbound empty remarks gets the outbound prefix
02:42 +489 -2: C:/Users/Colby/Documents/Codex/2026-10-01/v2rayn-flclash-rust-v2rayn/apps/desktop/test/fix03b_custom_browse_test.dart: custom editor Browse outbound empty remarks gets the outbound prefix
02:42 +490 -2: C:/Users/Colby/Documents/Codex/2026-10-01/v2rayn-flclash-rust-v2rayn/apps/desktop/test/fix03b_custom_browse_test.dart: custom editor Browse outbound empty remarks gets the outbound prefix
02:43 +491 -2: C:/Users/Colby/Documents/Codex/2026-10-01/v2rayn-flclash-rust-v2rayn/apps/desktop/test/fix03b_custom_browse_test.dart: custom editor Browse outbound empty remarks gets the outbound prefix
02:43 +492 -2: C:/Users/Colby/Documents/Codex/2026-10-01/v2rayn-flclash-rust-v2rayn/apps/desktop/test/fix03b_custom_browse_test.dart: custom editor Browse outbound empty remarks gets the outbound prefix
02:43 +493 -2: C:/Users/Colby/Documents/Codex/2026-10-01/v2rayn-flclash-rust-v2rayn/apps/desktop/test/fix03b_custom_browse_test.dart: custom editor Browse outbound empty remarks gets the outbound prefix
02:43 +494 -2: C:/Users/Colby/Documents/Codex/2026-10-01/v2rayn-flclash-rust-v2rayn/apps/desktop/test/fix03b_custom_browse_test.dart: custom editor Browse outbound empty remarks gets the outbound prefix
02:43 +495 -2: C:/Users/Colby/Documents/Codex/2026-10-01/v2rayn-flclash-rust-v2rayn/apps/desktop/test/fix03b_custom_browse_test.dart: custom editor Browse outbound empty remarks gets the outbound prefix
02:43 +496 -2: C:/Users/Colby/Documents/Codex/2026-10-01/v2rayn-flclash-rust-v2rayn/apps/desktop/test/fix03b_custom_browse_test.dart: custom editor Browse outbound empty remarks gets the outbound prefix
02:43 +497 -2: C:/Users/Colby/Documents/Codex/2026-10-01/v2rayn-flclash-rust-v2rayn/apps/desktop/test/fix03b_custom_browse_test.dart: custom editor Browse outbound empty remarks gets the outbound prefix
02:43 +498 -2: C:/Users/Colby/Documents/Codex/2026-10-01/v2rayn-flclash-rust-v2rayn/apps/desktop/test/fix03b_custom_browse_test.dart: custom editor Browse outbound empty remarks gets the outbound prefix
02:43 +499 -2: C:/Users/Colby/Documents/Codex/2026-10-01/v2rayn-flclash-rust-v2rayn/apps/desktop/test/fix03b_custom_browse_test.dart: custom editor Browse outbound empty remarks gets the outbound prefix
02:43 +500 -2: C:/Users/Colby/Documents/Codex/2026-10-01/v2rayn-flclash-rust-v2rayn/apps/desktop/test/fix03b_custom_browse_test.dart: custom editor Browse outbound empty remarks gets the outbound prefix
02:44 +501 -2: C:/Users/Colby/Documents/Codex/2026-10-01/v2rayn-flclash-rust-v2rayn/apps/desktop/test/fix03b_custom_browse_test.dart: custom editor Browse outbound empty remarks gets the outbound prefix
02:44 +502 -2: C:/Users/Colby/Documents/Codex/2026-10-01/v2rayn-flclash-rust-v2rayn/apps/desktop/test/fix03b_custom_browse_test.dart: custom editor Browse outbound empty remarks gets the outbound prefix
02:45 +503 -2: C:/Users/Colby/Documents/Codex/2026-10-01/v2rayn-flclash-rust-v2rayn/apps/desktop/test/fix03b_custom_browse_test.dart: custom editor Browse outbound empty remarks gets the outbound prefix
02:45 +504 -2: C:/Users/Colby/Documents/Codex/2026-10-01/v2rayn-flclash-rust-v2rayn/apps/desktop/test/fix03b_custom_browse_test.dart: custom editor Browse outbound empty remarks gets the outbound prefix
02:45 +505 -2: C:/Users/Colby/Documents/Codex/2026-10-01/v2rayn-flclash-rust-v2rayn/apps/desktop/test/fix03b_custom_browse_test.dart: custom editor Browse outbound empty remarks gets the outbound prefix
02:45 +506 -2: C:/Users/Colby/Documents/Codex/2026-10-01/v2rayn-flclash-rust-v2rayn/apps/desktop/test/fix03b_custom_browse_test.dart: custom editor Browse outbound empty remarks gets the outbound prefix
02:45 +507 -2: C:/Users/Colby/Documents/Codex/2026-10-01/v2rayn-flclash-rust-v2rayn/apps/desktop/test/fix03b_custom_browse_test.dart: custom editor Browse outbound empty remarks gets the outbound prefix
02:46 +508 -2: C:/Users/Colby/Documents/Codex/2026-10-01/v2rayn-flclash-rust-v2rayn/apps/desktop/test/fix03b_custom_browse_test.dart: custom editor Browse outbound empty remarks gets the outbound prefix
02:46 +509 -2: C:/Users/Colby/Documents/Codex/2026-10-01/v2rayn-flclash-rust-v2rayn/apps/desktop/test/fix03b_custom_browse_test.dart: custom editor Browse outbound empty remarks gets the outbound prefix
02:46 +510 -2: C:/Users/Colby/Documents/Codex/2026-10-01/v2rayn-flclash-rust-v2rayn/apps/desktop/test/fix03b_custom_browse_test.dart: custom editor Browse outbound empty remarks gets the outbound prefix
02:46 +511 -2: C:/Users/Colby/Documents/Codex/2026-10-01/v2rayn-flclash-rust-v2rayn/apps/desktop/test/fix03b_custom_browse_test.dart: custom editor Browse outbound empty remarks gets the outbound prefix
02:48 +512 -2: C:/Users/Colby/Documents/Codex/2026-10-01/v2rayn-flclash-rust-v2rayn/apps/desktop/test/fix03b_custom_browse_test.dart: custom editor Browse outbound empty remarks gets the outbound prefix
02:49 +513 -2: C:/Users/Colby/Documents/Codex/2026-10-01/v2rayn-flclash-rust-v2rayn/apps/desktop/test/fix03b_custom_browse_test.dart: custom editor Browse outbound empty remarks gets the outbound prefix
02:50 +514 -2: C:/Users/Colby/Documents/Codex/2026-10-01/v2rayn-flclash-rust-v2rayn/apps/desktop/test/fix03b_custom_browse_test.dart: custom editor Browse outbound empty remarks gets the outbound prefix
02:51 +515 -2: C:/Users/Colby/Documents/Codex/2026-10-01/v2rayn-flclash-rust-v2rayn/apps/desktop/test/fix03b_custom_browse_test.dart: custom editor Browse outbound empty remarks gets the outbound prefix
02:52 +516 -2: C:/Users/Colby/Documents/Codex/2026-10-01/v2rayn-flclash-rust-v2rayn/apps/desktop/test/fix03b_custom_browse_test.dart: custom editor Browse outbound empty remarks gets the outbound prefix
02:53 +517 -2: C:/Users/Colby/Documents/Codex/2026-10-01/v2rayn-flclash-rust-v2rayn/apps/desktop/test/fix03b_custom_browse_test.dart: custom editor Browse outbound empty remarks gets the outbound prefix
02:53 +518 -2: C:/Users/Colby/Documents/Codex/2026-10-01/v2rayn-flclash-rust-v2rayn/apps/desktop/test/fix03b_custom_browse_test.dart: custom editor Browse outbound empty remarks gets the outbound prefix
02:53 +519 -2: C:/Users/Colby/Documents/Codex/2026-10-01/v2rayn-flclash-rust-v2rayn/apps/desktop/test/fix03b_custom_browse_test.dart: custom editor Browse outbound empty remarks gets the outbound prefix
02:53 +520 -2: C:/Users/Colby/Documents/Codex/2026-10-01/v2rayn-flclash-rust-v2rayn/apps/desktop/test/fix03b_custom_browse_test.dart: custom editor Browse outbound empty remarks gets the outbound prefix
02:53 +521 -2: C:/Users/Colby/Documents/Codex/2026-10-01/v2rayn-flclash-rust-v2rayn/apps/desktop/test/fix03b_custom_browse_test.dart: custom editor Browse outbound empty remarks gets the outbound prefix
02:53 +522 -2: C:/Users/Colby/Documents/Codex/2026-10-01/v2rayn-flclash-rust-v2rayn/apps/desktop/test/fix03b_custom_browse_test.dart: custom editor Browse outbound empty remarks gets the outbound prefix
02:53 +523 -2: C:/Users/Colby/Documents/Codex/2026-10-01/v2rayn-flclash-rust-v2rayn/apps/desktop/test/fix03b_custom_browse_test.dart: custom editor Browse outbound empty remarks gets the outbound prefix
02:54 +524 -2: C:/Users/Colby/Documents/Codex/2026-10-01/v2rayn-flclash-rust-v2rayn/apps/desktop/test/fix03b_custom_browse_test.dart: custom editor Browse outbound empty remarks gets the outbound prefix
02:54 +525 -2: C:/Users/Colby/Documents/Codex/2026-10-01/v2rayn-flclash-rust-v2rayn/apps/desktop/test/fix03b_custom_browse_test.dart: custom editor Browse outbound empty remarks gets the outbound prefix
02:54 +526 -2: C:/Users/Colby/Documents/Codex/2026-10-01/v2rayn-flclash-rust-v2rayn/apps/desktop/test/fix03b_custom_browse_test.dart: custom editor Browse outbound empty remarks gets the outbound prefix
02:54 +527 -2: C:/Users/Colby/Documents/Codex/2026-10-01/v2rayn-flclash-rust-v2rayn/apps/desktop/test/fix03b_custom_browse_test.dart: custom editor Browse outbound empty remarks gets the outbound prefix
02:54 +528 -2: C:/Users/Colby/Documents/Codex/2026-10-01/v2rayn-flclash-rust-v2rayn/apps/desktop/test/fix03b_custom_browse_test.dart: custom editor Browse outbound empty remarks gets the outbound prefix
02:54 +529 -2: C:/Users/Colby/Documents/Codex/2026-10-01/v2rayn-flclash-rust-v2rayn/apps/desktop/test/fix03b_custom_browse_test.dart: custom editor Browse outbound empty remarks gets the outbound prefix
02:54 +530 -2: C:/Users/Colby/Documents/Codex/2026-10-01/v2rayn-flclash-rust-v2rayn/apps/desktop/test/fix03b_custom_browse_test.dart: custom editor Browse outbound empty remarks gets the outbound prefix
02:54 +531 -2: C:/Users/Colby/Documents/Codex/2026-10-01/v2rayn-flclash-rust-v2rayn/apps/desktop/test/fix03b_custom_browse_test.dart: custom editor Browse outbound empty remarks gets the outbound prefix
02:57 +532 -2: C:/Users/Colby/Documents/Codex/2026-10-01/v2rayn-flclash-rust-v2rayn/apps/desktop/test/fix03b_custom_browse_test.dart: custom editor Browse outbound empty remarks gets the outbound prefix
02:59 +533 -2: C:/Users/Colby/Documents/Codex/2026-10-01/v2rayn-flclash-rust-v2rayn/apps/desktop/test/fix03b_custom_browse_test.dart: custom editor Browse outbound empty remarks gets the outbound prefix
03:00 +534 -2: C:/Users/Colby/Documents/Codex/2026-10-01/v2rayn-flclash-rust-v2rayn/apps/desktop/test/fix03b_custom_browse_test.dart: custom editor Browse outbound empty remarks gets the outbound prefix
03:01 +535 -2: C:/Users/Colby/Documents/Codex/2026-10-01/v2rayn-flclash-rust-v2rayn/apps/desktop/test/fix03b_custom_browse_test.dart: custom editor Browse outbound empty remarks gets the outbound prefix
03:02 +536 -2: C:/Users/Colby/Documents/Codex/2026-10-01/v2rayn-flclash-rust-v2rayn/apps/desktop/test/fix03b_custom_browse_test.dart: custom editor Browse outbound empty remarks gets the outbound prefix
03:03 +537 -2: C:/Users/Colby/Documents/Codex/2026-10-01/v2rayn-flclash-rust-v2rayn/apps/desktop/test/fix03b_custom_browse_test.dart: custom editor Browse outbound empty remarks gets the outbound prefix
03:04 +538 -2: C:/Users/Colby/Documents/Codex/2026-10-01/v2rayn-flclash-rust-v2rayn/apps/desktop/test/fix03b_custom_browse_test.dart: custom editor Browse outbound empty remarks gets the outbound prefix
03:05 +539 -2: C:/Users/Colby/Documents/Codex/2026-10-01/v2rayn-flclash-rust-v2rayn/apps/desktop/test/fix03b_custom_browse_test.dart: custom editor Browse outbound empty remarks gets the outbound prefix
03:06 +540 -2: C:/Users/Colby/Documents/Codex/2026-10-01/v2rayn-flclash-rust-v2rayn/apps/desktop/test/fix03b_custom_browse_test.dart: custom editor Browse outbound empty remarks gets the outbound prefix
03:07 +541 -2: C:/Users/Colby/Documents/Codex/2026-10-01/v2rayn-flclash-rust-v2rayn/apps/desktop/test/fix03b_custom_browse_test.dart: custom editor Browse outbound empty remarks gets the outbound prefix
03:07 +542 -2: C:/Users/Colby/Documents/Codex/2026-10-01/v2rayn-flclash-rust-v2rayn/apps/desktop/test/fix03b_custom_browse_test.dart: custom editor Browse outbound empty remarks gets the outbound prefix
03:07 +543 -2: C:/Users/Colby/Documents/Codex/2026-10-01/v2rayn-flclash-rust-v2rayn/apps/desktop/test/fix03b_custom_browse_test.dart: custom editor Browse outbound empty remarks gets the outbound prefix
03:07 +544 -2: C:/Users/Colby/Documents/Codex/2026-10-01/v2rayn-flclash-rust-v2rayn/apps/desktop/test/fix03b_custom_browse_test.dart: custom editor Browse outbound empty remarks gets the outbound prefix
03:07 +545 -2: C:/Users/Colby/Documents/Codex/2026-10-01/v2rayn-flclash-rust-v2rayn/apps/desktop/test/fix03b_custom_browse_test.dart: custom editor Browse outbound empty remarks gets the outbound prefix
03:08 +546 -2: C:/Users/Colby/Documents/Codex/2026-10-01/v2rayn-flclash-rust-v2rayn/apps/desktop/test/fix03b_custom_browse_test.dart: custom editor Browse outbound empty remarks gets the outbound prefix
03:08 +547 -2: C:/Users/Colby/Documents/Codex/2026-10-01/v2rayn-flclash-rust-v2rayn/apps/desktop/test/fix03b_custom_browse_test.dart: custom editor Browse outbound empty remarks gets the outbound prefix
03:08 +548 -2: C:/Users/Colby/Documents/Codex/2026-10-01/v2rayn-flclash-rust-v2rayn/apps/desktop/test/fix03b_custom_browse_test.dart: custom editor Browse outbound empty remarks gets the outbound prefix
03:08 +549 -2: C:/Users/Colby/Documents/Codex/2026-10-01/v2rayn-flclash-rust-v2rayn/apps/desktop/test/fix03b_custom_browse_test.dart: custom editor Browse outbound empty remarks gets the outbound prefix
03:09 +550 -2: C:/Users/Colby/Documents/Codex/2026-10-01/v2rayn-flclash-rust-v2rayn/apps/desktop/test/fix03b_custom_browse_test.dart: custom editor Browse outbound empty remarks gets the outbound prefix
03:09 +551 -2: C:/Users/Colby/Documents/Codex/2026-10-01/v2rayn-flclash-rust-v2rayn/apps/desktop/test/fix03b_custom_browse_test.dart: custom editor Browse outbound empty remarks gets the outbound prefix
03:09 +552 -2: C:/Users/Colby/Documents/Codex/2026-10-01/v2rayn-flclash-rust-v2rayn/apps/desktop/test/fix03b_custom_browse_test.dart: custom editor Browse outbound empty remarks gets the outbound prefix
03:09 +553 -2: C:/Users/Colby/Documents/Codex/2026-10-01/v2rayn-flclash-rust-v2rayn/apps/desktop/test/fix03b_custom_browse_test.dart: custom editor Browse outbound empty remarks gets the outbound prefix
03:09 +554 -2: C:/Users/Colby/Documents/Codex/2026-10-01/v2rayn-flclash-rust-v2rayn/apps/desktop/test/fix03b_custom_browse_test.dart: custom editor Browse outbound empty remarks gets the outbound prefix
03:09 +555 -2: C:/Users/Colby/Documents/Codex/2026-10-01/v2rayn-flclash-rust-v2rayn/apps/desktop/test/fix03b_custom_browse_test.dart: custom editor Browse outbound empty remarks gets the outbound prefix
03:09 +556 -2: C:/Users/Colby/Documents/Codex/2026-10-01/v2rayn-flclash-rust-v2rayn/apps/desktop/test/fix03b_custom_browse_test.dart: custom editor Browse outbound empty remarks gets the outbound prefix
03:09 +557 -2: C:/Users/Colby/Documents/Codex/2026-10-01/v2rayn-flclash-rust-v2rayn/apps/desktop/test/fix03b_custom_browse_test.dart: custom editor Browse outbound empty remarks gets the outbound prefix
03:09 +558 -2: C:/Users/Colby/Documents/Codex/2026-10-01/v2rayn-flclash-rust-v2rayn/apps/desktop/test/fix03b_custom_browse_test.dart: custom editor Browse outbound empty remarks gets the outbound prefix
03:09 +559 -2: C:/Users/Colby/Documents/Codex/2026-10-01/v2rayn-flclash-rust-v2rayn/apps/desktop/test/fix03b_custom_browse_test.dart: custom editor Browse outbound empty remarks gets the outbound prefix
03:09 +560 -2: C:/Users/Colby/Documents/Codex/2026-10-01/v2rayn-flclash-rust-v2rayn/apps/desktop/test/fix03b_custom_browse_test.dart: custom editor Browse outbound empty remarks gets the outbound prefix
03:09 +561 -2: C:/Users/Colby/Documents/Codex/2026-10-01/v2rayn-flclash-rust-v2rayn/apps/desktop/test/fix03b_custom_browse_test.dart: custom editor Browse outbound empty remarks gets the outbound prefix
03:09 +562 -2: C:/Users/Colby/Documents/Codex/2026-10-01/v2rayn-flclash-rust-v2rayn/apps/desktop/test/fix03b_custom_browse_test.dart: custom editor Browse outbound empty remarks gets the outbound prefix
03:10 +563 -2: C:/Users/Colby/Documents/Codex/2026-10-01/v2rayn-flclash-rust-v2rayn/apps/desktop/test/fix03b_custom_browse_test.dart: custom editor Browse outbound empty remarks gets the outbound prefix
03:10 +564 -2: C:/Users/Colby/Documents/Codex/2026-10-01/v2rayn-flclash-rust-v2rayn/apps/desktop/test/fix03b_custom_browse_test.dart: custom editor Browse outbound empty remarks gets the outbound prefix
03:10 +565 -2: C:/Users/Colby/Documents/Codex/2026-10-01/v2rayn-flclash-rust-v2rayn/apps/desktop/test/fix03b_custom_browse_test.dart: custom editor Browse outbound empty remarks gets the outbound prefix
03:12 +566 -2: C:/Users/Colby/Documents/Codex/2026-10-01/v2rayn-flclash-rust-v2rayn/apps/desktop/test/fix03b_custom_browse_test.dart: custom editor Browse outbound empty remarks gets the outbound prefix
03:13 +567 -2: C:/Users/Colby/Documents/Codex/2026-10-01/v2rayn-flclash-rust-v2rayn/apps/desktop/test/fix03b_custom_browse_test.dart: custom editor Browse outbound empty remarks gets the outbound prefix
03:13 +568 -2: C:/Users/Colby/Documents/Codex/2026-10-01/v2rayn-flclash-rust-v2rayn/apps/desktop/test/fix03b_custom_browse_test.dart: custom editor Browse outbound empty remarks gets the outbound prefix
03:15 +569 -2: C:/Users/Colby/Documents/Codex/2026-10-01/v2rayn-flclash-rust-v2rayn/apps/desktop/test/fix03b_custom_browse_test.dart: custom editor Browse outbound empty remarks gets the outbound prefix
03:15 +570 -2: C:/Users/Colby/Documents/Codex/2026-10-01/v2rayn-flclash-rust-v2rayn/apps/desktop/test/fix03b_custom_browse_test.dart: custom editor Browse outbound empty remarks gets the outbound prefix
03:16 +571 -2: C:/Users/Colby/Documents/Codex/2026-10-01/v2rayn-flclash-rust-v2rayn/apps/desktop/test/fix03b_custom_browse_test.dart: custom editor Browse outbound empty remarks gets the outbound prefix
03:16 +572 -2: C:/Users/Colby/Documents/Codex/2026-10-01/v2rayn-flclash-rust-v2rayn/apps/desktop/test/fix03b_custom_browse_test.dart: custom editor Browse outbound empty remarks gets the outbound prefix
03:16 +573 -2: C:/Users/Colby/Documents/Codex/2026-10-01/v2rayn-flclash-rust-v2rayn/apps/desktop/test/fix03b_custom_browse_test.dart: custom editor Browse outbound empty remarks gets the outbound prefix
03:18 +574 -2: C:/Users/Colby/Documents/Codex/2026-10-01/v2rayn-flclash-rust-v2rayn/apps/desktop/test/fix03b_custom_browse_test.dart: custom editor Browse outbound empty remarks gets the outbound prefix
03:18 +575 -2: C:/Users/Colby/Documents/Codex/2026-10-01/v2rayn-flclash-rust-v2rayn/apps/desktop/test/fix03b_custom_browse_test.dart: custom editor Browse outbound empty remarks gets the outbound prefix
03:20 +576 -2: C:/Users/Colby/Documents/Codex/2026-10-01/v2rayn-flclash-rust-v2rayn/apps/desktop/test/fix03b_custom_browse_test.dart: custom editor Browse outbound empty remarks gets the outbound prefix
03:20 +577 -2: C:/Users/Colby/Documents/Codex/2026-10-01/v2rayn-flclash-rust-v2rayn/apps/desktop/test/fix03b_custom_browse_test.dart: custom editor Browse outbound empty remarks gets the outbound prefix
03:20 +578 -2: C:/Users/Colby/Documents/Codex/2026-10-01/v2rayn-flclash-rust-v2rayn/apps/desktop/test/fix03b_custom_browse_test.dart: custom editor Browse outbound empty remarks gets the outbound prefix
03:20 +579 -2: C:/Users/Colby/Documents/Codex/2026-10-01/v2rayn-flclash-rust-v2rayn/apps/desktop/test/fix03b_custom_browse_test.dart: custom editor Browse outbound empty remarks gets the outbound prefix
03:20 +580 -2: C:/Users/Colby/Documents/Codex/2026-10-01/v2rayn-flclash-rust-v2rayn/apps/desktop/test/fix03b_custom_browse_test.dart: custom editor Browse outbound empty remarks gets the outbound prefix
03:21 +581 -2: C:/Users/Colby/Documents/Codex/2026-10-01/v2rayn-flclash-rust-v2rayn/apps/desktop/test/fix03b_custom_browse_test.dart: custom editor Browse outbound empty remarks gets the outbound prefix
03:22 +582 -2: C:/Users/Colby/Documents/Codex/2026-10-01/v2rayn-flclash-rust-v2rayn/apps/desktop/test/fix03b_custom_browse_test.dart: custom editor Browse outbound empty remarks gets the outbound prefix
03:22 +583 -2: C:/Users/Colby/Documents/Codex/2026-10-01/v2rayn-flclash-rust-v2rayn/apps/desktop/test/fix03b_custom_browse_test.dart: custom editor Browse outbound empty remarks gets the outbound prefix
03:22 +584 -2: C:/Users/Colby/Documents/Codex/2026-10-01/v2rayn-flclash-rust-v2rayn/apps/desktop/test/fix03b_custom_browse_test.dart: custom editor Browse outbound empty remarks gets the outbound prefix
03:23 +585 -2: C:/Users/Colby/Documents/Codex/2026-10-01/v2rayn-flclash-rust-v2rayn/apps/desktop/test/fix03b_custom_browse_test.dart: custom editor Browse outbound empty remarks gets the outbound prefix
03:24 +586 -2: C:/Users/Colby/Documents/Codex/2026-10-01/v2rayn-flclash-rust-v2rayn/apps/desktop/test/fix03b_custom_browse_test.dart: custom editor Browse outbound empty remarks gets the outbound prefix
03:24 +587 -2: C:/Users/Colby/Documents/Codex/2026-10-01/v2rayn-flclash-rust-v2rayn/apps/desktop/test/fix03b_custom_browse_test.dart: custom editor Browse outbound empty remarks gets the outbound prefix
03:25 +588 -2: C:/Users/Colby/Documents/Codex/2026-10-01/v2rayn-flclash-rust-v2rayn/apps/desktop/test/fix03b_custom_browse_test.dart: custom editor Browse outbound empty remarks gets the outbound prefix
03:25 +589 -2: C:/Users/Colby/Documents/Codex/2026-10-01/v2rayn-flclash-rust-v2rayn/apps/desktop/test/fix03b_custom_browse_test.dart: custom editor Browse outbound empty remarks gets the outbound prefix
03:26 +590 -2: C:/Users/Colby/Documents/Codex/2026-10-01/v2rayn-flclash-rust-v2rayn/apps/desktop/test/fix03b_custom_browse_test.dart: custom editor Browse outbound empty remarks gets the outbound prefix
03:27 +591 -2: C:/Users/Colby/Documents/Codex/2026-10-01/v2rayn-flclash-rust-v2rayn/apps/desktop/test/fix03b_custom_browse_test.dart: custom editor Browse outbound empty remarks gets the outbound prefix
03:28 +592 -2: C:/Users/Colby/Documents/Codex/2026-10-01/v2rayn-flclash-rust-v2rayn/apps/desktop/test/fix03b_custom_browse_test.dart: custom editor Browse outbound empty remarks gets the outbound prefix
03:28 +593 -2: C:/Users/Colby/Documents/Codex/2026-10-01/v2rayn-flclash-rust-v2rayn/apps/desktop/test/fix03b_custom_browse_test.dart: custom editor Browse outbound empty remarks gets the outbound prefix
03:29 +594 -2: C:/Users/Colby/Documents/Codex/2026-10-01/v2rayn-flclash-rust-v2rayn/apps/desktop/test/fix03b_custom_browse_test.dart: custom editor Browse outbound empty remarks gets the outbound prefix
03:29 +595 -2: C:/Users/Colby/Documents/Codex/2026-10-01/v2rayn-flclash-rust-v2rayn/apps/desktop/test/fix03b_custom_browse_test.dart: custom editor Browse outbound empty remarks gets the outbound prefix
03:30 +596 -2: C:/Users/Colby/Documents/Codex/2026-10-01/v2rayn-flclash-rust-v2rayn/apps/desktop/test/fix03b_custom_browse_test.dart: custom editor Browse outbound empty remarks gets the outbound prefix
03:30 +597 -2: C:/Users/Colby/Documents/Codex/2026-10-01/v2rayn-flclash-rust-v2rayn/apps/desktop/test/fix03b_custom_browse_test.dart: custom editor Browse outbound empty remarks gets the outbound prefix
03:31 +598 -2: C:/Users/Colby/Documents/Codex/2026-10-01/v2rayn-flclash-rust-v2rayn/apps/desktop/test/fix03b_custom_browse_test.dart: custom editor Browse outbound empty remarks gets the outbound prefix
03:32 +599 -2: C:/Users/Colby/Documents/Codex/2026-10-01/v2rayn-flclash-rust-v2rayn/apps/desktop/test/fix03b_custom_browse_test.dart: custom editor Browse outbound empty remarks gets the outbound prefix
03:32 +600 -2: C:/Users/Colby/Documents/Codex/2026-10-01/v2rayn-flclash-rust-v2rayn/apps/desktop/test/fix03b_custom_browse_test.dart: custom editor Browse outbound empty remarks gets the outbound prefix
03:33 +601 -2: C:/Users/Colby/Documents/Codex/2026-10-01/v2rayn-flclash-rust-v2rayn/apps/desktop/test/fix03b_custom_browse_test.dart: custom editor Browse outbound empty remarks gets the outbound prefix
03:33 +602 -2: C:/Users/Colby/Documents/Codex/2026-10-01/v2rayn-flclash-rust-v2rayn/apps/desktop/test/fix03b_custom_browse_test.dart: custom editor Browse outbound empty remarks gets the outbound prefix
03:34 +603 -2: C:/Users/Colby/Documents/Codex/2026-10-01/v2rayn-flclash-rust-v2rayn/apps/desktop/test/fix03b_custom_browse_test.dart: custom editor Browse outbound empty remarks gets the outbound prefix
03:35 +604 -2: C:/Users/Colby/Documents/Codex/2026-10-01/v2rayn-flclash-rust-v2rayn/apps/desktop/test/fix03b_custom_browse_test.dart: custom editor Browse outbound empty remarks gets the outbound prefix
03:35 +605 -2: C:/Users/Colby/Documents/Codex/2026-10-01/v2rayn-flclash-rust-v2rayn/apps/desktop/test/fix03b_custom_browse_test.dart: custom editor Browse outbound empty remarks gets the outbound prefix
03:36 +606 -2: C:/Users/Colby/Documents/Codex/2026-10-01/v2rayn-flclash-rust-v2rayn/apps/desktop/test/fix03b_custom_browse_test.dart: custom editor Browse outbound empty remarks gets the outbound prefix
03:37 +607 -2: C:/Users/Colby/Documents/Codex/2026-10-01/v2rayn-flclash-rust-v2rayn/apps/desktop/test/fix03b_custom_browse_test.dart: custom editor Browse outbound empty remarks gets the outbound prefix
03:37 +608 -2: C:/Users/Colby/Documents/Codex/2026-10-01/v2rayn-flclash-rust-v2rayn/apps/desktop/test/fix03b_custom_browse_test.dart: custom editor Browse outbound empty remarks gets the outbound prefix
03:37 +609 -2: C:/Users/Colby/Documents/Codex/2026-10-01/v2rayn-flclash-rust-v2rayn/apps/desktop/test/fix03b_custom_browse_test.dart: custom editor Browse outbound empty remarks gets the outbound prefix
03:37 +610 -2: C:/Users/Colby/Documents/Codex/2026-10-01/v2rayn-flclash-rust-v2rayn/apps/desktop/test/fix03b_custom_browse_test.dart: custom editor Browse outbound empty remarks gets the outbound prefix
03:38 +611 -2: C:/Users/Colby/Documents/Codex/2026-10-01/v2rayn-flclash-rust-v2rayn/apps/desktop/test/fix03b_custom_browse_test.dart: custom editor Browse outbound empty remarks gets the outbound prefix
03:38 +612 -2: C:/Users/Colby/Documents/Codex/2026-10-01/v2rayn-flclash-rust-v2rayn/apps/desktop/test/fix03b_custom_browse_test.dart: custom editor Browse outbound empty remarks gets the outbound prefix
03:38 +613 -2: C:/Users/Colby/Documents/Codex/2026-10-01/v2rayn-flclash-rust-v2rayn/apps/desktop/test/fix03b_custom_browse_test.dart: custom editor Browse outbound empty remarks gets the outbound prefix
03:38 +614 -2: C:/Users/Colby/Documents/Codex/2026-10-01/v2rayn-flclash-rust-v2rayn/apps/desktop/test/fix03b_custom_browse_test.dart: custom editor Browse outbound empty remarks gets the outbound prefix
03:38 +615 -2: C:/Users/Colby/Documents/Codex/2026-10-01/v2rayn-flclash-rust-v2rayn/apps/desktop/test/fix03b_custom_browse_test.dart: custom editor Browse outbound empty remarks gets the outbound prefix
03:39 +616 -2: C:/Users/Colby/Documents/Codex/2026-10-01/v2rayn-flclash-rust-v2rayn/apps/desktop/test/fix03b_custom_browse_test.dart: custom editor Browse outbound empty remarks gets the outbound prefix
03:39 +617 -2: C:/Users/Colby/Documents/Codex/2026-10-01/v2rayn-flclash-rust-v2rayn/apps/desktop/test/fix03b_custom_browse_test.dart: custom editor Browse outbound empty remarks gets the outbound prefix
03:39 +618 -2: C:/Users/Colby/Documents/Codex/2026-10-01/v2rayn-flclash-rust-v2rayn/apps/desktop/test/fix03b_custom_browse_test.dart: custom editor Browse outbound empty remarks gets the outbound prefix
03:39 +619 -2: C:/Users/Colby/Documents/Codex/2026-10-01/v2rayn-flclash-rust-v2rayn/apps/desktop/test/fix03b_custom_browse_test.dart: custom editor Browse outbound empty remarks gets the outbound prefix
03:39 +620 -2: C:/Users/Colby/Documents/Codex/2026-10-01/v2rayn-flclash-rust-v2rayn/apps/desktop/test/fix03b_custom_browse_test.dart: custom editor Browse outbound empty remarks gets the outbound prefix
03:39 +621 -2: C:/Users/Colby/Documents/Codex/2026-10-01/v2rayn-flclash-rust-v2rayn/apps/desktop/test/fix03b_custom_browse_test.dart: custom editor Browse outbound empty remarks gets the outbound prefix
03:40 +622 -2: C:/Users/Colby/Documents/Codex/2026-10-01/v2rayn-flclash-rust-v2rayn/apps/desktop/test/fix03b_custom_browse_test.dart: custom editor Browse outbound empty remarks gets the outbound prefix
03:40 +623 -2: C:/Users/Colby/Documents/Codex/2026-10-01/v2rayn-flclash-rust-v2rayn/apps/desktop/test/fix03b_custom_browse_test.dart: custom editor Browse outbound empty remarks gets the outbound prefix
03:40 +624 -2: C:/Users/Colby/Documents/Codex/2026-10-01/v2rayn-flclash-rust-v2rayn/apps/desktop/test/fix03b_custom_browse_test.dart: custom editor Browse outbound empty remarks gets the outbound prefix
03:40 +625 -2: C:/Users/Colby/Documents/Codex/2026-10-01/v2rayn-flclash-rust-v2rayn/apps/desktop/test/fix03b_custom_browse_test.dart: custom editor Browse outbound empty remarks gets the outbound prefix
03:40 +626 -2: C:/Users/Colby/Documents/Codex/2026-10-01/v2rayn-flclash-rust-v2rayn/apps/desktop/test/fix03b_custom_browse_test.dart: custom editor Browse outbound empty remarks gets the outbound prefix
03:40 +627 -2: C:/Users/Colby/Documents/Codex/2026-10-01/v2rayn-flclash-rust-v2rayn/apps/desktop/test/fix03b_custom_browse_test.dart: custom editor Browse outbound empty remarks gets the outbound prefix
03:41 +628 -2: C:/Users/Colby/Documents/Codex/2026-10-01/v2rayn-flclash-rust-v2rayn/apps/desktop/test/fix03b_custom_browse_test.dart: custom editor Browse outbound empty remarks gets the outbound prefix
03:41 +629 -2: C:/Users/Colby/Documents/Codex/2026-10-01/v2rayn-flclash-rust-v2rayn/apps/desktop/test/fix03b_custom_browse_test.dart: custom editor Browse outbound empty remarks gets the outbound prefix
03:42 +630 -2: C:/Users/Colby/Documents/Codex/2026-10-01/v2rayn-flclash-rust-v2rayn/apps/desktop/test/fix03b_custom_browse_test.dart: custom editor Browse outbound empty remarks gets the outbound prefix
03:42 +631 -2: C:/Users/Colby/Documents/Codex/2026-10-01/v2rayn-flclash-rust-v2rayn/apps/desktop/test/fix03b_custom_browse_test.dart: custom editor Browse outbound empty remarks gets the outbound prefix
03:42 +632 -2: C:/Users/Colby/Documents/Codex/2026-10-01/v2rayn-flclash-rust-v2rayn/apps/desktop/test/fix03b_custom_browse_test.dart: custom editor Browse outbound empty remarks gets the outbound prefix
03:42 +633 -2: C:/Users/Colby/Documents/Codex/2026-10-01/v2rayn-flclash-rust-v2rayn/apps/desktop/test/fix03b_custom_browse_test.dart: custom editor Browse outbound empty remarks gets the outbound prefix
03:42 +634 -2: C:/Users/Colby/Documents/Codex/2026-10-01/v2rayn-flclash-rust-v2rayn/apps/desktop/test/fix03b_custom_browse_test.dart: custom editor Browse outbound empty remarks gets the outbound prefix
03:42 +635 -2: C:/Users/Colby/Documents/Codex/2026-10-01/v2rayn-flclash-rust-v2rayn/apps/desktop/test/fix03b_custom_browse_test.dart: custom editor Browse outbound empty remarks gets the outbound prefix
03:42 +636 -2: C:/Users/Colby/Documents/Codex/2026-10-01/v2rayn-flclash-rust-v2rayn/apps/desktop/test/fix03b_custom_browse_test.dart: custom editor Browse outbound empty remarks gets the outbound prefix
03:42 +637 -2: C:/Users/Colby/Documents/Codex/2026-10-01/v2rayn-flclash-rust-v2rayn/apps/desktop/test/fix03b_custom_browse_test.dart: custom editor Browse outbound empty remarks gets the outbound prefix
03:42 +638 -2: C:/Users/Colby/Documents/Codex/2026-10-01/v2rayn-flclash-rust-v2rayn/apps/desktop/test/fix03b_custom_browse_test.dart: custom editor Browse outbound empty remarks gets the outbound prefix
03:42 +639 -2: C:/Users/Colby/Documents/Codex/2026-10-01/v2rayn-flclash-rust-v2rayn/apps/desktop/test/fix03b_custom_browse_test.dart: custom editor Browse outbound empty remarks gets the outbound prefix
03:42 +640 -2: C:/Users/Colby/Documents/Codex/2026-10-01/v2rayn-flclash-rust-v2rayn/apps/desktop/test/fix03b_custom_browse_test.dart: custom editor Browse outbound empty remarks gets the outbound prefix
03:42 +641 -2: C:/Users/Colby/Documents/Codex/2026-10-01/v2rayn-flclash-rust-v2rayn/apps/desktop/test/fix03b_custom_browse_test.dart: custom editor Browse outbound empty remarks gets the outbound prefix
03:42 +642 -2: C:/Users/Colby/Documents/Codex/2026-10-01/v2rayn-flclash-rust-v2rayn/apps/desktop/test/fix03b_custom_browse_test.dart: custom editor Browse outbound empty remarks gets the outbound prefix
03:43 +643 -2: C:/Users/Colby/Documents/Codex/2026-10-01/v2rayn-flclash-rust-v2rayn/apps/desktop/test/fix03b_custom_browse_test.dart: custom editor Browse outbound empty remarks gets the outbound prefix
03:43 +644 -2: C:/Users/Colby/Documents/Codex/2026-10-01/v2rayn-flclash-rust-v2rayn/apps/desktop/test/fix03b_custom_browse_test.dart: custom editor Browse outbound empty remarks gets the outbound prefix
03:43 +645 -2: C:/Users/Colby/Documents/Codex/2026-10-01/v2rayn-flclash-rust-v2rayn/apps/desktop/test/fix03b_custom_browse_test.dart: custom editor Browse outbound empty remarks gets the outbound prefix
03:43 +646 -2: C:/Users/Colby/Documents/Codex/2026-10-01/v2rayn-flclash-rust-v2rayn/apps/desktop/test/fix03b_custom_browse_test.dart: custom editor Browse outbound empty remarks gets the outbound prefix
03:44 +647 -2: C:/Users/Colby/Documents/Codex/2026-10-01/v2rayn-flclash-rust-v2rayn/apps/desktop/test/fix03b_custom_browse_test.dart: custom editor Browse outbound empty remarks gets the outbound prefix
03:44 +648 -2: C:/Users/Colby/Documents/Codex/2026-10-01/v2rayn-flclash-rust-v2rayn/apps/desktop/test/fix03b_custom_browse_test.dart: custom editor Browse outbound empty remarks gets the outbound prefix
03:44 +649 -2: C:/Users/Colby/Documents/Codex/2026-10-01/v2rayn-flclash-rust-v2rayn/apps/desktop/test/fix03b_custom_browse_test.dart: custom editor Browse outbound empty remarks gets the outbound prefix
03:44 +650 -2: C:/Users/Colby/Documents/Codex/2026-10-01/v2rayn-flclash-rust-v2rayn/apps/desktop/test/fix03b_custom_browse_test.dart: custom editor Browse outbound empty remarks gets the outbound prefix
03:44 +651 -2: C:/Users/Colby/Documents/Codex/2026-10-01/v2rayn-flclash-rust-v2rayn/apps/desktop/test/fix03b_custom_browse_test.dart: custom editor Browse outbound empty remarks gets the outbound prefix
03:45 +652 -2: C:/Users/Colby/Documents/Codex/2026-10-01/v2rayn-flclash-rust-v2rayn/apps/desktop/test/fix03b_custom_browse_test.dart: custom editor Browse outbound empty remarks gets the outbound prefix
03:45 +653 -2: C:/Users/Colby/Documents/Codex/2026-10-01/v2rayn-flclash-rust-v2rayn/apps/desktop/test/fix03b_custom_browse_test.dart: custom editor Browse outbound empty remarks gets the outbound prefix
03:45 +654 -2: C:/Users/Colby/Documents/Codex/2026-10-01/v2rayn-flclash-rust-v2rayn/apps/desktop/test/fix03b_custom_browse_test.dart: custom editor Browse outbound empty remarks gets the outbound prefix
03:45 +655 -2: C:/Users/Colby/Documents/Codex/2026-10-01/v2rayn-flclash-rust-v2rayn/apps/desktop/test/fix03b_custom_browse_test.dart: custom editor Browse outbound empty remarks gets the outbound prefix
03:45 +656 -2: C:/Users/Colby/Documents/Codex/2026-10-01/v2rayn-flclash-rust-v2rayn/apps/desktop/test/fix03b_custom_browse_test.dart: custom editor Browse outbound empty remarks gets the outbound prefix
03:45 +657 -2: C:/Users/Colby/Documents/Codex/2026-10-01/v2rayn-flclash-rust-v2rayn/apps/desktop/test/fix03b_custom_browse_test.dart: custom editor Browse outbound empty remarks gets the outbound prefix
03:46 +658 -2: C:/Users/Colby/Documents/Codex/2026-10-01/v2rayn-flclash-rust-v2rayn/apps/desktop/test/fix03b_custom_browse_test.dart: custom editor Browse outbound empty remarks gets the outbound prefix
03:46 +659 -2: C:/Users/Colby/Documents/Codex/2026-10-01/v2rayn-flclash-rust-v2rayn/apps/desktop/test/fix03b_custom_browse_test.dart: custom editor Browse outbound empty remarks gets the outbound prefix
03:46 +660 -2: C:/Users/Colby/Documents/Codex/2026-10-01/v2rayn-flclash-rust-v2rayn/apps/desktop/test/fix03b_custom_browse_test.dart: custom editor Browse outbound empty remarks gets the outbound prefix
03:46 +661 -2: C:/Users/Colby/Documents/Codex/2026-10-01/v2rayn-flclash-rust-v2rayn/apps/desktop/test/fix03b_custom_browse_test.dart: custom editor Browse outbound empty remarks gets the outbound prefix
03:47 +662 -2: C:/Users/Colby/Documents/Codex/2026-10-01/v2rayn-flclash-rust-v2rayn/apps/desktop/test/fix03b_custom_browse_test.dart: custom editor Browse outbound empty remarks gets the outbound prefix
03:47 +663 -2: C:/Users/Colby/Documents/Codex/2026-10-01/v2rayn-flclash-rust-v2rayn/apps/desktop/test/fix03b_custom_browse_test.dart: custom editor Browse outbound empty remarks gets the outbound prefix
03:47 +664 -2: C:/Users/Colby/Documents/Codex/2026-10-01/v2rayn-flclash-rust-v2rayn/apps/desktop/test/fix03b_custom_browse_test.dart: custom editor Browse outbound empty remarks gets the outbound prefix
03:47 +665 -2: C:/Users/Colby/Documents/Codex/2026-10-01/v2rayn-flclash-rust-v2rayn/apps/desktop/test/fix03b_custom_browse_test.dart: custom editor Browse outbound empty remarks gets the outbound prefix
03:47 +666 -2: C:/Users/Colby/Documents/Codex/2026-10-01/v2rayn-flclash-rust-v2rayn/apps/desktop/test/fix03b_custom_browse_test.dart: custom editor Browse outbound empty remarks gets the outbound prefix
03:47 +667 -2: C:/Users/Colby/Documents/Codex/2026-10-01/v2rayn-flclash-rust-v2rayn/apps/desktop/test/fix03b_custom_browse_test.dart: custom editor Browse outbound empty remarks gets the outbound prefix
03:47 +668 -2: C:/Users/Colby/Documents/Codex/2026-10-01/v2rayn-flclash-rust-v2rayn/apps/desktop/test/fix03b_custom_browse_test.dart: custom editor Browse outbound empty remarks gets the outbound prefix
03:47 +669 -2: C:/Users/Colby/Documents/Codex/2026-10-01/v2rayn-flclash-rust-v2rayn/apps/desktop/test/fix03b_custom_browse_test.dart: custom editor Browse outbound empty remarks gets the outbound prefix
03:47 +670 -2: C:/Users/Colby/Documents/Codex/2026-10-01/v2rayn-flclash-rust-v2rayn/apps/desktop/test/fix03b_custom_browse_test.dart: custom editor Browse outbound empty remarks gets the outbound prefix
03:47 +671 -2: C:/Users/Colby/Documents/Codex/2026-10-01/v2rayn-flclash-rust-v2rayn/apps/desktop/test/fix03b_custom_browse_test.dart: custom editor Browse outbound empty remarks gets the outbound prefix
03:47 +672 -2: C:/Users/Colby/Documents/Codex/2026-10-01/v2rayn-flclash-rust-v2rayn/apps/desktop/test/fix03b_custom_browse_test.dart: custom editor Browse outbound empty remarks gets the outbound prefix
03:49 +673 -2: C:/Users/Colby/Documents/Codex/2026-10-01/v2rayn-flclash-rust-v2rayn/apps/desktop/test/fix03b_custom_browse_test.dart: custom editor Browse outbound empty remarks gets the outbound prefix
03:49 +674 -2: C:/Users/Colby/Documents/Codex/2026-10-01/v2rayn-flclash-rust-v2rayn/apps/desktop/test/fix03b_custom_browse_test.dart: custom editor Browse outbound empty remarks gets the outbound prefix
03:51 +675 -2: C:/Users/Colby/Documents/Codex/2026-10-01/v2rayn-flclash-rust-v2rayn/apps/desktop/test/fix03b_custom_browse_test.dart: custom editor Browse outbound empty remarks gets the outbound prefix
03:52 +676 -2: C:/Users/Colby/Documents/Codex/2026-10-01/v2rayn-flclash-rust-v2rayn/apps/desktop/test/fix03b_custom_browse_test.dart: custom editor Browse outbound empty remarks gets the outbound prefix
03:53 +677 -2: C:/Users/Colby/Documents/Codex/2026-10-01/v2rayn-flclash-rust-v2rayn/apps/desktop/test/fix03b_custom_browse_test.dart: custom editor Browse outbound empty remarks gets the outbound prefix
03:54 +678 -2: C:/Users/Colby/Documents/Codex/2026-10-01/v2rayn-flclash-rust-v2rayn/apps/desktop/test/fix03b_custom_browse_test.dart: custom editor Browse outbound empty remarks gets the outbound prefix
03:54 +679 -2: C:/Users/Colby/Documents/Codex/2026-10-01/v2rayn-flclash-rust-v2rayn/apps/desktop/test/fix03b_custom_browse_test.dart: custom editor Browse outbound empty remarks gets the outbound prefix
03:54 +680 -2: C:/Users/Colby/Documents/Codex/2026-10-01/v2rayn-flclash-rust-v2rayn/apps/desktop/test/fix03b_custom_browse_test.dart: custom editor Browse outbound empty remarks gets the outbound prefix
03:54 +681 -2: C:/Users/Colby/Documents/Codex/2026-10-01/v2rayn-flclash-rust-v2rayn/apps/desktop/test/fix03b_custom_browse_test.dart: custom editor Browse outbound empty remarks gets the outbound prefix
03:54 +682 -2: C:/Users/Colby/Documents/Codex/2026-10-01/v2rayn-flclash-rust-v2rayn/apps/desktop/test/fix03b_custom_browse_test.dart: custom editor Browse outbound empty remarks gets the outbound prefix
03:54 +682 -2: C:/Users/Colby/Documents/Codex/2026-10-01/v2rayn-flclash-rust-v2rayn/apps/desktop/test/runtime_controller_test.dart: controller records epoch/seq and flags out-of-order events
[runtime] runtime event out of order: seq=4 <= last=5
03:54 +683 -2: C:/Users/Colby/Documents/Codex/2026-10-01/v2rayn-flclash-rust-v2rayn/apps/desktop/test/fix03b_custom_browse_test.dart: custom editor Browse outbound empty remarks gets the outbound prefix
03:54 +684 -2: C:/Users/Colby/Documents/Codex/2026-10-01/v2rayn-flclash-rust-v2rayn/apps/desktop/test/fix03b_custom_browse_test.dart: custom editor Browse outbound empty remarks gets the outbound prefix
03:54 +685 -2: C:/Users/Colby/Documents/Codex/2026-10-01/v2rayn-flclash-rust-v2rayn/apps/desktop/test/fix03b_custom_browse_test.dart: custom editor Browse outbound empty remarks gets the outbound prefix
03:54 +686 -2: C:/Users/Colby/Documents/Codex/2026-10-01/v2rayn-flclash-rust-v2rayn/apps/desktop/test/fix03b_custom_browse_test.dart: custom editor Browse outbound empty remarks gets the outbound prefix
03:54 +687 -2: C:/Users/Colby/Documents/Codex/2026-10-01/v2rayn-flclash-rust-v2rayn/apps/desktop/test/fix03b_custom_browse_test.dart: custom editor Browse outbound empty remarks gets the outbound prefix
03:54 +688 -2: C:/Users/Colby/Documents/Codex/2026-10-01/v2rayn-flclash-rust-v2rayn/apps/desktop/test/fix03b_custom_browse_test.dart: custom editor Browse outbound empty remarks gets the outbound prefix
03:55 +689 -2: C:/Users/Colby/Documents/Codex/2026-10-01/v2rayn-flclash-rust-v2rayn/apps/desktop/test/fix03b_custom_browse_test.dart: custom editor Browse outbound empty remarks gets the outbound prefix
03:55 +690 -2: C:/Users/Colby/Documents/Codex/2026-10-01/v2rayn-flclash-rust-v2rayn/apps/desktop/test/fix03b_custom_browse_test.dart: custom editor Browse outbound empty remarks gets the outbound prefix
03:55 +691 -2: C:/Users/Colby/Documents/Codex/2026-10-01/v2rayn-flclash-rust-v2rayn/apps/desktop/test/fix03b_custom_browse_test.dart: custom editor Browse outbound empty remarks gets the outbound prefix
03:55 +692 -2: C:/Users/Colby/Documents/Codex/2026-10-01/v2rayn-flclash-rust-v2rayn/apps/desktop/test/fix03b_custom_browse_test.dart: custom editor Browse outbound empty remarks gets the outbound prefix
03:55 +693 -2: C:/Users/Colby/Documents/Codex/2026-10-01/v2rayn-flclash-rust-v2rayn/apps/desktop/test/fix03b_custom_browse_test.dart: custom editor Browse outbound empty remarks gets the outbound prefix
03:55 +694 -2: C:/Users/Colby/Documents/Codex/2026-10-01/v2rayn-flclash-rust-v2rayn/apps/desktop/test/fix03b_custom_browse_test.dart: custom editor Browse outbound empty remarks gets the outbound prefix
03:55 +695 -2: C:/Users/Colby/Documents/Codex/2026-10-01/v2rayn-flclash-rust-v2rayn/apps/desktop/test/fix03b_custom_browse_test.dart: custom editor Browse outbound empty remarks gets the outbound prefix
03:55 +696 -2: C:/Users/Colby/Documents/Codex/2026-10-01/v2rayn-flclash-rust-v2rayn/apps/desktop/test/fix03b_custom_browse_test.dart: custom editor Browse outbound empty remarks gets the outbound prefix
03:56 +697 -2: C:/Users/Colby/Documents/Codex/2026-10-01/v2rayn-flclash-rust-v2rayn/apps/desktop/test/fix03b_custom_browse_test.dart: custom editor Browse outbound empty remarks gets the outbound prefix
03:56 +698 -2: C:/Users/Colby/Documents/Codex/2026-10-01/v2rayn-flclash-rust-v2rayn/apps/desktop/test/fix03b_custom_browse_test.dart: custom editor Browse outbound empty remarks gets the outbound prefix
03:56 +699 -2: C:/Users/Colby/Documents/Codex/2026-10-01/v2rayn-flclash-rust-v2rayn/apps/desktop/test/fix03b_custom_browse_test.dart: custom editor Browse outbound empty remarks gets the outbound prefix
03:56 +700 -2: C:/Users/Colby/Documents/Codex/2026-10-01/v2rayn-flclash-rust-v2rayn/apps/desktop/test/fix03b_custom_browse_test.dart: custom editor Browse outbound empty remarks gets the outbound prefix
03:57 +701 -2: C:/Users/Colby/Documents/Codex/2026-10-01/v2rayn-flclash-rust-v2rayn/apps/desktop/test/fix03b_custom_browse_test.dart: custom editor Browse outbound empty remarks gets the outbound prefix
03:58 +702 -2: C:/Users/Colby/Documents/Codex/2026-10-01/v2rayn-flclash-rust-v2rayn/apps/desktop/test/fix03b_custom_browse_test.dart: custom editor Browse outbound empty remarks gets the outbound prefix
03:58 +703 -2: C:/Users/Colby/Documents/Codex/2026-10-01/v2rayn-flclash-rust-v2rayn/apps/desktop/test/fix03b_custom_browse_test.dart: custom editor Browse outbound empty remarks gets the outbound prefix
03:58 +704 -2: C:/Users/Colby/Documents/Codex/2026-10-01/v2rayn-flclash-rust-v2rayn/apps/desktop/test/fix03b_custom_browse_test.dart: custom editor Browse outbound empty remarks gets the outbound prefix
03:58 +705 -2: C:/Users/Colby/Documents/Codex/2026-10-01/v2rayn-flclash-rust-v2rayn/apps/desktop/test/fix03b_custom_browse_test.dart: custom editor Browse outbound empty remarks gets the outbound prefix
03:58 +706 -2: C:/Users/Colby/Documents/Codex/2026-10-01/v2rayn-flclash-rust-v2rayn/apps/desktop/test/fix03b_custom_browse_test.dart: custom editor Browse outbound empty remarks gets the outbound prefix
03:59 +707 -2: C:/Users/Colby/Documents/Codex/2026-10-01/v2rayn-flclash-rust-v2rayn/apps/desktop/test/fix03b_custom_browse_test.dart: custom editor Browse outbound empty remarks gets the outbound prefix
03:59 +708 -2: C:/Users/Colby/Documents/Codex/2026-10-01/v2rayn-flclash-rust-v2rayn/apps/desktop/test/fix03b_custom_browse_test.dart: custom editor Browse outbound empty remarks gets the outbound prefix
03:59 +709 -2: C:/Users/Colby/Documents/Codex/2026-10-01/v2rayn-flclash-rust-v2rayn/apps/desktop/test/fix03b_custom_browse_test.dart: custom editor Browse outbound empty remarks gets the outbound prefix
03:59 +710 -2: C:/Users/Colby/Documents/Codex/2026-10-01/v2rayn-flclash-rust-v2rayn/apps/desktop/test/fix03b_custom_browse_test.dart: custom editor Browse outbound empty remarks gets the outbound prefix
03:59 +711 -2: C:/Users/Colby/Documents/Codex/2026-10-01/v2rayn-flclash-rust-v2rayn/apps/desktop/test/fix03b_custom_browse_test.dart: custom editor Browse outbound empty remarks gets the outbound prefix
03:59 +712 -2: C:/Users/Colby/Documents/Codex/2026-10-01/v2rayn-flclash-rust-v2rayn/apps/desktop/test/fix03b_custom_browse_test.dart: custom editor Browse outbound empty remarks gets the outbound prefix
03:59 +713 -2: C:/Users/Colby/Documents/Codex/2026-10-01/v2rayn-flclash-rust-v2rayn/apps/desktop/test/fix03b_custom_browse_test.dart: custom editor Browse outbound empty remarks gets the outbound prefix
04:00 +714 -2: C:/Users/Colby/Documents/Codex/2026-10-01/v2rayn-flclash-rust-v2rayn/apps/desktop/test/fix03b_custom_browse_test.dart: custom editor Browse outbound empty remarks gets the outbound prefix
04:00 +715 -2: C:/Users/Colby/Documents/Codex/2026-10-01/v2rayn-flclash-rust-v2rayn/apps/desktop/test/fix03b_custom_browse_test.dart: custom editor Browse outbound empty remarks gets the outbound prefix
04:00 +716 -2: C:/Users/Colby/Documents/Codex/2026-10-01/v2rayn-flclash-rust-v2rayn/apps/desktop/test/fix03b_custom_browse_test.dart: custom editor Browse outbound empty remarks gets the outbound prefix
04:00 +717 -2: C:/Users/Colby/Documents/Codex/2026-10-01/v2rayn-flclash-rust-v2rayn/apps/desktop/test/fix03b_custom_browse_test.dart: custom editor Browse outbound empty remarks gets the outbound prefix
04:03 +718 -2: C:/Users/Colby/Documents/Codex/2026-10-01/v2rayn-flclash-rust-v2rayn/apps/desktop/test/fix03b_custom_browse_test.dart: custom editor Browse outbound empty remarks gets the outbound prefix
04:05 +719 -2: C:/Users/Colby/Documents/Codex/2026-10-01/v2rayn-flclash-rust-v2rayn/apps/desktop/test/fix03b_custom_browse_test.dart: custom editor Browse outbound empty remarks gets the outbound prefix
04:06 +720 -2: C:/Users/Colby/Documents/Codex/2026-10-01/v2rayn-flclash-rust-v2rayn/apps/desktop/test/fix03b_custom_browse_test.dart: custom editor Browse outbound empty remarks gets the outbound prefix
04:06 +721 -2: C:/Users/Colby/Documents/Codex/2026-10-01/v2rayn-flclash-rust-v2rayn/apps/desktop/test/fix03b_custom_browse_test.dart: custom editor Browse outbound empty remarks gets the outbound prefix
04:06 +722 -2: C:/Users/Colby/Documents/Codex/2026-10-01/v2rayn-flclash-rust-v2rayn/apps/desktop/test/fix03b_custom_browse_test.dart: custom editor Browse outbound empty remarks gets the outbound prefix
04:07 +723 -2: C:/Users/Colby/Documents/Codex/2026-10-01/v2rayn-flclash-rust-v2rayn/apps/desktop/test/fix03b_custom_browse_test.dart: custom editor Browse outbound empty remarks gets the outbound prefix
04:10 +724 -2: C:/Users/Colby/Documents/Codex/2026-10-01/v2rayn-flclash-rust-v2rayn/apps/desktop/test/fix03b_custom_browse_test.dart: custom editor Browse outbound empty remarks gets the outbound prefix
04:11 +725 -2: C:/Users/Colby/Documents/Codex/2026-10-01/v2rayn-flclash-rust-v2rayn/apps/desktop/test/fix03b_custom_browse_test.dart: custom editor Browse outbound empty remarks gets the outbound prefix
04:12 +726 -2: C:/Users/Colby/Documents/Codex/2026-10-01/v2rayn-flclash-rust-v2rayn/apps/desktop/test/fix03b_custom_browse_test.dart: custom editor Browse outbound empty remarks gets the outbound prefix
04:13 +727 -2: C:/Users/Colby/Documents/Codex/2026-10-01/v2rayn-flclash-rust-v2rayn/apps/desktop/test/fix03b_custom_browse_test.dart: custom editor Browse outbound empty remarks gets the outbound prefix
04:13 +728 -2: C:/Users/Colby/Documents/Codex/2026-10-01/v2rayn-flclash-rust-v2rayn/apps/desktop/test/fix03b_custom_browse_test.dart: custom editor Browse outbound empty remarks gets the outbound prefix
04:13 +729 -2: C:/Users/Colby/Documents/Codex/2026-10-01/v2rayn-flclash-rust-v2rayn/apps/desktop/test/fix03b_custom_browse_test.dart: custom editor Browse outbound empty remarks gets the outbound prefix
04:13 +730 -2: C:/Users/Colby/Documents/Codex/2026-10-01/v2rayn-flclash-rust-v2rayn/apps/desktop/test/fix03b_custom_browse_test.dart: custom editor Browse outbound empty remarks gets the outbound prefix
04:14 +731 -2: C:/Users/Colby/Documents/Codex/2026-10-01/v2rayn-flclash-rust-v2rayn/apps/desktop/test/fix03b_custom_browse_test.dart: custom editor Browse outbound empty remarks gets the outbound prefix
04:14 +732 -2: C:/Users/Colby/Documents/Codex/2026-10-01/v2rayn-flclash-rust-v2rayn/apps/desktop/test/fix03b_custom_browse_test.dart: custom editor Browse outbound empty remarks gets the outbound prefix
04:14 +733 -2: C:/Users/Colby/Documents/Codex/2026-10-01/v2rayn-flclash-rust-v2rayn/apps/desktop/test/fix03b_custom_browse_test.dart: custom editor Browse outbound empty remarks gets the outbound prefix
04:14 +734 -2: C:/Users/Colby/Documents/Codex/2026-10-01/v2rayn-flclash-rust-v2rayn/apps/desktop/test/fix03b_custom_browse_test.dart: custom editor Browse outbound empty remarks gets the outbound prefix
04:14 +735 -2: C:/Users/Colby/Documents/Codex/2026-10-01/v2rayn-flclash-rust-v2rayn/apps/desktop/test/fix03b_custom_browse_test.dart: custom editor Browse outbound empty remarks gets the outbound prefix
04:15 +736 -2: C:/Users/Colby/Documents/Codex/2026-10-01/v2rayn-flclash-rust-v2rayn/apps/desktop/test/fix03b_custom_browse_test.dart: custom editor Browse outbound empty remarks gets the outbound prefix
04:15 +737 -2: C:/Users/Colby/Documents/Codex/2026-10-01/v2rayn-flclash-rust-v2rayn/apps/desktop/test/fix03b_custom_browse_test.dart: custom editor Browse outbound empty remarks gets the outbound prefix
04:15 +738 -2: C:/Users/Colby/Documents/Codex/2026-10-01/v2rayn-flclash-rust-v2rayn/apps/desktop/test/fix03b_custom_browse_test.dart: custom editor Browse outbound empty remarks gets the outbound prefix
04:15 +739 -2: C:/Users/Colby/Documents/Codex/2026-10-01/v2rayn-flclash-rust-v2rayn/apps/desktop/test/fix03b_custom_browse_test.dart: custom editor Browse outbound empty remarks gets the outbound prefix
04:15 +740 -2: C:/Users/Colby/Documents/Codex/2026-10-01/v2rayn-flclash-rust-v2rayn/apps/desktop/test/fix03b_custom_browse_test.dart: custom editor Browse outbound empty remarks gets the outbound prefix
04:16 +741 -2: C:/Users/Colby/Documents/Codex/2026-10-01/v2rayn-flclash-rust-v2rayn/apps/desktop/test/fix03b_custom_browse_test.dart: custom editor Browse outbound empty remarks gets the outbound prefix
04:16 +742 -2: C:/Users/Colby/Documents/Codex/2026-10-01/v2rayn-flclash-rust-v2rayn/apps/desktop/test/fix03b_custom_browse_test.dart: custom editor Browse outbound empty remarks gets the outbound prefix
04:17 +743 -2: C:/Users/Colby/Documents/Codex/2026-10-01/v2rayn-flclash-rust-v2rayn/apps/desktop/test/fix03b_custom_browse_test.dart: custom editor Browse outbound empty remarks gets the outbound prefix
04:17 +744 -2: C:/Users/Colby/Documents/Codex/2026-10-01/v2rayn-flclash-rust-v2rayn/apps/desktop/test/fix03b_custom_browse_test.dart: custom editor Browse outbound empty remarks gets the outbound prefix
04:17 +745 -2: C:/Users/Colby/Documents/Codex/2026-10-01/v2rayn-flclash-rust-v2rayn/apps/desktop/test/fix03b_custom_browse_test.dart: custom editor Browse outbound empty remarks gets the outbound prefix
04:19 +746 -2: C:/Users/Colby/Documents/Codex/2026-10-01/v2rayn-flclash-rust-v2rayn/apps/desktop/test/fix03b_custom_browse_test.dart: custom editor Browse outbound empty remarks gets the outbound prefix
04:19 +747 -2: C:/Users/Colby/Documents/Codex/2026-10-01/v2rayn-flclash-rust-v2rayn/apps/desktop/test/fix03b_custom_browse_test.dart: custom editor Browse outbound empty remarks gets the outbound prefix
04:20 +748 -2: C:/Users/Colby/Documents/Codex/2026-10-01/v2rayn-flclash-rust-v2rayn/apps/desktop/test/fix03b_custom_browse_test.dart: custom editor Browse outbound empty remarks gets the outbound prefix
04:20 +749 -2: C:/Users/Colby/Documents/Codex/2026-10-01/v2rayn-flclash-rust-v2rayn/apps/desktop/test/fix03b_custom_browse_test.dart: custom editor Browse outbound empty remarks gets the outbound prefix
04:20 +750 -2: C:/Users/Colby/Documents/Codex/2026-10-01/v2rayn-flclash-rust-v2rayn/apps/desktop/test/fix03b_custom_browse_test.dart: custom editor Browse outbound empty remarks gets the outbound prefix
04:21 +751 -2: C:/Users/Colby/Documents/Codex/2026-10-01/v2rayn-flclash-rust-v2rayn/apps/desktop/test/fix03b_custom_browse_test.dart: custom editor Browse outbound empty remarks gets the outbound prefix
04:21 +752 -2: C:/Users/Colby/Documents/Codex/2026-10-01/v2rayn-flclash-rust-v2rayn/apps/desktop/test/fix03b_custom_browse_test.dart: custom editor Browse outbound empty remarks gets the outbound prefix
04:21 +753 -2: C:/Users/Colby/Documents/Codex/2026-10-01/v2rayn-flclash-rust-v2rayn/apps/desktop/test/fix03b_custom_browse_test.dart: custom editor Browse outbound empty remarks gets the outbound prefix
04:21 +754 -2: C:/Users/Colby/Documents/Codex/2026-10-01/v2rayn-flclash-rust-v2rayn/apps/desktop/test/fix03b_custom_browse_test.dart: custom editor Browse outbound empty remarks gets the outbound prefix
04:23 +755 -2: C:/Users/Colby/Documents/Codex/2026-10-01/v2rayn-flclash-rust-v2rayn/apps/desktop/test/fix03b_custom_browse_test.dart: custom editor Browse outbound empty remarks gets the outbound prefix
04:23 +756 -2: C:/Users/Colby/Documents/Codex/2026-10-01/v2rayn-flclash-rust-v2rayn/apps/desktop/test/fix03b_custom_browse_test.dart: custom editor Browse outbound empty remarks gets the outbound prefix
04:24 +757 -2: C:/Users/Colby/Documents/Codex/2026-10-01/v2rayn-flclash-rust-v2rayn/apps/desktop/test/fix03b_custom_browse_test.dart: custom editor Browse outbound empty remarks gets the outbound prefix
04:24 +758 -2: C:/Users/Colby/Documents/Codex/2026-10-01/v2rayn-flclash-rust-v2rayn/apps/desktop/test/fix03b_custom_browse_test.dart: custom editor Browse outbound empty remarks gets the outbound prefix
04:24 +759 -2: C:/Users/Colby/Documents/Codex/2026-10-01/v2rayn-flclash-rust-v2rayn/apps/desktop/test/fix03b_custom_browse_test.dart: custom editor Browse outbound empty remarks gets the outbound prefix
04:24 +760 -2: C:/Users/Colby/Documents/Codex/2026-10-01/v2rayn-flclash-rust-v2rayn/apps/desktop/test/fix03b_custom_browse_test.dart: custom editor Browse outbound empty remarks gets the outbound prefix
04:25 +761 -2: C:/Users/Colby/Documents/Codex/2026-10-01/v2rayn-flclash-rust-v2rayn/apps/desktop/test/fix03b_custom_browse_test.dart: custom editor Browse outbound empty remarks gets the outbound prefix
04:26 +762 -2: C:/Users/Colby/Documents/Codex/2026-10-01/v2rayn-flclash-rust-v2rayn/apps/desktop/test/fix03b_custom_browse_test.dart: custom editor Browse outbound empty remarks gets the outbound prefix
04:27 +763 -2: C:/Users/Colby/Documents/Codex/2026-10-01/v2rayn-flclash-rust-v2rayn/apps/desktop/test/fix03b_custom_browse_test.dart: custom editor Browse outbound empty remarks gets the outbound prefix
04:27 +764 -2: C:/Users/Colby/Documents/Codex/2026-10-01/v2rayn-flclash-rust-v2rayn/apps/desktop/test/fix03b_custom_browse_test.dart: custom editor Browse outbound empty remarks gets the outbound prefix
04:27 +765 -2: C:/Users/Colby/Documents/Codex/2026-10-01/v2rayn-flclash-rust-v2rayn/apps/desktop/test/fix03b_custom_browse_test.dart: custom editor Browse outbound empty remarks gets the outbound prefix
04:27 +766 -2: C:/Users/Colby/Documents/Codex/2026-10-01/v2rayn-flclash-rust-v2rayn/apps/desktop/test/fix03b_custom_browse_test.dart: custom editor Browse outbound empty remarks gets the outbound prefix
04:27 +767 -2: C:/Users/Colby/Documents/Codex/2026-10-01/v2rayn-flclash-rust-v2rayn/apps/desktop/test/fix03b_custom_browse_test.dart: custom editor Browse outbound empty remarks gets the outbound prefix
04:28 +768 -2: C:/Users/Colby/Documents/Codex/2026-10-01/v2rayn-flclash-rust-v2rayn/apps/desktop/test/fix03b_custom_browse_test.dart: custom editor Browse outbound empty remarks gets the outbound prefix
04:29 +769 -2: C:/Users/Colby/Documents/Codex/2026-10-01/v2rayn-flclash-rust-v2rayn/apps/desktop/test/fix03b_custom_browse_test.dart: custom editor Browse outbound empty remarks gets the outbound prefix
04:29 +770 -2: C:/Users/Colby/Documents/Codex/2026-10-01/v2rayn-flclash-rust-v2rayn/apps/desktop/test/fix03b_custom_browse_test.dart: custom editor Browse outbound empty remarks gets the outbound prefix
04:30 +771 -2: C:/Users/Colby/Documents/Codex/2026-10-01/v2rayn-flclash-rust-v2rayn/apps/desktop/test/fix03b_custom_browse_test.dart: custom editor Browse outbound empty remarks gets the outbound prefix
04:30 +772 -2: C:/Users/Colby/Documents/Codex/2026-10-01/v2rayn-flclash-rust-v2rayn/apps/desktop/test/fix03b_custom_browse_test.dart: custom editor Browse outbound empty remarks gets the outbound prefix
04:30 +773 -2: C:/Users/Colby/Documents/Codex/2026-10-01/v2rayn-flclash-rust-v2rayn/apps/desktop/test/fix03b_custom_browse_test.dart: custom editor Browse outbound empty remarks gets the outbound prefix
04:31 +774 -2: C:/Users/Colby/Documents/Codex/2026-10-01/v2rayn-flclash-rust-v2rayn/apps/desktop/test/fix03b_custom_browse_test.dart: custom editor Browse outbound empty remarks gets the outbound prefix
04:32 +775 -2: C:/Users/Colby/Documents/Codex/2026-10-01/v2rayn-flclash-rust-v2rayn/apps/desktop/test/fix03b_custom_browse_test.dart: custom editor Browse outbound empty remarks gets the outbound prefix
04:32 +776 -2: C:/Users/Colby/Documents/Codex/2026-10-01/v2rayn-flclash-rust-v2rayn/apps/desktop/test/fix03b_custom_browse_test.dart: custom editor Browse outbound empty remarks gets the outbound prefix
04:32 +777 -2: C:/Users/Colby/Documents/Codex/2026-10-01/v2rayn-flclash-rust-v2rayn/apps/desktop/test/fix03b_custom_browse_test.dart: custom editor Browse outbound empty remarks gets the outbound prefix
04:32 +778 -2: C:/Users/Colby/Documents/Codex/2026-10-01/v2rayn-flclash-rust-v2rayn/apps/desktop/test/fix03b_custom_browse_test.dart: custom editor Browse outbound empty remarks gets the outbound prefix
04:32 +779 -2: C:/Users/Colby/Documents/Codex/2026-10-01/v2rayn-flclash-rust-v2rayn/apps/desktop/test/fix03b_custom_browse_test.dart: custom editor Browse outbound empty remarks gets the outbound prefix
04:32 +780 -2: C:/Users/Colby/Documents/Codex/2026-10-01/v2rayn-flclash-rust-v2rayn/apps/desktop/test/fix03b_custom_browse_test.dart: custom editor Browse outbound empty remarks gets the outbound prefix
04:32 +781 -2: C:/Users/Colby/Documents/Codex/2026-10-01/v2rayn-flclash-rust-v2rayn/apps/desktop/test/fix03b_custom_browse_test.dart: custom editor Browse outbound empty remarks gets the outbound prefix
04:32 +782 -2: C:/Users/Colby/Documents/Codex/2026-10-01/v2rayn-flclash-rust-v2rayn/apps/desktop/test/fix03b_custom_browse_test.dart: custom editor Browse outbound empty remarks gets the outbound prefix
04:32 +783 -2: C:/Users/Colby/Documents/Codex/2026-10-01/v2rayn-flclash-rust-v2rayn/apps/desktop/test/fix03b_custom_browse_test.dart: custom editor Browse outbound empty remarks gets the outbound prefix
04:32 +784 -2: C:/Users/Colby/Documents/Codex/2026-10-01/v2rayn-flclash-rust-v2rayn/apps/desktop/test/fix03b_custom_browse_test.dart: custom editor Browse outbound empty remarks gets the outbound prefix
04:32 +785 -2: C:/Users/Colby/Documents/Codex/2026-10-01/v2rayn-flclash-rust-v2rayn/apps/desktop/test/fix03b_custom_browse_test.dart: custom editor Browse outbound empty remarks gets the outbound prefix
04:32 +786 -2: C:/Users/Colby/Documents/Codex/2026-10-01/v2rayn-flclash-rust-v2rayn/apps/desktop/test/fix03b_custom_browse_test.dart: custom editor Browse outbound empty remarks gets the outbound prefix
04:32 +787 -2: C:/Users/Colby/Documents/Codex/2026-10-01/v2rayn-flclash-rust-v2rayn/apps/desktop/test/fix03b_custom_browse_test.dart: custom editor Browse outbound empty remarks gets the outbound prefix
04:32 +788 -2: C:/Users/Colby/Documents/Codex/2026-10-01/v2rayn-flclash-rust-v2rayn/apps/desktop/test/fix03b_custom_browse_test.dart: custom editor Browse outbound empty remarks gets the outbound prefix
04:32 +789 -2: C:/Users/Colby/Documents/Codex/2026-10-01/v2rayn-flclash-rust-v2rayn/apps/desktop/test/fix03b_custom_browse_test.dart: custom editor Browse outbound empty remarks gets the outbound prefix
04:32 +790 -2: C:/Users/Colby/Documents/Codex/2026-10-01/v2rayn-flclash-rust-v2rayn/apps/desktop/test/fix03b_custom_browse_test.dart: custom editor Browse outbound empty remarks gets the outbound prefix
04:32 +791 -2: C:/Users/Colby/Documents/Codex/2026-10-01/v2rayn-flclash-rust-v2rayn/apps/desktop/test/fix03b_custom_browse_test.dart: custom editor Browse outbound empty remarks gets the outbound prefix
04:33 +792 -2: C:/Users/Colby/Documents/Codex/2026-10-01/v2rayn-flclash-rust-v2rayn/apps/desktop/test/fix03b_custom_browse_test.dart: custom editor Browse outbound empty remarks gets the outbound prefix
04:33 +793 -2: C:/Users/Colby/Documents/Codex/2026-10-01/v2rayn-flclash-rust-v2rayn/apps/desktop/test/fix03b_custom_browse_test.dart: custom editor Browse outbound empty remarks gets the outbound prefix
04:34 +794 -2: C:/Users/Colby/Documents/Codex/2026-10-01/v2rayn-flclash-rust-v2rayn/apps/desktop/test/fix03b_custom_browse_test.dart: custom editor Browse outbound empty remarks gets the outbound prefix
04:34 +795 -2: C:/Users/Colby/Documents/Codex/2026-10-01/v2rayn-flclash-rust-v2rayn/apps/desktop/test/fix03b_custom_browse_test.dart: custom editor Browse outbound empty remarks gets the outbound prefix
04:35 +796 -2: C:/Users/Colby/Documents/Codex/2026-10-01/v2rayn-flclash-rust-v2rayn/apps/desktop/test/fix03b_custom_browse_test.dart: custom editor Browse outbound empty remarks gets the outbound prefix
04:35 +797 -2: C:/Users/Colby/Documents/Codex/2026-10-01/v2rayn-flclash-rust-v2rayn/apps/desktop/test/fix03b_custom_browse_test.dart: custom editor Browse outbound empty remarks gets the outbound prefix
04:36 +798 -2: C:/Users/Colby/Documents/Codex/2026-10-01/v2rayn-flclash-rust-v2rayn/apps/desktop/test/fix03b_custom_browse_test.dart: custom editor Browse outbound empty remarks gets the outbound prefix
04:36 +799 -2: C:/Users/Colby/Documents/Codex/2026-10-01/v2rayn-flclash-rust-v2rayn/apps/desktop/test/fix03b_custom_browse_test.dart: custom editor Browse outbound empty remarks gets the outbound prefix
04:36 +800 -2: C:/Users/Colby/Documents/Codex/2026-10-01/v2rayn-flclash-rust-v2rayn/apps/desktop/test/fix03b_custom_browse_test.dart: custom editor Browse outbound empty remarks gets the outbound prefix
04:36 +801 -2: C:/Users/Colby/Documents/Codex/2026-10-01/v2rayn-flclash-rust-v2rayn/apps/desktop/test/fix03b_custom_browse_test.dart: custom editor Browse outbound empty remarks gets the outbound prefix
04:36 +802 -2: C:/Users/Colby/Documents/Codex/2026-10-01/v2rayn-flclash-rust-v2rayn/apps/desktop/test/fix03b_custom_browse_test.dart: custom editor Browse outbound empty remarks gets the outbound prefix
04:36 +803 -2: C:/Users/Colby/Documents/Codex/2026-10-01/v2rayn-flclash-rust-v2rayn/apps/desktop/test/fix03b_custom_browse_test.dart: custom editor Browse outbound empty remarks gets the outbound prefix
04:36 +804 -2: C:/Users/Colby/Documents/Codex/2026-10-01/v2rayn-flclash-rust-v2rayn/apps/desktop/test/fix03b_custom_browse_test.dart: custom editor Browse outbound empty remarks gets the outbound prefix
04:36 +805 -2: C:/Users/Colby/Documents/Codex/2026-10-01/v2rayn-flclash-rust-v2rayn/apps/desktop/test/fix03b_custom_browse_test.dart: custom editor Browse outbound empty remarks gets the outbound prefix
04:36 +806 -2: C:/Users/Colby/Documents/Codex/2026-10-01/v2rayn-flclash-rust-v2rayn/apps/desktop/test/fix03b_custom_browse_test.dart: custom editor Browse outbound empty remarks gets the outbound prefix
04:37 +807 -2: C:/Users/Colby/Documents/Codex/2026-10-01/v2rayn-flclash-rust-v2rayn/apps/desktop/test/fix03b_custom_browse_test.dart: custom editor Browse outbound empty remarks gets the outbound prefix
04:37 +808 -2: C:/Users/Colby/Documents/Codex/2026-10-01/v2rayn-flclash-rust-v2rayn/apps/desktop/test/fix03b_custom_browse_test.dart: custom editor Browse outbound empty remarks gets the outbound prefix
04:37 +809 -2: C:/Users/Colby/Documents/Codex/2026-10-01/v2rayn-flclash-rust-v2rayn/apps/desktop/test/fix03b_custom_browse_test.dart: custom editor Browse outbound empty remarks gets the outbound prefix
04:38 +810 -2: C:/Users/Colby/Documents/Codex/2026-10-01/v2rayn-flclash-rust-v2rayn/apps/desktop/test/fix03b_custom_browse_test.dart: custom editor Browse outbound empty remarks gets the outbound prefix
04:39 +811 -2: C:/Users/Colby/Documents/Codex/2026-10-01/v2rayn-flclash-rust-v2rayn/apps/desktop/test/fix03b_custom_browse_test.dart: custom editor Browse outbound empty remarks gets the outbound prefix
04:39 +811 -2: C:/Users/Colby/Documents/Codex/2026-10-01/v2rayn-flclash-rust-v2rayn/apps/desktop/test/t15b_smoke_probe_test.dart: bridge TCPing writes a real ProfileExItem delay
  probe disabled
04:39 +811 ~1 -2: C:/Users/Colby/Documents/Codex/2026-10-01/v2rayn-flclash-rust-v2rayn/apps/desktop/test/fix03b_custom_browse_test.dart: custom editor Browse outbound empty remarks gets the outbound prefix
04:39 +811 ~1 -2: C:/Users/Colby/Documents/Codex/2026-10-01/v2rayn-flclash-rust-v2rayn/apps/desktop/test/t15b_smoke_seed_test.dart: seed local smoke profiles
  seed disabled
04:39 +811 ~2 -2: C:/Users/Colby/Documents/Codex/2026-10-01/v2rayn-flclash-rust-v2rayn/apps/desktop/test/fix03b_custom_browse_test.dart: custom editor Browse outbound empty remarks gets the outbound prefix
04:40 +812 ~2 -2: C:/Users/Colby/Documents/Codex/2026-10-01/v2rayn-flclash-rust-v2rayn/apps/desktop/test/fix03b_custom_browse_test.dart: custom editor Browse outbound empty remarks gets the outbound prefix
04:40 +813 ~2 -2: C:/Users/Colby/Documents/Codex/2026-10-01/v2rayn-flclash-rust-v2rayn/apps/desktop/test/fix03b_custom_browse_test.dart: custom editor Browse outbound empty remarks gets the outbound prefix
04:40 +814 ~2 -2: C:/Users/Colby/Documents/Codex/2026-10-01/v2rayn-flclash-rust-v2rayn/apps/desktop/test/fix03b_custom_browse_test.dart: custom editor Browse outbound empty remarks gets the outbound prefix
04:40 +815 ~2 -2: C:/Users/Colby/Documents/Codex/2026-10-01/v2rayn-flclash-rust-v2rayn/apps/desktop/test/fix03b_custom_browse_test.dart: custom editor Browse outbound empty remarks gets the outbound prefix
04:40 +816 ~2 -2: C:/Users/Colby/Documents/Codex/2026-10-01/v2rayn-flclash-rust-v2rayn/apps/desktop/test/fix03b_custom_browse_test.dart: custom editor Browse outbound empty remarks gets the outbound prefix
04:40 +817 ~2 -2: C:/Users/Colby/Documents/Codex/2026-10-01/v2rayn-flclash-rust-v2rayn/apps/desktop/test/fix03b_custom_browse_test.dart: custom editor Browse outbound empty remarks gets the outbound prefix
04:40 +818 ~2 -2: C:/Users/Colby/Documents/Codex/2026-10-01/v2rayn-flclash-rust-v2rayn/apps/desktop/test/fix03b_custom_browse_test.dart: custom editor Browse outbound empty remarks gets the outbound prefix
04:41 +819 ~2 -2: C:/Users/Colby/Documents/Codex/2026-10-01/v2rayn-flclash-rust-v2rayn/apps/desktop/test/fix03b_custom_browse_test.dart: custom editor Browse outbound empty remarks gets the outbound prefix
04:41 +820 ~2 -2: C:/Users/Colby/Documents/Codex/2026-10-01/v2rayn-flclash-rust-v2rayn/apps/desktop/test/fix03b_custom_browse_test.dart: custom editor Browse outbound empty remarks gets the outbound prefix
04:41 +821 ~2 -2: C:/Users/Colby/Documents/Codex/2026-10-01/v2rayn-flclash-rust-v2rayn/apps/desktop/test/fix03b_custom_browse_test.dart: custom editor Browse outbound empty remarks gets the outbound prefix
04:41 +822 ~2 -2: C:/Users/Colby/Documents/Codex/2026-10-01/v2rayn-flclash-rust-v2rayn/apps/desktop/test/fix03b_custom_browse_test.dart: custom editor Browse outbound empty remarks gets the outbound prefix
04:41 +823 ~2 -2: C:/Users/Colby/Documents/Codex/2026-10-01/v2rayn-flclash-rust-v2rayn/apps/desktop/test/fix03b_custom_browse_test.dart: custom editor Browse outbound empty remarks gets the outbound prefix
04:41 +824 ~2 -2: C:/Users/Colby/Documents/Codex/2026-10-01/v2rayn-flclash-rust-v2rayn/apps/desktop/test/fix03b_custom_browse_test.dart: custom editor Browse outbound empty remarks gets the outbound prefix
04:42 +825 ~2 -2: C:/Users/Colby/Documents/Codex/2026-10-01/v2rayn-flclash-rust-v2rayn/apps/desktop/test/fix03b_custom_browse_test.dart: custom editor Browse outbound empty remarks gets the outbound prefix
04:42 +826 ~2 -2: C:/Users/Colby/Documents/Codex/2026-10-01/v2rayn-flclash-rust-v2rayn/apps/desktop/test/fix03b_custom_browse_test.dart: custom editor Browse outbound empty remarks gets the outbound prefix
04:42 +827 ~2 -2: C:/Users/Colby/Documents/Codex/2026-10-01/v2rayn-flclash-rust-v2rayn/apps/desktop/test/fix03b_custom_browse_test.dart: custom editor Browse outbound empty remarks gets the outbound prefix
04:42 +828 ~2 -2: C:/Users/Colby/Documents/Codex/2026-10-01/v2rayn-flclash-rust-v2rayn/apps/desktop/test/fix03b_custom_browse_test.dart: custom editor Browse outbound empty remarks gets the outbound prefix
04:42 +829 ~2 -2: C:/Users/Colby/Documents/Codex/2026-10-01/v2rayn-flclash-rust-v2rayn/apps/desktop/test/fix03b_custom_browse_test.dart: custom editor Browse outbound empty remarks gets the outbound prefix
04:43 +830 ~2 -2: C:/Users/Colby/Documents/Codex/2026-10-01/v2rayn-flclash-rust-v2rayn/apps/desktop/test/fix03b_custom_browse_test.dart: custom editor Browse outbound empty remarks gets the outbound prefix
04:43 +831 ~2 -2: C:/Users/Colby/Documents/Codex/2026-10-01/v2rayn-flclash-rust-v2rayn/apps/desktop/test/fix03b_custom_browse_test.dart: custom editor Browse outbound empty remarks gets the outbound prefix
04:44 +832 ~2 -2: C:/Users/Colby/Documents/Codex/2026-10-01/v2rayn-flclash-rust-v2rayn/apps/desktop/test/fix03b_custom_browse_test.dart: custom editor Browse outbound empty remarks gets the outbound prefix
04:44 +833 ~2 -2: C:/Users/Colby/Documents/Codex/2026-10-01/v2rayn-flclash-rust-v2rayn/apps/desktop/test/fix03b_custom_browse_test.dart: custom editor Browse outbound empty remarks gets the outbound prefix
04:45 +834 ~2 -2: C:/Users/Colby/Documents/Codex/2026-10-01/v2rayn-flclash-rust-v2rayn/apps/desktop/test/fix03b_custom_browse_test.dart: custom editor Browse outbound empty remarks gets the outbound prefix
04:46 +835 ~2 -2: C:/Users/Colby/Documents/Codex/2026-10-01/v2rayn-flclash-rust-v2rayn/apps/desktop/test/fix03b_custom_browse_test.dart: custom editor Browse outbound empty remarks gets the outbound prefix
04:46 +836 ~2 -2: C:/Users/Colby/Documents/Codex/2026-10-01/v2rayn-flclash-rust-v2rayn/apps/desktop/test/fix03b_custom_browse_test.dart: custom editor Browse outbound empty remarks gets the outbound prefix
04:46 +837 ~2 -2: C:/Users/Colby/Documents/Codex/2026-10-01/v2rayn-flclash-rust-v2rayn/apps/desktop/test/fix03b_custom_browse_test.dart: custom editor Browse outbound empty remarks gets the outbound prefix
04:46 +838 ~2 -2: C:/Users/Colby/Documents/Codex/2026-10-01/v2rayn-flclash-rust-v2rayn/apps/desktop/test/fix03b_custom_browse_test.dart: custom editor Browse outbound empty remarks gets the outbound prefix
04:46 +839 ~2 -2: C:/Users/Colby/Documents/Codex/2026-10-01/v2rayn-flclash-rust-v2rayn/apps/desktop/test/fix03b_custom_browse_test.dart: custom editor Browse outbound empty remarks gets the outbound prefix
04:46 +840 ~2 -2: C:/Users/Colby/Documents/Codex/2026-10-01/v2rayn-flclash-rust-v2rayn/apps/desktop/test/fix03b_custom_browse_test.dart: custom editor Browse outbound empty remarks gets the outbound prefix
04:46 +841 ~2 -2: C:/Users/Colby/Documents/Codex/2026-10-01/v2rayn-flclash-rust-v2rayn/apps/desktop/test/fix03b_custom_browse_test.dart: custom editor Browse outbound empty remarks gets the outbound prefix
04:48 +842 ~2 -2: C:/Users/Colby/Documents/Codex/2026-10-01/v2rayn-flclash-rust-v2rayn/apps/desktop/test/fix03b_custom_browse_test.dart: custom editor Browse outbound empty remarks gets the outbound prefix
04:48 +843 ~2 -2: C:/Users/Colby/Documents/Codex/2026-10-01/v2rayn-flclash-rust-v2rayn/apps/desktop/test/fix03b_custom_browse_test.dart: custom editor Browse outbound empty remarks gets the outbound prefix
04:48 +844 ~2 -2: C:/Users/Colby/Documents/Codex/2026-10-01/v2rayn-flclash-rust-v2rayn/apps/desktop/test/fix03b_custom_browse_test.dart: custom editor Browse outbound empty remarks gets the outbound prefix
04:48 +845 ~2 -2: C:/Users/Colby/Documents/Codex/2026-10-01/v2rayn-flclash-rust-v2rayn/apps/desktop/test/fix03b_custom_browse_test.dart: custom editor Browse outbound empty remarks gets the outbound prefix
04:48 +846 ~2 -2: C:/Users/Colby/Documents/Codex/2026-10-01/v2rayn-flclash-rust-v2rayn/apps/desktop/test/fix03b_custom_browse_test.dart: custom editor Browse outbound empty remarks gets the outbound prefix
04:48 +847 ~2 -2: C:/Users/Colby/Documents/Codex/2026-10-01/v2rayn-flclash-rust-v2rayn/apps/desktop/test/fix03b_custom_browse_test.dart: custom editor Browse outbound empty remarks gets the outbound prefix
04:50 +848 ~2 -2: C:/Users/Colby/Documents/Codex/2026-10-01/v2rayn-flclash-rust-v2rayn/apps/desktop/test/fix03b_custom_browse_test.dart: custom editor Browse outbound empty remarks gets the outbound prefix
04:50 +849 ~2 -2: C:/Users/Colby/Documents/Codex/2026-10-01/v2rayn-flclash-rust-v2rayn/apps/desktop/test/fix03b_custom_browse_test.dart: custom editor Browse outbound empty remarks gets the outbound prefix
04:50 +850 ~2 -2: C:/Users/Colby/Documents/Codex/2026-10-01/v2rayn-flclash-rust-v2rayn/apps/desktop/test/fix03b_custom_browse_test.dart: custom editor Browse outbound empty remarks gets the outbound prefix
04:51 +851 ~2 -2: C:/Users/Colby/Documents/Codex/2026-10-01/v2rayn-flclash-rust-v2rayn/apps/desktop/test/fix03b_custom_browse_test.dart: custom editor Browse outbound empty remarks gets the outbound prefix
04:52 +852 ~2 -2: C:/Users/Colby/Documents/Codex/2026-10-01/v2rayn-flclash-rust-v2rayn/apps/desktop/test/fix03b_custom_browse_test.dart: custom editor Browse outbound empty remarks gets the outbound prefix
04:52 +853 ~2 -2: C:/Users/Colby/Documents/Codex/2026-10-01/v2rayn-flclash-rust-v2rayn/apps/desktop/test/fix03b_custom_browse_test.dart: custom editor Browse outbound empty remarks gets the outbound prefix
04:52 +854 ~2 -2: C:/Users/Colby/Documents/Codex/2026-10-01/v2rayn-flclash-rust-v2rayn/apps/desktop/test/fix03b_custom_browse_test.dart: custom editor Browse outbound empty remarks gets the outbound prefix
04:52 +855 ~2 -2: C:/Users/Colby/Documents/Codex/2026-10-01/v2rayn-flclash-rust-v2rayn/apps/desktop/test/fix03b_custom_browse_test.dart: custom editor Browse outbound empty remarks gets the outbound prefix
04:52 +855 ~2 -2: C:/Users/Colby/Documents/Codex/2026-10-01/v2rayn-flclash-rust-v2rayn/apps/desktop/test/t21e_import_forms_test.dart: uppercase scheme probe (recorded, no parity claim)
uppercase scheme ok=false code=E_INVALID_ARGUMENT
04:52 +856 ~2 -2: C:/Users/Colby/Documents/Codex/2026-10-01/v2rayn-flclash-rust-v2rayn/apps/desktop/test/fix03b_custom_browse_test.dart: custom editor Browse outbound empty remarks gets the outbound prefix
04:52 +857 ~2 -2: C:/Users/Colby/Documents/Codex/2026-10-01/v2rayn-flclash-rust-v2rayn/apps/desktop/test/fix03b_custom_browse_test.dart: custom editor Browse outbound empty remarks gets the outbound prefix
04:53 +858 ~2 -2: C:/Users/Colby/Documents/Codex/2026-10-01/v2rayn-flclash-rust-v2rayn/apps/desktop/test/fix03b_custom_browse_test.dart: custom editor Browse outbound empty remarks gets the outbound prefix
04:53 +859 ~2 -2: C:/Users/Colby/Documents/Codex/2026-10-01/v2rayn-flclash-rust-v2rayn/apps/desktop/test/fix03b_custom_browse_test.dart: custom editor Browse outbound empty remarks gets the outbound prefix
04:53 +860 ~2 -2: C:/Users/Colby/Documents/Codex/2026-10-01/v2rayn-flclash-rust-v2rayn/apps/desktop/test/fix03b_custom_browse_test.dart: custom editor Browse outbound empty remarks gets the outbound prefix
04:53 +861 ~2 -2: C:/Users/Colby/Documents/Codex/2026-10-01/v2rayn-flclash-rust-v2rayn/apps/desktop/test/fix03b_custom_browse_test.dart: custom editor Browse outbound empty remarks gets the outbound prefix
04:53 +862 ~2 -2: C:/Users/Colby/Documents/Codex/2026-10-01/v2rayn-flclash-rust-v2rayn/apps/desktop/test/fix03b_custom_browse_test.dart: custom editor Browse outbound empty remarks gets the outbound prefix
04:54 +863 ~2 -2: C:/Users/Colby/Documents/Codex/2026-10-01/v2rayn-flclash-rust-v2rayn/apps/desktop/test/fix03b_custom_browse_test.dart: custom editor Browse outbound empty remarks gets the outbound prefix
04:54 +864 ~2 -2: C:/Users/Colby/Documents/Codex/2026-10-01/v2rayn-flclash-rust-v2rayn/apps/desktop/test/fix03b_custom_browse_test.dart: custom editor Browse outbound empty remarks gets the outbound prefix
04:55 +865 ~2 -2: C:/Users/Colby/Documents/Codex/2026-10-01/v2rayn-flclash-rust-v2rayn/apps/desktop/test/fix03b_custom_browse_test.dart: custom editor Browse outbound empty remarks gets the outbound prefix
04:55 +866 ~2 -2: C:/Users/Colby/Documents/Codex/2026-10-01/v2rayn-flclash-rust-v2rayn/apps/desktop/test/fix03b_custom_browse_test.dart: custom editor Browse outbound empty remarks gets the outbound prefix
04:55 +867 ~2 -2: C:/Users/Colby/Documents/Codex/2026-10-01/v2rayn-flclash-rust-v2rayn/apps/desktop/test/fix03b_custom_browse_test.dart: custom editor Browse outbound empty remarks gets the outbound prefix
04:55 +868 ~2 -2: C:/Users/Colby/Documents/Codex/2026-10-01/v2rayn-flclash-rust-v2rayn/apps/desktop/test/fix03b_custom_browse_test.dart: custom editor Browse outbound empty remarks gets the outbound prefix
04:55 +869 ~2 -2: C:/Users/Colby/Documents/Codex/2026-10-01/v2rayn-flclash-rust-v2rayn/apps/desktop/test/fix03b_custom_browse_test.dart: custom editor Browse outbound empty remarks gets the outbound prefix
04:55 +870 ~2 -2: C:/Users/Colby/Documents/Codex/2026-10-01/v2rayn-flclash-rust-v2rayn/apps/desktop/test/fix03b_custom_browse_test.dart: custom editor Browse outbound empty remarks gets the outbound prefix
04:55 +871 ~2 -2: C:/Users/Colby/Documents/Codex/2026-10-01/v2rayn-flclash-rust-v2rayn/apps/desktop/test/fix03b_custom_browse_test.dart: custom editor Browse outbound empty remarks gets the outbound prefix
04:56 +872 ~2 -2: C:/Users/Colby/Documents/Codex/2026-10-01/v2rayn-flclash-rust-v2rayn/apps/desktop/test/fix03b_custom_browse_test.dart: custom editor Browse outbound empty remarks gets the outbound prefix
04:56 +873 ~2 -2: C:/Users/Colby/Documents/Codex/2026-10-01/v2rayn-flclash-rust-v2rayn/apps/desktop/test/fix03b_custom_browse_test.dart: custom editor Browse outbound empty remarks gets the outbound prefix
04:56 +874 ~2 -2: C:/Users/Colby/Documents/Codex/2026-10-01/v2rayn-flclash-rust-v2rayn/apps/desktop/test/fix03b_custom_browse_test.dart: custom editor Browse outbound empty remarks gets the outbound prefix
04:59 +875 ~2 -2: C:/Users/Colby/Documents/Codex/2026-10-01/v2rayn-flclash-rust-v2rayn/apps/desktop/test/fix03b_custom_browse_test.dart: custom editor Browse outbound empty remarks gets the outbound prefix
05:00 +876 ~2 -2: C:/Users/Colby/Documents/Codex/2026-10-01/v2rayn-flclash-rust-v2rayn/apps/desktop/test/fix03b_custom_browse_test.dart: custom editor Browse outbound empty remarks gets the outbound prefix
05:01 +877 ~2 -2: C:/Users/Colby/Documents/Codex/2026-10-01/v2rayn-flclash-rust-v2rayn/apps/desktop/test/fix03b_custom_browse_test.dart: custom editor Browse outbound empty remarks gets the outbound prefix
05:02 +878 ~2 -2: C:/Users/Colby/Documents/Codex/2026-10-01/v2rayn-flclash-rust-v2rayn/apps/desktop/test/fix03b_custom_browse_test.dart: custom editor Browse outbound empty remarks gets the outbound prefix
05:04 +879 ~2 -2: C:/Users/Colby/Documents/Codex/2026-10-01/v2rayn-flclash-rust-v2rayn/apps/desktop/test/fix03b_custom_browse_test.dart: custom editor Browse outbound empty remarks gets the outbound prefix
05:04 +880 ~2 -2: C:/Users/Colby/Documents/Codex/2026-10-01/v2rayn-flclash-rust-v2rayn/apps/desktop/test/fix03b_custom_browse_test.dart: custom editor Browse outbound empty remarks gets the outbound prefix
05:06 +881 ~2 -2: C:/Users/Colby/Documents/Codex/2026-10-01/v2rayn-flclash-rust-v2rayn/apps/desktop/test/fix03b_custom_browse_test.dart: custom editor Browse outbound empty remarks gets the outbound prefix
05:06 +882 ~2 -2: C:/Users/Colby/Documents/Codex/2026-10-01/v2rayn-flclash-rust-v2rayn/apps/desktop/test/fix03b_custom_browse_test.dart: custom editor Browse outbound empty remarks gets the outbound prefix
05:06 +883 ~2 -2: C:/Users/Colby/Documents/Codex/2026-10-01/v2rayn-flclash-rust-v2rayn/apps/desktop/test/fix03b_custom_browse_test.dart: custom editor Browse outbound empty remarks gets the outbound prefix
05:07 +884 ~2 -2: C:/Users/Colby/Documents/Codex/2026-10-01/v2rayn-flclash-rust-v2rayn/apps/desktop/test/fix03b_custom_browse_test.dart: custom editor Browse outbound empty remarks gets the outbound prefix
05:10 +885 ~2 -2: C:/Users/Colby/Documents/Codex/2026-10-01/v2rayn-flclash-rust-v2rayn/apps/desktop/test/fix03b_custom_browse_test.dart: custom editor Browse outbound empty remarks gets the outbound prefix
05:14 +886 ~2 -2: C:/Users/Colby/Documents/Codex/2026-10-01/v2rayn-flclash-rust-v2rayn/apps/desktop/test/fix03b_custom_browse_test.dart: custom editor Browse outbound empty remarks gets the outbound prefix
05:16 +887 ~2 -2: C:/Users/Colby/Documents/Codex/2026-10-01/v2rayn-flclash-rust-v2rayn/apps/desktop/test/fix03b_custom_browse_test.dart: custom editor Browse outbound empty remarks gets the outbound prefix
05:17 +888 ~2 -2: C:/Users/Colby/Documents/Codex/2026-10-01/v2rayn-flclash-rust-v2rayn/apps/desktop/test/fix03b_custom_browse_test.dart: custom editor Browse outbound empty remarks gets the outbound prefix
05:17 +889 ~2 -2: C:/Users/Colby/Documents/Codex/2026-10-01/v2rayn-flclash-rust-v2rayn/apps/desktop/test/fix03b_custom_browse_test.dart: custom editor Browse outbound empty remarks gets the outbound prefix
05:17 +890 ~2 -2: C:/Users/Colby/Documents/Codex/2026-10-01/v2rayn-flclash-rust-v2rayn/apps/desktop/test/fix03b_custom_browse_test.dart: custom editor Browse outbound empty remarks gets the outbound prefix
05:18 +891 ~2 -2: C:/Users/Colby/Documents/Codex/2026-10-01/v2rayn-flclash-rust-v2rayn/apps/desktop/test/fix03b_custom_browse_test.dart: custom editor Browse outbound empty remarks gets the outbound prefix
05:18 +892 ~2 -2: C:/Users/Colby/Documents/Codex/2026-10-01/v2rayn-flclash-rust-v2rayn/apps/desktop/test/fix03b_custom_browse_test.dart: custom editor Browse outbound empty remarks gets the outbound prefix
05:18 +893 ~2 -2: C:/Users/Colby/Documents/Codex/2026-10-01/v2rayn-flclash-rust-v2rayn/apps/desktop/test/fix03b_custom_browse_test.dart: custom editor Browse outbound empty remarks gets the outbound prefix
05:19 +894 ~2 -2: C:/Users/Colby/Documents/Codex/2026-10-01/v2rayn-flclash-rust-v2rayn/apps/desktop/test/fix03b_custom_browse_test.dart: custom editor Browse outbound empty remarks gets the outbound prefix
05:19 +895 ~2 -2: C:/Users/Colby/Documents/Codex/2026-10-01/v2rayn-flclash-rust-v2rayn/apps/desktop/test/fix03b_custom_browse_test.dart: custom editor Browse outbound empty remarks gets the outbound prefix
05:19 +896 ~2 -2: C:/Users/Colby/Documents/Codex/2026-10-01/v2rayn-flclash-rust-v2rayn/apps/desktop/test/fix03b_custom_browse_test.dart: custom editor Browse outbound empty remarks gets the outbound prefix
05:19 +897 ~2 -2: C:/Users/Colby/Documents/Codex/2026-10-01/v2rayn-flclash-rust-v2rayn/apps/desktop/test/fix03b_custom_browse_test.dart: custom editor Browse outbound empty remarks gets the outbound prefix
05:22 +898 ~2 -2: C:/Users/Colby/Documents/Codex/2026-10-01/v2rayn-flclash-rust-v2rayn/apps/desktop/test/fix03b_custom_browse_test.dart: custom editor Browse outbound empty remarks gets the outbound prefix
05:22 +898 ~2 -2: C:/Users/Colby/Documents/Codex/2026-10-01/v2rayn-flclash-rust-v2rayn/apps/desktop/test/fix03b_custom_browse_test.dart: custom editor Browse outbound empty remarks gets the outbound prefix - did not complete [E]
05:22 +898 ~2 -2: C:/Users/Colby/Documents/Codex/2026-10-01/v2rayn-flclash-rust-v2rayn/apps/desktop/test/fix03b_custom_browse_test.dart: custom editor Browse cancelled picker leaves the draft untouched - did not complete [E]
05:22 +898 ~2 -2: C:/Users/Colby/Documents/Codex/2026-10-01/v2rayn-flclash-rust-v2rayn/apps/desktop/test/fix03b_custom_browse_test.dart: custom editor Browse failed import keeps Address and shows a file error - did not complete [E]
05:22 +898 ~2 -2: C:/Users/Colby/Documents/Codex/2026-10-01/v2rayn-flclash-rust-v2rayn/apps/desktop/test/fix03b_custom_browse_test.dart: custom editor Browse non-empty remarks are not overwritten on browse - did not complete [E]
05:22 +898 ~2 -2: C:/Users/Colby/Documents/Codex/2026-10-01/v2rayn-flclash-rust-v2rayn/apps/desktop/test/fix03b_custom_browse_test.dart: custom editor Edit relative Address resolves under dataDir/config - did not complete [E]
05:22 +898 ~2 -2: C:/Users/Colby/Documents/Codex/2026-10-01/v2rayn-flclash-rust-v2rayn/apps/desktop/test/fix03b_custom_browse_test.dart: custom editor Edit absolute Address is opened directly - did not complete [E]
05:22 +898 ~2 -2: C:/Users/Colby/Documents/Codex/2026-10-01/v2rayn-flclash-rust-v2rayn/apps/desktop/test/fix03b_custom_browse_test.dart: custom editor Edit missing file shows an explicit error - did not complete [E]
05:22 +898 ~2 -2: C:/Users/Colby/Documents/Codex/2026-10-01/v2rayn-flclash-rust-v2rayn/apps/desktop/test/fix03b_custom_browse_test.dart: custom editor Edit empty Address is rejected before opening - did not complete [E]
05:22 +898 ~2 -2: C:/Users/Colby/Documents/Codex/2026-10-01/v2rayn-flclash-rust-v2rayn/apps/desktop/test/fix08_option_error_test.dart: option save with an invalid port stays open with an error - did not complete [E]
05:22 +898 ~2 -2: C:/Users/Colby/Documents/Codex/2026-10-01/v2rayn-flclash-rust-v2rayn/apps/desktop/test/profiles_drag_scroll_up_test.dart: drag back above the top edge scrolls up to the first row - did not complete [E]
05:22 +898 ~2 -2: C:/Users/Colby/Documents/Codex/2026-10-01/v2rayn-flclash-rust-v2rayn/apps/desktop/test/profiles_drag_select_up_test.dart: drag upward selects the reversed range - did not complete [E]
05:22 +898 ~2 -2: C:/Users/Colby/Documents/Codex/2026-10-01/v2rayn-flclash-rust-v2rayn/apps/desktop/test/profiles_render_test.dart: renders 10k rows in a real virtualized table - did not complete [E]
05:22 +898 ~2 -2: C:/Users/Colby/Documents/Codex/2026-10-01/v2rayn-flclash-rust-v2rayn/apps/desktop/test/profiles_select_basic_test.dart: single, ctrl, shift and select-all selection - did not complete [E]
05:22 +898 ~2 -2: C:/Users/Colby/Documents/Codex/2026-10-01/v2rayn-flclash-rust-v2rayn/apps/desktop/test/profiles_share_shortcut_empty_test.dart: empty selection keeps upstream Ctrl+C silence and Ctrl+F notice - did not complete [E]
05:22 +898 ~2 -2: C:/Users/Colby/Documents/Codex/2026-10-01/v2rayn-flclash-rust-v2rayn/apps/desktop/test/r3_visual_dpi_shell_100_test.dart: main shell survives 100% DPI scaling - did not complete [E]
05:22 +898 ~2 -2: C:/Users/Colby/Documents/Codex/2026-10-01/v2rayn-flclash-rust-v2rayn/apps/desktop/test/r3_visual_dpi_shell_125_test.dart: main shell survives 125% DPI scaling - did not complete [E]
05:22 +898 ~2 -2: C:/Users/Colby/Documents/Codex/2026-10-01/v2rayn-flclash-rust-v2rayn/apps/desktop/test/r3_visual_dpi_shell_200_test.dart: main shell survives 200% DPI scaling - did not complete [E]
05:22 +898 ~2 -2: C:/Users/Colby/Documents/Codex/2026-10-01/v2rayn-flclash-rust-v2rayn/apps/desktop/test/r3_visual_dpi_windows_test.dart: settings/routing windows survive the 100-200% DPI matrix - did not complete [E]
05:22 +898 ~2 -2: C:/Users/Colby/Documents/Codex/2026-10-01/v2rayn-flclash-rust-v2rayn/apps/desktop/test/r3_wpf_routing_window_test.dart: renders the Wave K structure from the host snapshot - did not complete [E]
05:22 +898 ~2 -2: C:/Users/Colby/Documents/Codex/2026-10-01/v2rayn-flclash-rust-v2rayn/apps/desktop/test/r3_wpf_routing_window_test.dart: 确定 relays the whole draft to the host then closes - did not complete [E]
05:22 +898 ~2 -2: C:/Users/Colby/Documents/Codex/2026-10-01/v2rayn-flclash-rust-v2rayn/apps/desktop/test/r3_wpf_routing_window_test.dart: editing a scheme feeds back into the relayed draft - did not complete [E]
05:22 +898 ~2 -2: C:/Users/Colby/Documents/Codex/2026-10-01/v2rayn-flclash-rust-v2rayn/apps/desktop/test/r3_wpf_routing_window_test.dart: 取消 discards the draft: no save, window closes - did not complete [E]
05:22 +898 ~2 -2: C:/Users/Colby/Documents/Codex/2026-10-01/v2rayn-flclash-rust-v2rayn/apps/desktop/test/r3_wpf_routing_window_test.dart: Esc closes without writing the draft - did not complete [E]
05:22 +898 ~2 -2: C:/Users/Colby/Documents/Codex/2026-10-01/v2rayn-flclash-rust-v2rayn/apps/desktop/test/r3_wpf_routing_window_test.dart: a failed save keeps the window open and shows the error - did not complete [E]
05:22 +898 ~2 -2: C:/Users/Colby/Documents/Codex/2026-10-01/v2rayn-flclash-rust-v2rayn/apps/desktop/test/r4_07_contract_test.dart: context menu lifecycle and captured target - did not complete [E]
05:22 +898 ~2 -2: C:/Users/Colby/Documents/Codex/2026-10-01/v2rayn-flclash-rust-v2rayn/apps/desktop/test/r4_08_contract_test.dart: click is immediate, modifier frozen, command target correct - did not complete [E]
05:22 +898 ~2 -2: C:/Users/Colby/Documents/Codex/2026-10-01/v2rayn-flclash-rust-v2rayn/apps/desktop/test/r4_12_contract_test.dart: R4-12 three main layouts main shell keeps table, menu and status bar in each layout - did not complete [E]
05:22 +898 ~2 -2: C:/Users/Colby/Documents/Codex/2026-10-01/v2rayn-flclash-rust-v2rayn/apps/desktop/test/r4_12_contract_test.dart: R4-12 read failure is not an empty draft settings: throwing load shows an error and no 确定 - did not complete [E]
05:22 +898 ~2 -2: C:/Users/Colby/Documents/Codex/2026-10-01/v2rayn-flclash-rust-v2rayn/apps/desktop/test/r4_12_contract_test.dart: R4-12 read failure is not an empty draft settings: empty snapshot is treated as a failed read - did not complete [E]
05:22 +898 ~2 -2: C:/Users/Colby/Documents/Codex/2026-10-01/v2rayn-flclash-rust-v2rayn/apps/desktop/test/r4_12_contract_test.dart: R4-12 read failure is not an empty draft routing: throwing load shows an error and no 确定 - did not complete [E]
05:22 +898 ~2 -2: C:/Users/Colby/Documents/Codex/2026-10-01/v2rayn-flclash-rust-v2rayn/apps/desktop/test/r4_12_contract_test.dart: R4-12 sub-editor/immediate commit survives whole-window cancel sub-editor 确定 commits immediately; 取消 keeps it - did not complete [E]
05:22 +898 ~2 -2: C:/Users/Colby/Documents/Codex/2026-10-01/v2rayn-flclash-rust-v2rayn/apps/desktop/test/r4_12_contract_test.dart: R4-12 sub-editor/immediate commit survives whole-window cancel strategy change commits immediately - did not complete [E]
05:22 +898 ~2 -2: C:/Users/Colby/Documents/Codex/2026-10-01/v2rayn-flclash-rust-v2rayn/apps/desktop/test/r4_18_p02_contract_test.dart: R4-18.P02 save -> reopen keeps flow + encryption=none - did not complete [E]
05:22 +898 ~2 -2: C:/Users/Colby/Documents/Codex/2026-10-01/v2rayn-flclash-rust-v2rayn/apps/desktop/test/r4_18_p02_contract_test.dart: R4-18.P02 Reality is offered and reveals its fields - did not complete [E]
05:22 +898 ~2 -2: C:/Users/Colby/Documents/Codex/2026-10-01/v2rayn-flclash-rust-v2rayn/apps/desktop/test/r4_18_p02_contract_test.dart: R4-18.P02 cancel writes nothing - did not complete [E]
05:22 +898 ~2 -2: C:/Users/Colby/Documents/Codex/2026-10-01/v2rayn-flclash-rust-v2rayn/apps/desktop/test/r4_18_p03_contract_test.dart: R4-18.P03 save -> reopen keeps method + uot - did not complete [E]
05:22 +898 ~2 -2: C:/Users/Colby/Documents/Codex/2026-10-01/v2rayn-flclash-rust-v2rayn/apps/desktop/test/r4_18_p03_contract_test.dart: R4-18.P03 empty method is a visible required error - did not complete [E]
05:22 +898 ~2 -2: C:/Users/Colby/Documents/Codex/2026-10-01/v2rayn-flclash-rust-v2rayn/apps/desktop/test/r4_18_p03_contract_test.dart: R4-18.P03 cancel writes nothing - did not complete [E]
05:22 +898 ~2 -2: C:/Users/Colby/Documents/Codex/2026-10-01/v2rayn-flclash-rust-v2rayn/apps/desktop/test/r4_18_p04_contract_test.dart: R4-18.P04 missing address is a visible error - did not complete [E]
05:22 +898 ~2 -2: C:/Users/Colby/Documents/Codex/2026-10-01/v2rayn-flclash-rust-v2rayn/apps/desktop/test/r4_18_p11_contract_test.dart: P11 missing password is a visible error - did not complete [E]
05:22 +898 ~2 -2: C:/Users/Colby/Documents/Codex/2026-10-01/v2rayn-flclash-rust-v2rayn/apps/desktop/test/r4_18_p11_contract_test.dart: P11 cancel never saves - did not complete [E]
05:22 +898 ~2 -2: C:/Users/Colby/Documents/Codex/2026-10-01/v2rayn-flclash-rust-v2rayn/apps/desktop/test/r4_18_p11_contract_test.dart: P11 Naive keeps TLS, no Reality, sing-box only, no transport - did not complete [E]
05:22 +898 ~2 -2: C:/Users/Colby/Documents/Codex/2026-10-01/v2rayn-flclash-rust-v2rayn/apps/desktop/test/recheck_r3_prof_menu_target_a_test.dart: right-click set-active targets the captured main row - did not complete [E]
05:22 +898 ~2 -2: C:/Users/Colby/Documents/Codex/2026-10-01/v2rayn-flclash-rust-v2rayn/apps/desktop/test/repair/r4_08_repro_test.dart: UF13 immediate selection and keyboard target - did not complete [E]
05:22 +898 ~2 -2: C:/Users/Colby/Documents/Codex/2026-10-01/v2rayn-flclash-rust-v2rayn/apps/desktop/test/repair/r4_11_repro_test.dart: R4-11 default: null/empty group falls back to upstream defaults - did not complete [E]
05:22 +898 ~2 -2: C:/Users/Colby/Documents/Codex/2026-10-01/v2rayn-flclash-rust-v2rayn/apps/desktop/test/t06a_editor_error_test.dart: rejected save preserves input and shows field error - did not complete [E]
05:22 +898 ~2 -2: C:/Users/Colby/Documents/Codex/2026-10-01/v2rayn-flclash-rust-v2rayn/apps/desktop/test/t10_template_window_test.dart: template window rejects invalid json - did not complete [E]
05:22 +898 ~2 -2: C:/Users/Colby/Documents/Codex/2026-10-01/v2rayn-flclash-rust-v2rayn/apps/desktop/test/t10_template_window_test.dart: template window cancel saves nothing - did not complete [E]
05:22 +898 ~2 -2: C:/Users/Colby/Documents/Codex/2026-10-01/v2rayn-flclash-rust-v2rayn/apps/desktop/test/t10_template_window_test.dart: template window saves both rows with flags - did not complete [E]
05:22 +898 ~2 -2: C:/Users/Colby/Documents/Codex/2026-10-01/v2rayn-flclash-rust-v2rayn/apps/desktop/test/t11_menu_test.dart: menu opens the routing window; status bar shows the switch - did not complete [E]
05:22 +898 ~2 -2: C:/Users/Colby/Documents/Codex/2026-10-01/v2rayn-flclash-rust-v2rayn/apps/desktop/test/t12a_option_window_test.dart: option window: 5 upstream tabs, linkage, retained sections, cancel - did not complete [E]
05:22 +898 ~2 -2: C:/Users/Colby/Documents/Codex/2026-10-01/v2rayn-flclash-rust-v2rayn/apps/desktop/test/ux_parity_fix01_gen_group_guard_test.dart: a group switch while the menu is open does not retarget it - did not complete [E]
05:22 +898 ~2 -2: Some tests failed.

Failing tests:
  C:/Users/Colby/Documents/Codex/2026-10-01/v2rayn-flclash-rust-v2rayn/apps/desktop/test/fix03b_custom_browse_test.dart: custom editor Browse cancelled picker leaves the draft untouched (did not complete)
  C:/Users/Colby/Documents/Codex/2026-10-01/v2rayn-flclash-rust-v2rayn/apps/desktop/test/fix03b_custom_browse_test.dart: custom editor Browse failed import keeps Address and shows a file error (did not complete)
  C:/Users/Colby/Documents/Codex/2026-10-01/v2rayn-flclash-rust-v2rayn/apps/desktop/test/fix03b_custom_browse_test.dart: custom editor Browse non-empty remarks are not overwritten on browse (did not complete)
  C:/Users/Colby/Documents/Codex/2026-10-01/v2rayn-flclash-rust-v2rayn/apps/desktop/test/fix03b_custom_browse_test.dart: custom editor Browse outbound empty remarks gets the outbound prefix (did not complete)
  ... and 50 more
